commit 2e4417d17d2ce9150957d5aa6b4383fc7f99504b
Merge: 0aaf819 c6446cf
Author: wangqi <wang.qi@qikuyx.com>
Date:   Fri Sep 18 09:58:08 2026 -0400

    Merge with latest remote main branch: tag-20260918

commit 0aaf81984eef42e5c71e0ea0e9aabf6ad37e10d9
Author: wangqi <wang.qi@qikuyx.com>
Date:   Thu Sep 17 20:06:22 2026 -0400

    Admit bits=1 in the supportedBits allow-list so PrismML 1-bit models load

diff --git a/Libraries/MLXLMCommon/Load.swift b/Libraries/MLXLMCommon/Load.swift
index bb34941..008f4c3 100644
--- a/Libraries/MLXLMCommon/Load.swift
+++ b/Libraries/MLXLMCommon/Load.swift
@@ -418,7 +418,10 @@ public func loadWeights(
         // Validate bits before quantizing to avoid a fatal error from the MLX C++ layer.
         // Supported bits are 2, 3, 4, 5, 6 and 8.
         // wangqi modified 2026-03-31
-        let supportedBits: Set<Int> = [2, 3, 4, 5, 6, 8]
+        // Admit bits=1: the self-managed thirdparty/mlx fork (prism-1bit-0.31.1) carries the
+        // PrismML 1-bit affine-quantization patch, so affine_quantize accepts bits=1 and this
+        // allow-list is what now rejects it, not the C++ layer. // wangqi modified 2026-09-17
+        let supportedBits: Set<Int> = [1, 2, 3, 4, 5, 6, 8]
         var bitsToCheck: [Int] = []
         if let q = quantization { bitsToCheck.append(q.bits) }
         if let plq = perLayerQuantization {
diff --git a/UPGRADING.md b/UPGRADING.md
index 2247473..d02d637 100644
--- a/UPGRADING.md
+++ b/UPGRADING.md
@@ -80,7 +80,28 @@ place with `// wangqi modified YYYY-MM-DD`, so `git diff` against the upstream t
 The rest of the fork surface is: `fallbackToolCallParser` threading (Evaluate → ToolCallFormat →
 StandardTokenStreamDecoder → ToolCallProcessor), the `pendingOutput` invisible-start-tag buffer, the
 Pythonic JSON fallback, `Gemma4FunctionParser`, `ModelLoadError.directoryNotAccessible`, the
-`QuantizationBitsError` guard, MLXLogCollector tracing, and the two ChatSession changes below.
+`QuantizationBitsError` guard (see below — **it must keep admitting bits=1**), MLXLogCollector
+tracing, and the two ChatSession changes below.
+
+### `Libraries/MLXLMCommon/Load.swift` — `supportedBits` must include 1 (2026-09-17)
+
+```swift
+let supportedBits: Set<Int> = [1, 2, 3, 4, 5, 6, 8]
+```
+
+Added 2026-03-31 as `[2, 3, 4, 5, 6, 8]`, to stop the then-unpatched C++ layer from hard-crashing on
+an unsupported width. It became wrong on 2026-06-22, when `thirdparty/mlx` (`prism-1bit-0.31.1`)
+gained the PrismML patch and `affine_quantize` started accepting `bits=1` — the allow-list kept
+rejecting a case the kernels handled, and because `QuantizationBitsError.errorDescription` reproduces
+upstream's wording verbatim ("The supported bits are 2, 3, 4, 5, 6 and 8") the throw read as a
+*kernel* failure for three months. Widened 2026-09-17; `Bonsai-4B-mlx-1bit` then loaded and generated
+correctly at 50.4 tok/s decode.
+
+**On upgrade:** if a merge restores the upstream-shaped list, or drops the guard and lets the C++
+layer throw, 1-bit model loading breaks again with a message that blames the kernels.
+`testcases/ai/BonsaiLowBitInferenceTests.testBinary4BInferenceCoherentAndBenchmarks` is the gate —
+run it on macOS/Metal after any merge that touches `Load.swift`. Keep the guard (it is still correct
+for widths a future base genuinely will not support); just keep `1` in the set.
 
 ### `Libraries/MLXLMCommon/ChatSession.swift` (2026-08-24)
 

commit c6446cf7bfb7cea76408013b614d4b2c530eaa03
Author: Joshua Langberg <negativetime@comcast.net>
Date:   Tue Sep 15 18:26:23 2026 -0400

    Clear the MLX cache on the first generated token (#620)
    
    TokenIterator.next() cleared the buffer cache when tokenCount % 256 == 0,
    but checked after incrementing tokenCount, so the first clear came at
    token 256. mlx-lm checks before incrementing and also clears on the first
    token, right after prefill. A generation shorter than 256 tokens never
    cleared, so repeated short requests grew the cache without bound.
    
    Co-authored-by: Joshua Langberg <negativetime@me.com>

diff --git a/Libraries/MLXLMCommon/Evaluate.swift b/Libraries/MLXLMCommon/Evaluate.swift
index 065a458..160d99d 100644
--- a/Libraries/MLXLMCommon/Evaluate.swift
+++ b/Libraries/MLXLMCommon/Evaluate.swift
@@ -949,15 +949,15 @@ public struct TokenIterator: TokenIteratorProtocol {
             // way in its generation loop.
             asyncEval([token] + cache.flatMap { $0.state })
 
-            tokenCount += 1
-
             // Periodically return freed buffers that cannot be reused (odd or
             // monotonically growing sizes accumulate in the pool otherwise).
-            // Matches mlx-lm's clear cadence.
+            // Matches mlx-lm, which also clears on the first token, after prefill.
             if tokenCount % 256 == 0 {
                 MLX.Memory.clearCache()
             }
 
+            tokenCount += 1
+
             return previousY.tokens.item(Int.self)
         }
     }
diff --git a/Tests/MLXLMTests/TokenIteratorClearCacheTests.swift b/Tests/MLXLMTests/TokenIteratorClearCacheTests.swift
new file mode 100644
index 0000000..8368f07
--- /dev/null
+++ b/Tests/MLXLMTests/TokenIteratorClearCacheTests.swift
@@ -0,0 +1,40 @@
+// Copyright © 2026 Apple Inc.
+
+import MLX
+import MLXLLM
+import MLXLMCommon
+import MLXNN
+import XCTest
+
+final class TokenIteratorClearCacheTests: XCTestCase {
+
+    private func makeTinyModel() -> LlamaModel {
+        let config = LlamaConfiguration(
+            hiddenSize: 64, hiddenLayers: 4, intermediateSize: 128,
+            attentionHeads: 8, rmsNormEps: 0.00001, vocabularySize: 100, kvHeads: 4)
+        let model = LlamaModel(config)
+        quantize(model: model, groupSize: 64, bits: 4)
+        eval(model)
+        return model
+    }
+
+    // Short generations never reach token 256, so the first token must clear the cache too,
+    // as mlx-lm does. Otherwise each request leaves its buffers in the cache.
+    func testFirstTokenClearsBufferCache() throws {
+        let model = makeTinyModel()
+        var iterator = try TokenIterator(
+            input: LMInput(tokens: MLXArray([1, 2, 3, 4, 5])), model: model,
+            parameters: GenerateParameters(maxTokens: 8))
+
+        let seeded = 256 * 1024 * 1024
+        do {
+            let buffer = MLXArray.zeros([seeded], dtype: .uint8) + 1
+            eval(buffer)
+        }
+        XCTAssertGreaterThanOrEqual(Memory.cacheMemory, seeded)
+
+        _ = iterator.next()
+
+        XCTAssertLessThan(Memory.cacheMemory, seeded / 4)
+    }
+}

commit 3e6ea1ede1596f05c1715d6b82567619276e98f0
Author: NivDvir <30941690+NivDvir@users.noreply.github.com>
Date:   Mon Sep 14 19:41:33 2026 +0300

    Reuse the KV cache for append-only media turns (#515)
    
    A turn that adds a new image to an unchanged transcript extends the cached
    prefix exactly as a text turn does, but #472 excludes every media turn from
    reuse, so it re-prefills the whole transcript and re-runs the vision tower
    over every cached image.
    
    Add PreparedInputSplitting, an opt-in protocol for models that can split
    their prepared input at a token boundary and keep only the suffix's media.
    AppendOnlyMediaRule fires when the turn carries new media, extends the
    cached prefix, and no speculative decoding is configured; ChatSession asks
    the model to split, verifies the returned tokens against the boundary, and
    downgrades to .rebuild otherwise.
    
    Qwen2.5-VL conforms: its vision mask isolates each frame, so dropping a
    cached image leaves the remaining features unchanged (tested on a tiny
    random-weight model). Qwen2-VL attends across images and does not conform;
    the same test shows the divergence. Video, temporal grids, audio,
    precomputed position ids, non-uniform masks, and boundaries inside a media
    block are refused and rebuild as before. No other model changes.

diff --git a/Libraries/MLXLMCommon/ChatSession.swift b/Libraries/MLXLMCommon/ChatSession.swift
index 9778a76..f032706 100644
--- a/Libraries/MLXLMCommon/ChatSession.swift
+++ b/Libraries/MLXLMCommon/ChatSession.swift
@@ -1106,7 +1106,8 @@ public final class ChatSession {
                                 previousGenerationUncommittedTokens:
                                     currentConversation.uncommittedTokens,
                                 structuredToolCallCount: structuredToolCallCount,
-                                usesSpeculativeDecoding: speculativeDecoding != nil)
+                                usesSpeculativeDecoding: speculativeDecoding != nil,
+                                canSplitPreparedMedia: model is PreparedInputSplitting)
                             let cacheState = PromptCacheState(
                                 cachedTokens: cachedTokenIds,
                                 processedTokenCount: kvCache.processedTokenCount,
@@ -1140,6 +1141,28 @@ public final class ChatSession {
                                 }
                             }
 
+                            // Splitting a prepared input is the other decision that
+                            // can fail while being applied: only the model can carve
+                            // a media-carrying suffix, and it declines any boundary
+                            // it cannot prove equivalent to a cold prefill. Verify
+                            // and downgrade to a rebuild before prefilling.
+                            var mediaSuffixInput: LMInput?
+                            if case .appendMediaSuffix(let suffixStart, _) = decision {
+                                let splitInput = (model as? PreparedInputSplitting)?
+                                    .splitPreparedInput(
+                                        preparedInput, droppingFirst: suffixStart)
+                                // Only the exact tokens the boundary names may be prefilled;
+                                // the ledger below advances on the strength of that boundary.
+                                if let splitInput,
+                                    splitInput.text.tokens.asArray(Int.self)
+                                        == Array(promptTokenIds[suffixStart...])
+                                {
+                                    mediaSuffixInput = splitInput
+                                } else {
+                                    decision = .rebuild
+                                }
+                            }
+
                             switch decision {
                             case .prefillAll:
                                 break
@@ -1159,6 +1182,14 @@ public final class ChatSession {
                                 draftKVCache = nil
                                 requiresMainOnlyContinuation = true
 
+                            case .appendMediaSuffix(let suffixStart, _):
+                                // A declined split was downgraded to `.rebuild`
+                                // above, so this is always populated here.
+                                if let mediaSuffixInput {
+                                    input = mediaSuffixInput
+                                }
+                                cachedPromptTokenCount = suffixStart
+
                             case .trimToCommonPrefix(let commonPrefixLength, _):
                                 input = LMInput(
                                     tokens: MLXArray(
@@ -1183,7 +1214,8 @@ public final class ChatSession {
                             // keep generated tokens the cold render cannot reproduce.
                             switch decision {
                             case .appendSuffix(_, let representedTokens),
-                                .appendSuffixToMain(_, let representedTokens):
+                                .appendSuffixToMain(_, let representedTokens),
+                                .appendMediaSuffix(_, let representedTokens):
                                 currentConversation.cachedTokens = representedTokens
                             case .prefillAll, .trimToCommonPrefix, .rebuild:
                                 currentConversation.cachedTokens = promptTokenIds
diff --git a/Libraries/MLXLMCommon/PreparedInputSplitting.swift b/Libraries/MLXLMCommon/PreparedInputSplitting.swift
new file mode 100644
index 0000000..af55bdb
--- /dev/null
+++ b/Libraries/MLXLMCommon/PreparedInputSplitting.swift
@@ -0,0 +1,30 @@
+// Copyright © 2026 Apple Inc.
+
+import Foundation
+
+/// A model that can split its own prepared input at a token boundary, keeping
+/// only the media whose placeholders fall in the suffix.
+///
+/// Conform only if the media encoder computes each item's features independently
+/// of the others; otherwise dropping cached items changes the features of the
+/// items that remain. `Qwen25VL` masks each frame to itself and conforms;
+/// `Qwen2VL` attends across the whole buffer and does not.
+public protocol PreparedInputSplitting {
+
+    /// Return the suffix of `input` that begins at `prefixTokenCount`, carrying only
+    /// the media whose placeholder tokens lie inside that suffix.
+    ///
+    /// Returning `nil` means the input cannot be split safely at this boundary and
+    /// the caller must fall back to a full prefill. Implementations should return
+    /// `nil` rather than guess -- in particular when the boundary falls inside a
+    /// media block, when a payload cannot be attributed to individual media items,
+    /// or when the input carries state the implementation does not know how to slice.
+    ///
+    /// - Parameters:
+    ///   - input: the prepared input for the full prompt
+    ///   - prefixTokenCount: number of leading tokens already represented in the cache
+    /// - Returns: an `LMInput` whose tokens are `input`'s tokens after the first
+    ///   `prefixTokenCount`, with a media payload consistent with those tokens, or
+    ///   `nil` if no such input can be produced.
+    func splitPreparedInput(_ input: LMInput, droppingFirst prefixTokenCount: Int) -> LMInput?
+}
diff --git a/Libraries/MLXLMCommon/PromptCacheReusePolicy.swift b/Libraries/MLXLMCommon/PromptCacheReusePolicy.swift
index 0efc2f4..24df2ad 100644
--- a/Libraries/MLXLMCommon/PromptCacheReusePolicy.swift
+++ b/Libraries/MLXLMCommon/PromptCacheReusePolicy.swift
@@ -26,6 +26,17 @@ enum PromptCacheReuseDecision: Equatable {
     /// turn may rebuild a draft cache from a reproducible prompt.
     case appendSuffixToMain(suffixStart: Int, representedTokens: [Int])
 
+    /// The cache already represents a usable prefix, but this turn introduces
+    /// new media, so a plain token slice would drop the payload that belongs
+    /// to the suffix. Ask the model to split its own prepared input at
+    /// `suffixStart`; afterwards the cache represents `representedTokens`.
+    ///
+    /// Only the model knows which part of a prepared input belongs to the
+    /// suffix, so this decision -- like ``trimToCommonPrefix`` -- can fail while
+    /// being applied. A model that declines the split must be downgraded to
+    /// ``rebuild`` before prefilling.
+    case appendMediaSuffix(suffixStart: Int, representedTokens: [Int])
+
     /// Rewind every cache by `trimCount` (down to `commonPrefixLength`), then
     /// feed `promptTokens[commonPrefixLength...]`.
     case trimToCommonPrefix(commonPrefixLength: Int, trimCount: Int)
@@ -37,7 +48,7 @@ enum PromptCacheReuseDecision: Equatable {
     /// `true` when a non-empty cached prefix is carried into this turn.
     var reusesCachedPrefix: Bool {
         switch self {
-        case .appendSuffix, .appendSuffixToMain, .trimToCommonPrefix:
+        case .appendSuffix, .appendSuffixToMain, .appendMediaSuffix, .trimToCommonPrefix:
             return true
         case .prefillAll, .rebuild:
             return false
@@ -88,6 +99,15 @@ struct PromptCacheTurn: Sendable {
     /// rules use this to avoid resuming from a private main-cache path with a
     /// missing or divergent draft cache.
     var usesSpeculativeDecoding: Bool = false
+
+    /// The model can split a prepared input into a media-carrying suffix, so an
+    /// append-only media turn has a way to reuse the cached prefix. The session
+    /// reports the capability here rather than the policy inspecting the model,
+    /// which keeps the decision table free of MLX and session types.
+    ///
+    /// Capability is not a guarantee: the split may still be declined for a
+    /// specific input, which the caller handles when applying the decision.
+    var canSplitPreparedMedia: Bool = false
 }
 
 /// What the caches currently hold.
@@ -135,6 +155,7 @@ struct PromptCacheReusePolicy: Sendable {
     /// Rules that apply to every model, in priority order.
     static let standardRules: [any PromptCacheReuseRule] = [
         ExtendCachedPrefixRule(),
+        AppendOnlyMediaRule(),
         RewindToCommonPrefixRule(),
     ]
 
@@ -180,6 +201,40 @@ struct ExtendCachedPrefixRule: PromptCacheReuseRule {
     }
 }
 
+/// Appends the trailing tokens when a turn adds media to an otherwise unchanged
+/// transcript.
+///
+/// An append-only media turn extends the cached prefix exactly as a text turn
+/// does, so ``ExtendCachedPrefixRule`` would accept it but for its
+/// `carriesNewMedia` guard: a plain token slice drops the media payload that
+/// belongs to the suffix. The split itself is the model's job, so this rule only
+/// fires when the session reports the model can perform it.
+///
+/// Unlike ``ExtendCachedPrefixRule`` this rule does **not** require the absence
+/// of an attention mask. A VL processor pairs media with an all-ones mask as a
+/// matter of course, so refusing masks here would disable the path for exactly
+/// the inputs it exists to serve. Distinguishing that benign mask from a real
+/// padding mask needs the model's own layout knowledge, so the check belongs to
+/// the splitter, which refuses anything that is not all-ones.
+struct AppendOnlyMediaRule: PromptCacheReuseRule {
+    func reuse(turn: PromptCacheTurn, cache: PromptCacheState) -> PromptCacheReuseDecision? {
+        guard turn.carriesNewMedia,
+            turn.canSplitPreparedMedia,
+            !turn.usesSpeculativeDecoding,
+            !cache.cachedTokens.isEmpty,
+            cache.mainCacheIsAligned,
+            cache.draftCacheIsAligned,
+            turn.promptTokens.count > cache.cachedTokens.count,
+            turn.promptTokens.starts(with: cache.cachedTokens)
+        else {
+            return nil
+        }
+
+        return .appendMediaSuffix(
+            suffixStart: cache.cachedTokens.count, representedTokens: turn.promptTokens)
+    }
+}
+
 /// Rewinds to the longest common prefix, or rebuilds when that is unsafe.
 ///
 /// This rule always decides, so it is the natural terminal rule.
diff --git a/Libraries/MLXVLM/Models/Qwen25VL.swift b/Libraries/MLXVLM/Models/Qwen25VL.swift
index 25196b3..685ef1e 100644
--- a/Libraries/MLXVLM/Models/Qwen25VL.swift
+++ b/Libraries/MLXVLM/Models/Qwen25VL.swift
@@ -1278,6 +1278,23 @@ public class Qwen25VL: Module, VLMModel, KVCacheDimensionProvider {
     }
 }
 
+extension Qwen25VL: PreparedInputSplitting {
+
+    /// Opt into `ChatSession` warm-cache reuse for append-only media turns by
+    /// delegating to `QwenVL.splitPreparedInput` with this model's image and video
+    /// token ids and spatial merge size.
+    public func splitPreparedInput(_ input: LMInput, droppingFirst prefixTokenCount: Int)
+        -> LMInput?
+    {
+        QwenVL.splitPreparedInput(
+            input,
+            droppingFirst: prefixTokenCount,
+            imageTokenId: config.baseConfiguration.imageTokenId,
+            videoTokenId: config.baseConfiguration.videoTokenId,
+            mergeSize: config.visionConfiguration.spatialMergeSize)
+    }
+}
+
 // MARK: - Configuration
 
 /// Configuration for ``Qwen25VL``
diff --git a/Libraries/MLXVLM/Models/QwenVL.swift b/Libraries/MLXVLM/Models/QwenVL.swift
index 1b03d63..0230fc9 100644
--- a/Libraries/MLXVLM/Models/QwenVL.swift
+++ b/Libraries/MLXVLM/Models/QwenVL.swift
@@ -294,4 +294,143 @@ public struct QwenVL {
         return (flattenedPatches, .init(gridT, gridH, gridW))
     }
 
+    // MARK: - Prepared input splitting
+
+    /// Split a Qwen VL prepared input at `prefixTokenCount`, keeping only the media
+    /// whose placeholder tokens fall in the suffix.
+    ///
+    /// Shared by ``Qwen25VL`` and ``Qwen2VL``, whose prepared-input layout is the
+    /// same: `pixels` is the images' patch rows concatenated along axis 0 in prompt
+    /// order, and `frames` carries one `THW` per image, so image *i* owns
+    /// `frames[i].product` rows and `frames[i].product / (mergeSize * mergeSize)`
+    /// placeholder tokens (see ``patchify(images:mergeSize:patchSize:temporalPatchSize:)``
+    /// and ``replacePaddingTokens(in:frames:paddingToken:mergeSize:tokenizer:)``).
+    ///
+    /// Returns `nil` -- meaning "fall back to a full prefill" -- unless every
+    /// assumption above is checked against the input actually handed in.
+    static func splitPreparedInput(
+        _ input: LMInput,
+        droppingFirst prefixTokenCount: Int,
+        imageTokenId: Int,
+        videoTokenId: Int,
+        mergeSize: Int
+    ) -> LMInput? {
+        // Audio is not part of the Qwen VL prepared-input contract.
+        guard input.audio == nil else { return nil }
+
+        // Images only. Both models pass `videoGridTHW: nil` to `getRopeIndex`,
+        // so video positions are degenerate and a split cannot be verified.
+        guard input.video == nil else { return nil }
+
+        // Only the processor's own `[1, seq]` layout. A rank-1 suffix would route
+        // back to the cold path in `prepare(_:cache:state:prefill:)`, which
+        // computes positions from zero -- silently wrong against a warm cache.
+        let tokens = input.text.tokens
+        guard tokens.ndim == 2, tokens.dim(0) == 1 else { return nil }
+
+        let ids = tokens.asArray(Int.self)
+        guard prefixTokenCount > 0, prefixTokenCount < ids.count else { return nil }
+
+        // The processor pairs media with an all-ones mask. Anything else is a real
+        // padding mask this routine will not reinterpret.
+        if let mask = input.text.mask {
+            guard mask.size == ids.count else { return nil }
+            guard mask.asType(.int32).asArray(Int32.self).allSatisfy({ $0 == 1 }) else {
+                return nil
+            }
+        }
+
+        var splitImage: LMInput.ProcessedImage?
+        if let image = input.image {
+            guard
+                let split = splitVisionPayload(
+                    pixels: image.pixels, positionIds: image.positionIds, frames: image.frames,
+                    ids: ids, prefixTokenCount: prefixTokenCount, padTokenId: imageTokenId,
+                    mergeSize: mergeSize)
+            else { return nil }
+            splitImage = LMInput.ProcessedImage(pixels: split.pixels, frames: split.frames)
+        }
+
+        // A video placeholder inside an image-only payload would mean the prompt
+        // carries media this routine is not accounting for.
+        guard !ids.contains(videoTokenId) else { return nil }
+
+        let suffixIds = Array(ids[prefixTokenCount...])
+        let suffixTokens = MLXArray(suffixIds).expandedDimensions(axis: 0)
+        let suffixMask = input.text.mask.map { mask in
+            ones([1, suffixIds.count]).asType(mask.dtype)
+        }
+
+        return LMInput(
+            text: .init(tokens: suffixTokens, mask: suffixMask),
+            image: splitImage)
+    }
+
+    /// Drop the leading media items that the cached prefix already covers.
+    ///
+    /// Returns `nil` when the payload cannot be attributed item-by-item, or when the
+    /// cut falls *inside* a media block -- in that case the suffix would carry a
+    /// partial set of placeholders and neither the feature merge nor the position
+    /// walk would line up.
+    private static func splitVisionPayload(
+        pixels: MLXArray,
+        positionIds: MLXArray?,
+        frames: [THW]?,
+        ids: [Int],
+        prefixTokenCount: Int,
+        padTokenId: Int,
+        mergeSize: Int
+    ) -> (pixels: MLXArray, frames: [THW])? {
+        // Precomputed position ids describe the full prompt; slicing them is not
+        // attempted here.
+        guard positionIds == nil else { return nil }
+        guard let frames, !frames.isEmpty else { return nil }
+
+        let mergeLength = mergeSize * mergeSize
+        guard mergeLength > 0 else { return nil }
+
+        var prefixPadCount = 0
+        var totalPadCount = 0
+        for (index, id) in ids.enumerated() where id == padTokenId {
+            totalPadCount += 1
+            if index < prefixTokenCount { prefixPadCount += 1 }
+        }
+
+        var padCounts: [Int] = []
+        var rowCounts: [Int] = []
+        padCounts.reserveCapacity(frames.count)
+        rowCounts.reserveCapacity(frames.count)
+        // Still images only. A `t > 1` grid is a temporal stack, and `getRopeIndex`
+        // is handed `videoGridTHW: nil` for it too, so its positions are degenerate.
+        for frame in frames {
+            guard frame.t == 1 else { return nil }
+            guard frame.product > 0, frame.product % mergeLength == 0 else { return nil }
+            padCounts.append(frame.product / mergeLength)
+            rowCounts.append(frame.product)
+        }
+
+        // The payload must describe exactly the placeholders in the prompt, and the
+        // rows must account for the whole pixel buffer. If either is off, the layout
+        // is not the one documented above.
+        guard padCounts.reduce(0, +) == totalPadCount else { return nil }
+        guard pixels.ndim == 2, pixels.dim(0) == rowCounts.reduce(0, +) else { return nil }
+
+        var consumedPads = 0
+        var consumedRows = 0
+        var droppedItems = 0
+        while droppedItems < frames.count, consumedPads < prefixPadCount {
+            consumedPads += padCounts[droppedItems]
+            consumedRows += rowCounts[droppedItems]
+            droppedItems += 1
+        }
+        // Overshoot means the boundary landed inside a media block.
+        guard consumedPads == prefixPadCount else { return nil }
+
+        let remainingFrames = Array(frames[droppedItems...])
+        guard !remainingFrames.isEmpty else { return nil }
+
+        let remainingPixels = pixels[consumedRows ..< pixels.dim(0), 0...]
+        return (remainingPixels, remainingFrames)
+    }
+
 }
diff --git a/Tests/MLXLMTests/ChatSessionTests.swift b/Tests/MLXLMTests/ChatSessionTests.swift
index 6022eac..07daa10 100644
--- a/Tests/MLXLMTests/ChatSessionTests.swift
+++ b/Tests/MLXLMTests/ChatSessionTests.swift
@@ -167,6 +167,101 @@ public class ChatSessionTests: XCTestCase {
         }
     }
 
+    /// A model that opts into append-only media cache reuse.
+    ///
+    /// The synthetic text model underneath cannot consume a media payload, so the
+    /// split keeps the token suffix and the payload is stripped in `prepare` -- the
+    /// same shape as `MaskTolerantLanguageModel`. What these tests measure is
+    /// `ChatSession`'s decision, which is made before the model is called.
+    private final class SplittingLanguageModel: Module, LanguageModel, PreparedInputSplitting {
+        let base: any LanguageModel
+        let declinesToSplit: Bool
+
+        init(_ base: any LanguageModel, declinesToSplit: Bool = false) {
+            self.base = base
+            self.declinesToSplit = declinesToSplit
+            super.init()
+        }
+
+        func splitPreparedInput(_ input: LMInput, droppingFirst prefixTokenCount: Int)
+            -> LMInput?
+        {
+            guard !declinesToSplit else { return nil }
+            let ids = input.text.tokens.asArray(Int.self)
+            guard prefixTokenCount > 0, prefixTokenCount < ids.count else { return nil }
+            return LMInput(
+                text: .init(tokens: MLXArray(Array(ids[prefixTokenCount...]))),
+                image: input.image)
+        }
+
+        func prepare(
+            _ input: LMInput, cache: [KVCache], state: LMOutput.State?, prefill: PrefillParameters
+        ) throws -> PrepareResult {
+            try base.prepare(
+                LMInput(tokens: input.text.tokens),
+                cache: cache,
+                state: state,
+                prefill: prefill)
+        }
+
+        func callAsFunction(
+            _ input: LMInput.Text, cache: [KVCache]?, state: LMOutput.State?
+        ) -> LMOutput {
+            base(input, cache: cache, state: state)
+        }
+
+        func newCache(parameters: GenerateParameters?) throws -> [KVCache] {
+            try base.newCache(parameters: parameters)
+        }
+    }
+
+    /// A conformer that honors the protocol's shape but not its contract: it returns
+    /// a suffix starting `extraDrop` tokens past the boundary it was handed. It never
+    /// returns `nil`, so a nil-only check would let it through.
+    private final class MisSplittingLanguageModel: Module, LanguageModel,
+        PreparedInputSplitting
+    {
+        let base: any LanguageModel
+        let extraDrop: Int
+
+        init(_ base: any LanguageModel, extraDrop: Int) {
+            self.base = base
+            self.extraDrop = extraDrop
+            super.init()
+        }
+
+        func splitPreparedInput(_ input: LMInput, droppingFirst prefixTokenCount: Int)
+            -> LMInput?
+        {
+            let ids = input.text.tokens.asArray(Int.self)
+            let wrongStart = prefixTokenCount + extraDrop
+            guard wrongStart > 0, wrongStart < ids.count else { return nil }
+            return LMInput(
+                text: .init(tokens: MLXArray(Array(ids[wrongStart...]))),
+                image: input.image)
+        }
+
+        func prepare(
+            _ input: LMInput, cache: [KVCache], state: LMOutput.State?, prefill: PrefillParameters
+        ) throws -> PrepareResult {
+            try base.prepare(
+                LMInput(tokens: input.text.tokens),
+                cache: cache,
+                state: state,
+                prefill: prefill)
+        }
+
+        func callAsFunction(
+            _ input: LMInput.Text, cache: [KVCache]?, state: LMOutput.State?
+        ) -> LMOutput {
+            base(input, cache: cache, state: state)
+        }
+
+        func newCache(parameters: GenerateParameters?) throws -> [KVCache] {
+            try base.newCache(parameters: parameters)
+        }
+    }
+
     private struct EmptyChatTemplateTokenizer: Tokenizer {
         var bosToken: String? = nil
         var eosToken: String? = nil
@@ -348,6 +443,20 @@ public class ChatSessionTests: XCTestCase {
             tokenizer: processor.tokenizer)
     }
 
+    private func model(
+        processor: MediaAwareInputProcessor, splitting: Bool, declinesToSplit: Bool = false
+    ) -> ModelContext {
+        var context = Self.makeModel(
+            processor: processor,
+            configuration: processor.configuration,
+            tokenizer: processor.tokenizer)
+        if splitting {
+            context.model = SplittingLanguageModel(
+                context.model, declinesToSplit: declinesToSplit)
+        }
+        return context
+    }
+
     private func model(processor: MaskedInputProcessor) -> ModelContext {
         var context = Self.makeModel(
             processor: processor,
@@ -795,6 +904,52 @@ public class ChatSessionTests: XCTestCase {
         XCTAssertEqual(newMediaInfo?.promptTokenCount, thirdRenderedLength)
     }
 
+    /// Returning *a* suffix is not enough. A conformer that returns the wrong tokens
+    /// must be treated exactly like one that declines: the ledger advances to
+    /// `representedTokens` on the strength of the requested boundary, so accepting
+    /// any other suffix would leave the record describing a cache never built.
+    func testAppendOnlyMediaRebuildsWhenModelSplitsAtTheWrongBoundary() async throws {
+        let (renderedLengths, continuation) = AsyncStream<Int>.makeStream()
+        var lengthIterator = renderedLengths.makeAsyncIterator()
+        let tokenizer = PrefixPreservingTokenizer(renderedLengthContinuation: continuation)
+        let processor = MediaAwareInputProcessor(tokenizer: tokenizer)
+
+        var context = Self.makeModel(
+            processor: processor,
+            configuration: processor.configuration,
+            tokenizer: processor.tokenizer)
+        context.model = MisSplittingLanguageModel(context.model, extraDrop: 2)
+
+        let session = ChatSession(
+            context, generateParameters: GenerateParameters(maxTokens: 3))
+
+        _ = try await session.respond(
+            to: "inspect this",
+            image: .array(MLXArray([Float(0)])))
+        _ = await lengthIterator.next()
+
+        for try await _ in session.streamDetails(to: "describe it") {}
+        _ = await lengthIterator.next()
+
+        var newMediaInfo: GenerateCompletionInfo?
+        for try await item in session.streamDetails(
+            to: "now inspect this",
+            role: .user,
+            images: [.array(MLXArray([Float(1)]))],
+            videos: [])
+        {
+            if let info = item.info {
+                newMediaInfo = info
+            }
+        }
+        let thirdRenderedLengthValue = await lengthIterator.next()
+        let thirdRenderedLength = try XCTUnwrap(thirdRenderedLengthValue)
+
+        XCTAssertEqual(
+            newMediaInfo?.promptTokenCount, thirdRenderedLength,
+            "a wrong-boundary split must downgrade to a full rebuild")
+    }
+
     func testLongestCommonPrefixTrimmingFallsBackForHistoricalMedia() async throws {
         let (renderedLengths, continuation) = AsyncStream<Int>.makeStream()
         var lengthIterator = renderedLengths.makeAsyncIterator()
@@ -1160,6 +1315,124 @@ public class ChatSessionTests: XCTestCase {
         XCTAssertGreaterThan(result.count, targetLength, result)
     }
 
+    /// The append-only counterpart of
+    /// `testHistoricalMediaReusesSuffixButNewMediaRebuildsCache`: same transcript,
+    /// same turns, but a model that can split its own prepared input. The new-image
+    /// turn now prefills only the uncached suffix instead of the whole prompt.
+    func testAppendOnlyMediaReusesCacheWhenModelSplitsPreparedInput() async throws {
+        let (renderedLengths, continuation) = AsyncStream<Int>.makeStream()
+        var lengthIterator = renderedLengths.makeAsyncIterator()
+        let tokenizer = PrefixPreservingTokenizer(renderedLengthContinuation: continuation)
+        let processor = MediaAwareInputProcessor(tokenizer: tokenizer)
+        let session = ChatSession(
+            model(processor: processor, splitting: true),
+            generateParameters: GenerateParameters(maxTokens: 3))
+
+        _ = try await session.respond(
+            to: "inspect this",
+            image: .array(MLXArray([Float(0)])))
+        _ = await lengthIterator.next()
+
+        for try await _ in session.streamDetails(to: "describe it") {}
+        let secondRenderedLengthValue = await lengthIterator.next()
+        let secondRenderedLength = try XCTUnwrap(secondRenderedLengthValue)
+
+        var newMediaInfo: GenerateCompletionInfo?
+        for try await item in session.streamDetails(
+            to: "now inspect this",
+            role: .user,
+            images: [.array(MLXArray([Float(1)]))],
+            videos: [])
+        {
+            if let info = item.info {
+                newMediaInfo = info
+            }
+        }
+        let thirdRenderedLengthValue = await lengthIterator.next()
+        let thirdRenderedLength = try XCTUnwrap(thirdRenderedLengthValue)
+
+        XCTAssertEqual(
+            newMediaInfo?.promptTokenCount,
+            thirdRenderedLength - secondRenderedLength - 3,
+            "an append-only media turn should prefill only the uncached suffix")
+        // The split boundary is what the turn did not prefill, so it is also what
+        // the completion info must attribute to the cache: the previous prompt
+        // plus the tokens it generated.
+        XCTAssertEqual(
+            newMediaInfo?.cachedPromptTokenCount,
+            secondRenderedLength + 3,
+            "the reused prefix should be attributed to the cache, not dropped")
+        XCTAssertEqual(newMediaInfo?.totalPromptTokenCount, thirdRenderedLength)
+    }
+
+    /// A model that declines the split keeps the pre-existing behavior, which is
+    /// also what every non-conforming model gets.
+    func testAppendOnlyMediaRebuildsWhenModelDeclinesToSplit() async throws {
+        let (renderedLengths, continuation) = AsyncStream<Int>.makeStream()
+        var lengthIterator = renderedLengths.makeAsyncIterator()
+        let tokenizer = PrefixPreservingTokenizer(renderedLengthContinuation: continuation)
+        let processor = MediaAwareInputProcessor(tokenizer: tokenizer)
+        let session = ChatSession(
+            model(processor: processor, splitting: true, declinesToSplit: true),
+            generateParameters: GenerateParameters(maxTokens: 3))
+
+        _ = try await session.respond(
+            to: "inspect this",
+            image: .array(MLXArray([Float(0)])))
+        _ = await lengthIterator.next()
+
+        for try await _ in session.streamDetails(to: "describe it") {}
+        _ = await lengthIterator.next()
+
+        var newMediaInfo: GenerateCompletionInfo?
+        for try await item in session.streamDetails(
+            to: "now inspect this",
+            role: .user,
+            images: [.array(MLXArray([Float(1)]))],
+            videos: [])
+        {
+            if let info = item.info {
+                newMediaInfo = info
+            }
+        }
+        let thirdRenderedLengthValue = await lengthIterator.next()
+        let thirdRenderedLength = try XCTUnwrap(thirdRenderedLengthValue)
+
+        XCTAssertEqual(newMediaInfo?.promptTokenCount, thirdRenderedLength)
+    }
+
+    /// Splitting is offered only where the transcript is *extended*. When the
+    /// template rewrites an already-cached tail the turn needs a rewind, and media
+    /// still forces a rebuild there -- the guard PR #472 added is untouched.
+    func testLongestCommonPrefixTrimmingStillFallsBackForMediaWhenModelCanSplit()
+        async throws
+    {
+        let (renderedLengths, continuation) = AsyncStream<Int>.makeStream()
+        var lengthIterator = renderedLengths.makeAsyncIterator()
+        let tokenizer = PrefixPreservingTokenizer(
+            renderedLengthContinuation: continuation,
+            rewritesCachedTailOnContinuation: true)
+        let processor = MediaAwareInputProcessor(tokenizer: tokenizer)
+        let session = ChatSession(
+            model(processor: processor, splitting: true),
+            generateParameters: GenerateParameters(maxTokens: 3))
+
+        _ = try await session.respond(
+            to: "inspect this",
+            image: .array(MLXArray([Float(0)])))
+        _ = await lengthIterator.next()
+
+        var completionInfo: GenerateCompletionInfo?
+        for try await item in session.streamDetails(to: "describe it") {
+            if let info = item.info {
+                completionInfo = info
+            }
+        }
+        let fullSecondPromptLengthValue = await lengthIterator.next()
+        let fullSecondPromptLength = try XCTUnwrap(fullSecondPromptLengthValue)
+        XCTAssertEqual(completionInfo?.promptTokenCount, fullSecondPromptLength)
+    }
+
     func testChatSessionAsyncInterrupt() async throws {
         // interrupt the streamResponse and continue with another request
         let model = model()
diff --git a/Tests/MLXLMTests/ContinuationAssertions.swift b/Tests/MLXLMTests/ContinuationAssertions.swift
index 0ad88a9..f012412 100644
--- a/Tests/MLXLMTests/ContinuationAssertions.swift
+++ b/Tests/MLXLMTests/ContinuationAssertions.swift
@@ -145,6 +145,68 @@ struct ContinuationAssertions {
         }
     }
 
+    /// An append-only media turn: turn 2 adds its own image to an unchanged turn 1.
+    /// `split` carves the suffix out of the full prepared input, and prefilling that
+    /// suffix on turn 1's cache must land where a cold prefill of the whole prompt
+    /// does -- but only if the vision encoder computes each image independently.
+    ///
+    /// `expectsIsolation` says which model this is. `Qwen25VL` masks each frame to
+    /// itself, so the split is exact; `Qwen2VL` attends across the concatenated
+    /// buffer, so dropping the cached image changes the kept image's features and
+    /// the logits must differ. Asserting the divergence is what makes the
+    /// conformance a measured claim rather than a stated one.
+    func assertAppendOnlyMediaSplit<M: LanguageModel>(
+        _ model: M, split: (LMInput, Int) -> LMInput?, expectsIsolation: Bool,
+        file: StaticString = #filePath, line: UInt = #line
+    ) throws {
+        try withRandomState(MLXRandom.RandomState(seed: 17)) {
+            let imageA = image()
+            let imageB = image()
+            let t1 = concatenated([textTokens(10), imageRun(), textTokens(8, seed: 5)], axis: 1)
+            let t2 = concatenated(
+                [textTokens(6, seed: 2), imageRun(), textTokens(4, seed: 9)], axis: 1)
+
+            // The prepared input a VL processor hands over for the whole transcript:
+            // both images' patch rows concatenated, one grid each.
+            let bothImages = LMInput.ProcessedImage(
+                pixels: concatenated([imageA.pixels, imageB.pixels], axis: 0),
+                frames: (imageA.frames ?? []) + (imageB.frames ?? []))
+            let fullInput = LMInput(
+                text: .init(tokens: concatenated([t1, t2], axis: 1)), image: bothImages)
+
+            let cacheF = try model.newCache(parameters: nil)
+            let (logitsF, _) = try lastLogits(
+                model.prepare(
+                    fullInput, cache: cacheF, state: nil, prefill: PrefillParameters()))
+
+            let cacheW = try model.newCache(parameters: nil)
+            let (_, s1) = try prefill(model, t1, image: imageA, cache: cacheW)
+
+            let suffix = try XCTUnwrap(
+                split(fullInput, t1.dim(1)), "the split was declined", file: file, line: line)
+            XCTAssertEqual(suffix.text.tokens.dim(-1), t2.dim(1), file: file, line: line)
+            XCTAssertEqual(
+                suffix.image?.frames?.count, 1, "the suffix must carry only the new image",
+                file: file, line: line)
+
+            let (logitsW, _) = try lastLogits(
+                model.prepare(
+                    suffix, cache: cacheW, state: s1, prefill: PrefillParameters()))
+
+            let diff = maxAbsDiff(logitsW, logitsF)
+            if expectsIsolation {
+                XCTAssertLessThanOrEqual(
+                    diff, 1e-3,
+                    "split-suffix prefill diverged from full prefill", file: file, line: line)
+            } else {
+                XCTAssertGreaterThan(
+                    diff, 1e-3,
+                    "cross-image vision attention should have changed the logits",
+                    file: file, line: line)
+            }
+        }
+    }
+
     /// Three turns, with the image in the middle one. The continuation must place that image at
     /// the anchor *and* hand back a resume state that positions the following turn — the two
     /// halves of the anchor invariant, which a single-turn test cannot separate.
diff --git a/Tests/MLXLMTests/PromptCacheReusePolicyTests.swift b/Tests/MLXLMTests/PromptCacheReusePolicyTests.swift
index ba77b9c..5923aeb 100644
--- a/Tests/MLXLMTests/PromptCacheReusePolicyTests.swift
+++ b/Tests/MLXLMTests/PromptCacheReusePolicyTests.swift
@@ -19,7 +19,9 @@ struct PromptCacheReusePolicyTests {
         preparedMedia: Bool = false,
         attentionMask: Bool = false,
         modelState: Bool = false,
-        toolResultContinuation: Bool = false
+        toolResultContinuation: Bool = false,
+        speculativeDecoding: Bool = false,
+        canSplitMedia: Bool = false
     ) -> PromptCacheTurn {
         PromptCacheTurn(
             promptTokens: prompt,
@@ -27,7 +29,9 @@ struct PromptCacheReusePolicyTests {
             carriesPreparedMedia: preparedMedia,
             carriesAttentionMask: attentionMask,
             carriesModelState: modelState,
-            isToolResultContinuation: toolResultContinuation)
+            isToolResultContinuation: toolResultContinuation,
+            usesSpeculativeDecoding: speculativeDecoding,
+            canSplitPreparedMedia: canSplitMedia)
     }
 
     /// A cache whose model-wide timeline agrees with `cached`, unless
@@ -104,6 +108,64 @@ struct PromptCacheReusePolicyTests {
         #expect(decision == .rebuild)
     }
 
+    // MARK: - Append-only media turns
+
+    @Test func `an append-only media turn appends its suffix when the model can split`() {
+        let decision = PromptCacheReusePolicy().decide(
+            turn: turn(prompt: [1, 2, 3, 4], newMedia: true, canSplitMedia: true),
+            cache: alignedCache([1, 2, 3]))
+
+        #expect(
+            decision == .appendMediaSuffix(suffixStart: 3, representedTokens: [1, 2, 3, 4]))
+        #expect(decision.reusesCachedPrefix)
+    }
+
+    /// A VL processor pairs media with an all-ones mask as a matter of course, so
+    /// the media path must not inherit ``ExtendCachedPrefixRule``'s mask guard --
+    /// doing so would disable it for exactly the inputs it serves. Telling a
+    /// benign mask from a real padding mask needs the model's layout knowledge,
+    /// so that check belongs to the splitter.
+    @Test func `a benign attention mask does not block the media split`() {
+        let decision = PromptCacheReusePolicy().decide(
+            turn: turn(
+                prompt: [1, 2, 3, 4], newMedia: true, attentionMask: true, canSplitMedia: true),
+            cache: alignedCache([1, 2, 3]))
+
+        #expect(
+            decision == .appendMediaSuffix(suffixStart: 3, representedTokens: [1, 2, 3, 4]))
+    }
+
+    @Test func `a model that cannot split keeps the rebuild on a media turn`() {
+        #expect(
+            PromptCacheReusePolicy().decide(
+                turn: turn(prompt: [1, 2, 3, 4], newMedia: true, canSplitMedia: false),
+                cache: alignedCache([1, 2, 3])) == .rebuild)
+    }
+
+    @Test func `speculative decoding blocks the media split`() {
+        #expect(
+            PromptCacheReusePolicy().decide(
+                turn: turn(
+                    prompt: [1, 2, 3, 4], newMedia: true, speculativeDecoding: true,
+                    canSplitMedia: true),
+                cache: alignedCache([1, 2, 3])) == .rebuild)
+    }
+
+    @Test func `a media turn that diverges from the cache does not split`() {
+        let decision = PromptCacheReusePolicy().decide(
+            turn: turn(prompt: [1, 2, 9, 9], newMedia: true, canSplitMedia: true),
+            cache: alignedCache([1, 2, 3]))
+
+        #expect(decision == .rebuild)
+    }
+
+    @Test func `a misaligned draft cache blocks the media split`() {
+        #expect(
+            PromptCacheReusePolicy().decide(
+                turn: turn(prompt: [1, 2, 3, 4], newMedia: true, canSplitMedia: true),
+                cache: alignedCache([1, 2, 3], draftAligned: false)) == .rebuild)
+    }
+
     @Test func `an explicit attention mask blocks suffix reuse`() {
         let decision = PromptCacheReusePolicy().decide(
             turn: turn(prompt: [1, 2, 3, 4], attentionMask: true), cache: alignedCache([1, 2, 3]))
diff --git a/Tests/MLXLMTests/Qwen25VLContinuationTests.swift b/Tests/MLXLMTests/Qwen25VLContinuationTests.swift
index 06fcd96..e22f1b9 100644
--- a/Tests/MLXLMTests/Qwen25VLContinuationTests.swift
+++ b/Tests/MLXLMTests/Qwen25VLContinuationTests.swift
@@ -11,9 +11,10 @@
 import Foundation
 import MLX
 import MLXLMCommon
-import MLXVLM
 import XCTest
 
+@testable import MLXVLM
+
 final class Qwen25VLContinuationTests: XCTestCase {
 
     // MARK: - Tiny models
@@ -135,6 +136,16 @@ final class Qwen25VLContinuationTests: XCTestCase {
         try continuation.assertWindowedImagePrefill(makeTinyQwen25VL())
     }
 
+    /// Through the `PreparedInputSplitting` conformance, so the config-derived token
+    /// ids and merge size are exercised alongside the split itself.
+    func testQwen25VLAppendOnlyMediaSplitMatchesFullPrefill() throws {
+        let model = try makeTinyQwen25VL()
+        try continuation.assertAppendOnlyMediaSplit(
+            model,
+            split: { (model as PreparedInputSplitting).splitPreparedInput($0, droppingFirst: $1) },
+            expectsIsolation: true)
+    }
+
     // MARK: - Qwen2-VL
 
     func testQwen2VLWarmTextContinuationMatchesFullPrefill() throws {
@@ -156,4 +167,22 @@ final class Qwen25VLContinuationTests: XCTestCase {
     func testQwen2VLWindowedImagePrefillMatchesSingleShot() throws {
         try continuation.assertWindowedImagePrefill(makeTinyQwen2VL())
     }
+
+    /// The counterexample the conformance rests on. `Qwen2VL` does not conform, so
+    /// the split runs through `QwenVL` directly with this model's ids; the logits
+    /// must diverge because its vision attention is unmasked across images.
+    func testQwen2VLAppendOnlyMediaSplitDiverges() throws {
+        let model = try makeTinyQwen2VL()
+        try continuation.assertAppendOnlyMediaSplit(
+            model,
+            split: {
+                QwenVL.splitPreparedInput(
+                    $0,
+                    droppingFirst: $1,
+                    imageTokenId: model.config.baseConfiguration.imageTokenId,
+                    videoTokenId: model.config.baseConfiguration.videoTokenId,
+                    mergeSize: model.config.visionConfiguration.spatialMergeSize)
+            },
+            expectsIsolation: false)
+    }
 }
diff --git a/Tests/MLXLMTests/QwenVLPreparedInputSplitTests.swift b/Tests/MLXLMTests/QwenVLPreparedInputSplitTests.swift
new file mode 100644
index 0000000..12a40b1
--- /dev/null
+++ b/Tests/MLXLMTests/QwenVLPreparedInputSplitTests.swift
@@ -0,0 +1,404 @@
+// Copyright © 2026 Apple Inc.
+
+import Foundation
+import MLX
+import XCTest
+
+@testable import MLXLMCommon
+@testable import MLXVLM
+
+/// Covers ``QwenVL/splitPreparedInput(_:droppingFirst:imageTokenId:videoTokenId:mergeSize:)``
+/// and, more importantly, the property that makes it safe to use: prefilling only
+/// the split-off suffix at the carried `positionOffset` produces the *same* M-RoPE
+/// positions a cold full prefill would have produced for those tokens.
+///
+/// These tests are deliberately weight-free. They drive the position math directly,
+/// so the equality below is exact rather than inferred from generated text.
+final class QwenVLPreparedInputSplitTests: XCTestCase {
+
+    // Qwen2.5-VL's actual special-token ids; any distinct values would do.
+    private let imageTokenId = 151_655
+    private let videoTokenId = 151_656
+    private let visionStartTokenId = 151_652
+    private let visionEndTokenId = 151_653
+    private let mergeSize = 2
+
+    /// Tokens for one "turn": leading text, a vision block sized for `frame`,
+    /// then trailing text (which also stands in for the turn's generated tokens).
+    private func turnTokens(frame: THW, leadingText: Int, trailingText: Int) -> [Int] {
+        let padCount = frame.product / (mergeSize * mergeSize)
+        return Array(repeating: 1, count: leadingText)
+            + [visionStartTokenId]
+            + Array(repeating: imageTokenId, count: padCount)
+            + [visionEndTokenId]
+            + Array(repeating: 2, count: trailingText)
+    }
+
+    private func pixels(rows: Int) -> MLXArray {
+        MLXArray((0 ..< (rows * 8)).map { Float($0) }).reshaped(rows, 8)
+    }
+
+    private func input(ids: [Int], frames: [THW], mask: MLXArray? = nil) -> LMInput {
+        let rows = frames.reduce(0) { $0 + $1.product }
+        return LMInput(
+            text: .init(tokens: MLXArray(ids).expandedDimensions(axis: 0), mask: mask),
+            image: LMInput.ProcessedImage(pixels: pixels(rows: rows), frames: frames))
+    }
+
+    private func split(_ input: LMInput, droppingFirst prefixTokenCount: Int) -> LMInput? {
+        QwenVL.splitPreparedInput(
+            input,
+            droppingFirst: prefixTokenCount,
+            imageTokenId: imageTokenId,
+            videoTokenId: videoTokenId,
+            mergeSize: mergeSize)
+    }
+
+    private func ropeIndex(ids: [Int], frames: [THW], positionOffset: Int = 0) -> (
+        positions: MLXArray, delta: Int
+    ) {
+        let (positions, deltas) = Qwen25VL.getRopeIndex(
+            inputIds: MLXArray(ids).expandedDimensions(axis: 0),
+            imageGridTHW: frames,
+            videoGridTHW: nil,
+            spatialMergeSize: mergeSize,
+            imageTokenId: imageTokenId,
+            videoTokenId: videoTokenId,
+            visionStartTokenId: visionStartTokenId,
+            positionOffset: positionOffset)
+        return (positions, deltas.asType(.int32).item(Int.self))
+    }
+
+    // MARK: - The correctness property
+
+    /// The whole justification for reusing the cache on an append-only media turn:
+    /// positions computed for the suffix alone, offset by the carried rope delta,
+    /// are identical to the tail of the positions a cold full prefill computes.
+    ///
+    /// This is checked with an image in the *prefix* and another in the *suffix*,
+    /// which is the Qwen-VL "new screenshot every turn" shape.
+    func testSuffixPositionsMatchColdPrefillPositions() throws {
+        let frame1 = THW(1, 4, 6)
+        let frame2 = THW(1, 2, 4)
+        let prefixIds = turnTokens(frame: frame1, leadingText: 3, trailingText: 4)
+        let suffixIds = turnTokens(frame: frame2, leadingText: 2, trailingText: 3)
+        let fullIds = prefixIds + suffixIds
+
+        let cold = ropeIndex(ids: fullIds, frames: [frame1, frame2])
+
+        // Turn 1 prefilled the prefix cold; `prepare` stores its rope delta as-is.
+        let prefix = ropeIndex(ids: prefixIds, frames: [frame1])
+        // Turn 2 resumes with the cache holding exactly the prefix.
+        let positionOffset = prefixIds.count + prefix.delta
+        let warm = ropeIndex(
+            ids: suffixIds, frames: [frame2], positionOffset: positionOffset)
+
+        let coldTail = cold.positions[0..., 0..., prefixIds.count ..< fullIds.count]
+        XCTAssertEqual(warm.positions.shape, coldTail.shape)
+        XCTAssertEqual(
+            warm.positions.asArray(Int32.self), coldTail.asArray(Int32.self),
+            "warm suffix positions must equal the cold prefill's positions for the same tokens")
+    }
+
+    /// Same property with two images already cached, so the offset has to survive
+    /// more than one vision block.
+    func testSuffixPositionsMatchColdPrefillWithMultipleCachedImages() throws {
+        let frame1 = THW(1, 4, 6)
+        let frame2 = THW(1, 6, 6)
+        let frame3 = THW(1, 2, 4)
+        let turn1 = turnTokens(frame: frame1, leadingText: 3, trailingText: 2)
+        let turn2 = turnTokens(frame: frame2, leadingText: 1, trailingText: 5)
+        let turn3 = turnTokens(frame: frame3, leadingText: 2, trailingText: 1)
+        let prefixIds = turn1 + turn2
+        let fullIds = prefixIds + turn3
+
+        let cold = ropeIndex(ids: fullIds, frames: [frame1, frame2, frame3])
+        let prefix = ropeIndex(ids: prefixIds, frames: [frame1, frame2])
+        let warm = ropeIndex(
+            ids: turn3, frames: [frame3],
+            positionOffset: prefixIds.count + prefix.delta)
+
+        let coldTail = cold.positions[0..., 0..., prefixIds.count ..< fullIds.count]
+        XCTAssertEqual(
+            warm.positions.asArray(Int32.self), coldTail.asArray(Int32.self))
+    }
+
+    /// The delta the continuation stores back must anchor the *next* turn too,
+    /// mirroring `prepareContinuation`'s `ropeDeltas - cacheOffset` bookkeeping.
+    func testCarriedDeltaAnchorsASecondContinuation() throws {
+        let frame1 = THW(1, 4, 6)
+        let frame2 = THW(1, 2, 4)
+        let frame3 = THW(1, 4, 4)
+        let turn1 = turnTokens(frame: frame1, leadingText: 3, trailingText: 2)
+        let turn2 = turnTokens(frame: frame2, leadingText: 2, trailingText: 3)
+        let turn3 = turnTokens(frame: frame3, leadingText: 1, trailingText: 2)
+        let fullIds = turn1 + turn2 + turn3
+
+        let cold = ropeIndex(ids: fullIds, frames: [frame1, frame2, frame3])
+
+        // turn 1 cold
+        let s1 = ropeIndex(ids: turn1, frames: [frame1])
+        var cacheOffset = turn1.count
+        var carriedDelta = s1.delta
+
+        // turn 2 as a continuation
+        let s2 = ropeIndex(
+            ids: turn2, frames: [frame2], positionOffset: cacheOffset + carriedDelta)
+        carriedDelta = s2.delta - cacheOffset
+        cacheOffset += turn2.count
+
+        // turn 3 as a continuation off turn 2's carried state
+        let s3 = ropeIndex(
+            ids: turn3, frames: [frame3], positionOffset: cacheOffset + carriedDelta)
+
+        let coldTail = cold.positions[
+            0..., 0..., (turn1.count + turn2.count) ..< fullIds.count]
+        XCTAssertEqual(s3.positions.asArray(Int32.self), coldTail.asArray(Int32.self))
+    }
+
+    // MARK: - Splitting
+
+    func testSplitKeepsOnlyTheSuffixImage() throws {
+        let frame1 = THW(1, 4, 6)
+        let frame2 = THW(1, 2, 4)
+        let prefixIds = turnTokens(frame: frame1, leadingText: 3, trailingText: 4)
+        let suffixIds = turnTokens(frame: frame2, leadingText: 2, trailingText: 3)
+        let full = input(ids: prefixIds + suffixIds, frames: [frame1, frame2])
+
+        let result = try XCTUnwrap(split(full, droppingFirst: prefixIds.count))
+
+        XCTAssertEqual(result.text.tokens.shape, [1, suffixIds.count])
+        XCTAssertEqual(result.text.tokens.asArray(Int.self), suffixIds)
+
+        let image = try XCTUnwrap(result.image)
+        XCTAssertEqual(image.frames?.count, 1)
+        XCTAssertEqual(image.frames?.first?.values.0, frame2.t)
+        XCTAssertEqual(image.frames?.first?.values.1, frame2.h)
+        XCTAssertEqual(image.frames?.first?.values.2, frame2.w)
+        XCTAssertEqual(image.pixels.shape, [frame2.product, 8])
+
+        // the retained rows must be the *tail* of the original buffer
+        let expected = pixels(rows: frame1.product + frame2.product)[
+            frame1.product ..< (frame1.product + frame2.product), 0...]
+        XCTAssertEqual(image.pixels.asArray(Float.self), expected.asArray(Float.self))
+    }
+
+    /// The payload the split hands back must satisfy the arity the feature merge
+    /// silently assumes: one feature row group per placeholder run.
+    func testSplitSuffixPlaceholderCountMatchesRetainedFrames() throws {
+        let frame1 = THW(1, 4, 6)
+        let frame2 = THW(1, 2, 4)
+        let prefixIds = turnTokens(frame: frame1, leadingText: 3, trailingText: 4)
+        let suffixIds = turnTokens(frame: frame2, leadingText: 2, trailingText: 3)
+        let full = input(ids: prefixIds + suffixIds, frames: [frame1, frame2])
+
+        let result = try XCTUnwrap(split(full, droppingFirst: prefixIds.count))
+        let padCount = result.text.tokens.asArray(Int.self).filter { $0 == imageTokenId }.count
+        let framePads = (result.image?.frames ?? []).reduce(0) {
+            $0 + $1.product / (mergeSize * mergeSize)
+        }
+        XCTAssertEqual(padCount, framePads)
+    }
+
+    func testSplitAcceptsAllOnesMaskAndResizesIt() throws {
+        let frame1 = THW(1, 4, 6)
+        let frame2 = THW(1, 2, 4)
+        let prefixIds = turnTokens(frame: frame1, leadingText: 3, trailingText: 4)
+        let suffixIds = turnTokens(frame: frame2, leadingText: 2, trailingText: 3)
+        let ids = prefixIds + suffixIds
+        let mask = MLXArray.ones([1, ids.count]).asType(.int8)
+        let full = input(ids: ids, frames: [frame1, frame2], mask: mask)
+
+        let result = try XCTUnwrap(split(full, droppingFirst: prefixIds.count))
+        XCTAssertEqual(result.text.mask?.shape, [1, suffixIds.count])
+    }
+
+    // MARK: - Refusals
+
+    /// A temporal grid (`t > 1`) carried in the *image* payload is refused for the
+    /// same reason video is: `getRopeIndex` is handed `videoGridTHW: nil`, so its
+    /// positions are degenerate. Refused whether the temporal frame is dropped with
+    /// the prefix or retained in the suffix.
+    func testSplitRefusesTemporalImageFrame() throws {
+        let dropped = THW(2, 4, 4)
+        let plain = THW(1, 2, 4)
+
+        let prefixIds = turnTokens(frame: dropped, leadingText: 3, trailingText: 4)
+        let suffixIds = turnTokens(frame: plain, leadingText: 2, trailingText: 3)
+        XCTAssertNil(
+            split(
+                input(ids: prefixIds + suffixIds, frames: [dropped, plain]),
+                droppingFirst: prefixIds.count),
+            "a temporal frame in the cached prefix must refuse")
+
+        let retainedPrefixIds = turnTokens(frame: plain, leadingText: 3, trailingText: 4)
+        let retainedSuffixIds = turnTokens(frame: dropped, leadingText: 2, trailingText: 3)
+        XCTAssertNil(
+            split(
+                input(
+                    ids: retainedPrefixIds + retainedSuffixIds, frames: [plain, dropped]),
+                droppingFirst: retainedPrefixIds.count),
+            "a temporal frame retained in the suffix must refuse")
+    }
+
+    /// A boundary inside a vision block would hand the suffix a partial run of
+    /// placeholders. The split must decline rather than guess.
+    func testSplitRefusesBoundaryInsideAnImageBlock() throws {
+        let frame1 = THW(1, 4, 6)
+        let frame2 = THW(1, 2, 4)
+        let prefixIds = turnTokens(frame: frame1, leadingText: 3, trailingText: 4)
+        let suffixIds = turnTokens(frame: frame2, leadingText: 2, trailingText: 3)
+        let full = input(ids: prefixIds + suffixIds, frames: [frame1, frame2])
+
+        // land two tokens into the suffix's placeholder run
+        let insideBlock = prefixIds.count + 2 + 1 + 2
+        XCTAssertNil(split(full, droppingFirst: insideBlock))
+    }
+
+    func testSplitRefusesWhenFramesDoNotAccountForPlaceholders() throws {
+        let frame1 = THW(1, 4, 6)
+        let frame2 = THW(1, 2, 4)
+        let ids =
+            turnTokens(frame: frame1, leadingText: 3, trailingText: 4)
+            + turnTokens(frame: frame2, leadingText: 2, trailingText: 3)
+        // frames claim more placeholders than the prompt has
+        let wrong = LMInput(
+            text: .init(tokens: MLXArray(ids).expandedDimensions(axis: 0)),
+            image: LMInput.ProcessedImage(
+                pixels: pixels(rows: frame1.product + frame2.product + THW(1, 2, 2).product),
+                frames: [frame1, frame2, THW(1, 2, 2)]))
+        XCTAssertNil(split(wrong, droppingFirst: 12))
+    }
+
+    func testSplitRefusesWhenPixelRowsDoNotMatchFrames() throws {
+        let frame1 = THW(1, 4, 6)
+        let frame2 = THW(1, 2, 4)
+        let prefixIds = turnTokens(frame: frame1, leadingText: 3, trailingText: 4)
+        let suffixIds = turnTokens(frame: frame2, leadingText: 2, trailingText: 3)
+        let wrong = LMInput(
+            text: .init(tokens: MLXArray(prefixIds + suffixIds).expandedDimensions(axis: 0)),
+            image: LMInput.ProcessedImage(
+                pixels: pixels(rows: frame1.product), frames: [frame1, frame2]))
+        XCTAssertNil(split(wrong, droppingFirst: prefixIds.count))
+    }
+
+    func testSplitRefusesMixedImageAndVideo() throws {
+        let frame1 = THW(1, 4, 6)
+        let frame2 = THW(1, 2, 4)
+        let prefixIds = turnTokens(frame: frame1, leadingText: 3, trailingText: 4)
+        let suffixIds = turnTokens(frame: frame2, leadingText: 2, trailingText: 3)
+        let mixed = LMInput(
+            text: .init(tokens: MLXArray(prefixIds + suffixIds).expandedDimensions(axis: 0)),
+            image: LMInput.ProcessedImage(
+                pixels: pixels(rows: frame1.product), frames: [frame1]),
+            video: LMInput.ProcessedVideo(
+                pixels: pixels(rows: frame2.product), frames: [frame2]))
+        XCTAssertNil(split(mixed, droppingFirst: prefixIds.count))
+    }
+
+    /// Video is refused outright: both models pass `videoGridTHW: nil` to
+    /// `getRopeIndex`, so video positions are degenerate and a split cannot be
+    /// verified.
+    func testSplitRefusesVideoOnly() throws {
+        let frame1 = THW(2, 4, 6)
+        let frame2 = THW(3, 2, 4)
+        let padCount1 = frame1.product / (mergeSize * mergeSize)
+        let padCount2 = frame2.product / (mergeSize * mergeSize)
+        let prefixIds =
+            [visionStartTokenId] + Array(repeating: videoTokenId, count: padCount1)
+            + [visionEndTokenId, 1, 1]
+        let suffixIds =
+            [visionStartTokenId] + Array(repeating: videoTokenId, count: padCount2)
+            + [visionEndTokenId, 2]
+        let videoOnly = LMInput(
+            text: .init(
+                tokens: MLXArray(prefixIds + suffixIds).expandedDimensions(axis: 0)),
+            video: LMInput.ProcessedVideo(
+                pixels: pixels(rows: frame1.product + frame2.product),
+                frames: [frame1, frame2]))
+        XCTAssertNil(split(videoOnly, droppingFirst: prefixIds.count))
+    }
+
+    /// A video placeholder in a prompt whose payload is images-only means media this
+    /// routine is not accounting for.
+    func testSplitRefusesStrayVideoPlaceholder() throws {
+        let frame1 = THW(1, 4, 6)
+        let frame2 = THW(1, 2, 4)
+        let prefixIds = turnTokens(frame: frame1, leadingText: 3, trailingText: 4)
+        let suffixIds =
+            turnTokens(frame: frame2, leadingText: 2, trailingText: 3) + [videoTokenId]
+        let full = input(ids: prefixIds + suffixIds, frames: [frame1, frame2])
+        XCTAssertNil(split(full, droppingFirst: prefixIds.count))
+    }
+
+    func testSplitRefusesNonUniformMask() throws {
+        let frame1 = THW(1, 4, 6)
+        let frame2 = THW(1, 2, 4)
+        let prefixIds = turnTokens(frame: frame1, leadingText: 3, trailingText: 4)
+        let suffixIds = turnTokens(frame: frame2, leadingText: 2, trailingText: 3)
+        let ids = prefixIds + suffixIds
+        var maskValues = Array(repeating: Int32(1), count: ids.count)
+        maskValues[0] = 0
+        let mask = MLXArray(maskValues).reshaped(1, ids.count).asType(.int8)
+        let full = input(ids: ids, frames: [frame1, frame2], mask: mask)
+        XCTAssertNil(split(full, droppingFirst: prefixIds.count))
+    }
+
+    /// A rank-1 suffix would route back to the cold path in
+    /// `prepare(_:cache:state:prefill:)`, which computes positions from zero.
+    func testSplitRefusesRankOneTokens() throws {
+        let frame1 = THW(1, 4, 6)
+        let frame2 = THW(1, 2, 4)
+        let prefixIds = turnTokens(frame: frame1, leadingText: 3, trailingText: 4)
+        let suffixIds = turnTokens(frame: frame2, leadingText: 2, trailingText: 3)
+        let flat = LMInput(
+            text: .init(tokens: MLXArray(prefixIds + suffixIds)),
+            image: LMInput.ProcessedImage(
+                pixels: pixels(rows: frame1.product + frame2.product),
+                frames: [frame1, frame2]))
+        XCTAssertNil(split(flat, droppingFirst: prefixIds.count))
+    }
+
+    func testSplitRefusesPrecomputedPositionIds() throws {
+        let frame1 = THW(1, 4, 6)
+        let frame2 = THW(1, 2, 4)
+        let prefixIds = turnTokens(frame: frame1, leadingText: 3, trailingText: 4)
+        let suffixIds = turnTokens(frame: frame2, leadingText: 2, trailingText: 3)
+        let ids = prefixIds + suffixIds
+        let withPositions = LMInput(
+            text: .init(tokens: MLXArray(ids).expandedDimensions(axis: 0)),
+            image: LMInput.ProcessedImage(
+                pixels: pixels(rows: frame1.product + frame2.product),
+                positionIds: MLXArray(Array(0 ..< ids.count)),
+                frames: [frame1, frame2]))
+        XCTAssertNil(split(withPositions, droppingFirst: prefixIds.count))
+    }
+
+    func testSplitRefusesMissingFrames() throws {
+        let frame1 = THW(1, 4, 6)
+        let ids = turnTokens(frame: frame1, leadingText: 3, trailingText: 4)
+        let noFrames = LMInput(
+            text: .init(tokens: MLXArray(ids).expandedDimensions(axis: 0)),
+            image: LMInput.ProcessedImage(pixels: pixels(rows: frame1.product)))
+        XCTAssertNil(split(noFrames, droppingFirst: 3))
+    }
+
+    func testSplitRefusesOutOfRangeBoundaries() throws {
+        let frame1 = THW(1, 4, 6)
+        let ids = turnTokens(frame: frame1, leadingText: 3, trailingText: 4)
+        let full = input(ids: ids, frames: [frame1])
+        XCTAssertNil(split(full, droppingFirst: 0))
+        XCTAssertNil(split(full, droppingFirst: ids.count))
+        XCTAssertNil(split(full, droppingFirst: ids.count + 5))
+    }
+
+    /// Nothing remains for the suffix -- the caller has no reason to reuse and the
+    /// split must not hand back an image-free payload that looks reusable.
+    func testSplitRefusesWhenAllMediaBelongsToThePrefix() throws {
+        let frame1 = THW(1, 4, 6)
+        let prefixIds = turnTokens(frame: frame1, leadingText: 3, trailingText: 4)
+        let suffixIds = Array(repeating: 3, count: 5)
+        let full = input(ids: prefixIds + suffixIds, frames: [frame1])
+        XCTAssertNil(split(full, droppingFirst: prefixIds.count))
+    }
+}

commit a56aee36d68aa75731937878922e723f5fe36905
Author: Alessio Pollero <alessio.pollero@gmail.com>
Date:   Mon Sep 14 20:12:49 2026 +0400

    Add bounded cross-dialect tool-call recovery (#548)
    
    ## Add bounded cross-dialect tool-call recovery
    
    - Recover textual tool-call protocols missed by the selected parser, while preserving native frames and response ordering. Adds streaming, authorization, EOS, buffer-limit, and performance coverage.
    - Validate native XML tool calls against the shared Qwen payload grammar.
    - Validate tool-call arguments conservatively: add a package-scoped, three-state schema evaluator that rejects only proven violations (unsupported schema assertions fail open) at the common executable-call boundary, applied consistently across generic, Harmony, and Onyx calls.
    - Tighten recovery promotion: EOS repair only re-frames text after a `[TOOL_CALLS]` marker; markerless rehearsals promote only under the permissive policy; union/combinator-typed arguments coerce from their wire value before validation.
    - Fix native tool-call scanning to resume correctly after false openers, preserving leading text for incomplete calls.
    - Make strict tool-call validation opt-in.

diff --git a/Libraries/MLXLLM/Documentation.docc/evaluation.md b/Libraries/MLXLLM/Documentation.docc/evaluation.md
index 7a1cab3..29db5fa 100644
--- a/Libraries/MLXLLM/Documentation.docc/evaluation.md
+++ b/Libraries/MLXLLM/Documentation.docc/evaluation.md
@@ -81,17 +81,34 @@ if !toolResults.isEmpty {
 }
 ```
 
-`Generation.toolCall` contains only parsed and authorized calls that may be
-considered for dispatch. Tool-call-shaped output that is malformed, incomplete,
+When tool schemas are supplied, `Generation.toolCall` contains only parsed and
+authorized calls that may be considered for dispatch. Tool-call-shaped output
+that is malformed, incomplete, exceeds the parser's bounded safety limit,
 or names an undeclared function is emitted separately as
 `Generation.rejectedToolCall`; rejected protocol is never returned as a normal
 response chunk. `rawTextPreview` is bounded for diagnostics but can contain
 sensitive argument values, so applications should not log or persist it
 automatically.
 
+Cross-dialect recovery defaults to `ToolCallRecoveryPolicy.conservative`. It
+accepts only structurally complete calls naming an exactly declared tool and
+keeps syntax inside reasoning spans, Markdown code, and ordinary JSON data
+inert. Set `GenerateParameters.toolCallPolicy.recovery` to `.disabled` to permit
+only the selected native dialect, or `.permissive` to allow the documented
+end-of-stream outer-close repair. `GenerateCompletionInfo` reports both
+`recoveredToolCallCount` and `rejectedToolCallCount` for production telemetry.
+
+`GenerateParameters.toolCallPolicy.validation` defaults to `.permissive`, leaving
+schema validation to the application. Set it to `.strict` to reject proven schema
+violations, including missing required arguments. Declared-tool authorization
+and native parser requirements apply in both modes.
+
 The example buffers accepted calls until the generation finishes. This makes
 dispatch atomic at the turn level: if a later call in the same model output is
 rejected, no earlier call has already caused an external side effect.
+`ChatSession` automatic dispatch also fails closed when tool schemas are absent
+or empty: no model-emitted call can reach the dispatch callback without an
+exactly matching declaration.
 
 When `ChatSession` builds its cache from messages, it retains the structured
 transcript and renders the complete conversation for every continuation, as
diff --git a/Libraries/MLXLMCommon/ChatSession.swift b/Libraries/MLXLMCommon/ChatSession.swift
index f8ab3bd..9778a76 100644
--- a/Libraries/MLXLMCommon/ChatSession.swift
+++ b/Libraries/MLXLMCommon/ChatSession.swift
@@ -315,6 +315,12 @@ public final class ChatSession {
 
     public var additionalContext: [String: any Sendable]?
     public var tools: [ToolSpec]?
+
+    /// Optional automatic dispatcher for accepted tool calls.
+    ///
+    /// Automatic dispatch is fail-closed: only calls naming a function declared
+    /// in ``tools`` can reach this callback. If `tools` is `nil` or empty, every
+    /// tool-call-shaped model output is rejected without invoking the callback.
     public var toolDispatch: (@Sendable (ToolCall) async throws -> String)?
 
     /// Speculative decoding configuration, nil if disabled.
@@ -898,6 +904,12 @@ public final class ChatSession {
                 speculativeDecoding
             ] in
             do {
+                // Automatic dispatch must always be schema-authorized. Treat a missing
+                // declaration list as an empty allowlist when a dispatcher is installed,
+                // rather than allowing the processor's schema-less parsing mode.
+                let toolValidationSchemas: [ToolSpec]? =
+                    toolDispatch == nil ? tools : (tools ?? [])
+
                 try await cache.update { cache in
 
                     // these are all Sendable
@@ -1201,7 +1213,8 @@ public final class ChatSession {
                                     modelConfiguration: modelConfiguration,
                                     tokenizer: tokenizer,
                                     iterator: iterator,
-                                    tools: tools)
+                                    tools: toolValidationSchemas,
+                                    toolCallPolicy: generateParameters.toolCallPolicy)
                             )
                         }
 
@@ -1324,7 +1337,8 @@ public final class ChatSession {
                                             modelConfiguration: modelConfiguration,
                                             tokenizer: tokenizer,
                                             iterator: iterator,
-                                            tools: tools))
+                                            tools: toolValidationSchemas,
+                                            toolCallPolicy: generateParameters.toolCallPolicy))
                                 }
                             }
                         } else {
diff --git a/Libraries/MLXLMCommon/Evaluate.swift b/Libraries/MLXLMCommon/Evaluate.swift
index 4ab8ecc..065a458 100644
--- a/Libraries/MLXLMCommon/Evaluate.swift
+++ b/Libraries/MLXLMCommon/Evaluate.swift
@@ -185,6 +185,9 @@ public struct GenerateParameters: Sendable {
     /// number of tokens to consider for frequency penalty
     public var frequencyContextSize: Int
 
+    /// Recovery and validation rules for generated tool calls.
+    public var toolCallPolicy: ToolCallPolicy
+
     public init(
         maxTokens: Int? = nil,
         maxKVSize: Int? = nil,
@@ -204,7 +207,8 @@ public struct GenerateParameters: Sendable {
         frequencyPenalty: Float? = nil,
         frequencyContextSize: Int = 20,
         prefill: PrefillParameters = .init(),
-        seed: UInt64? = nil
+        seed: UInt64? = nil,
+        toolCallPolicy: ToolCallPolicy = .init()
     ) {
         self.maxTokens = maxTokens
         self.maxKVSize = maxKVSize
@@ -225,6 +229,7 @@ public struct GenerateParameters: Sendable {
         self.frequencyContextSize = frequencyContextSize
         self.prefill = prefill
         self.seed = seed
+        self.toolCallPolicy = toolCallPolicy
     }
 
     @available(
@@ -960,7 +965,7 @@ public struct TokenIterator: TokenIteratorProtocol {
 
 /// Generator of tokens using speculative decoding.
 ///
-/// This is typically used via a call to ``generate(input:cache:state:parameters:context:draftModel:draftCache:numDraftTokens:components:wiredMemoryTicket:)``
+/// This is typically used via a call to ``generate(input:cache:state:parameters:context:draftModel:draftCache:numDraftTokens:components:wiredMemoryTicket:tools:)``
 /// returning `AsyncStream<Generation>`.
 ///
 /// To use it directly:
@@ -1701,7 +1706,7 @@ public func generate(
 /// * Important: if the stream is terminated early (e.g. break from the loop) computation will continue
 /// using the model, parameters, KVCache, etc. for some time (typically a few ms).  This is typically OK for
 /// one-shot calls, but for "chat session" type calls consider using
-/// ``generateTask(promptTokenCount:modelConfiguration:tokenizer:iterator:wiredMemoryTicket:tools:)``
+/// ``generateTask(promptTokenCount:modelConfiguration:tokenizer:iterator:wiredMemoryTicket:tools:toolCallPolicy:)``
 /// so that the end of the generation task can be observed.
 ///
 /// - Parameters:
@@ -1765,7 +1770,8 @@ public func generate(
         tokenizer: context.tokenizer,
         iterator: iterator,
         wiredMemoryTicket: wiredMemoryTicket,
-        tools: tools)
+        tools: tools,
+        toolCallPolicy: parameters.toolCallPolicy)
     return stream
 }
 
@@ -1819,6 +1825,7 @@ public func generate(
 ///   - numDraftTokens: Number of tokens the draft model proposes per round (default: 2).
 ///   - components: optional behavioral components, e.g. a custom ``LogitProcessor``
 ///   - wiredMemoryTicket: Optional wired memory ticket for policy-based coordination.
+///   - tools: Optional tool schemas used to parse arguments and authorize function names.
 /// - Returns: An `AsyncStream` that emits text, accepted or rejected tool calls, and completion
 ///   information as `Generation` values.
 /// - Throws: An error if the iterator initialization fails.
@@ -1832,7 +1839,8 @@ public func generate(
     draftCache: [KVCache]? = nil,
     numDraftTokens: Int = 2,
     components: GenerationComponents = .init(),
-    wiredMemoryTicket: WiredMemoryTicket? = nil
+    wiredMemoryTicket: WiredMemoryTicket? = nil,
+    tools: [[String: any Sendable]]? = nil
 ) throws -> AsyncStream<Generation> {
     let iterator = try SpeculativeTokenIterator(
         input: input,
@@ -1854,7 +1862,9 @@ public func generate(
         handler: TextToolTokenLoopHandler(
             tokenizer: context.tokenizer,
             stopStrings: context.configuration.effectiveStopStrings,
-            format: context.configuration.toolCallFormat ?? .json
+            format: context.configuration.toolCallFormat ?? .json,
+            tools: tools,
+            toolCallPolicy: parameters.toolCallPolicy
         )
     )
     return stream
@@ -1894,6 +1904,7 @@ public func generate(
 ///   - iterator: a token iterator conforming to ``TokenIteratorProtocol``
 ///   - wiredMemoryTicket: Optional wired memory ticket for policy-based coordination.
 ///   - tools: Optional tool schemas used to parse tool-call arguments into their declared types.
+///   - toolCallPolicy: Recovery and validation rules for generated tool calls.
 /// - Returns: An `AsyncStream` that emits `Generation` values and a `Task`
 public func generateTask<TOKEN: TokenIteratorProtocol>(
     promptTokenCount: Int,
@@ -1901,7 +1912,8 @@ public func generateTask<TOKEN: TokenIteratorProtocol>(
     tokenizer: Tokenizer,
     iterator: consuming TOKEN,
     wiredMemoryTicket: WiredMemoryTicket? = nil,
-    tools: [[String: any Sendable]]? = nil
+    tools: [[String: any Sendable]]? = nil,
+    toolCallPolicy: ToolCallPolicy = .init()
 ) -> (AsyncStream<Generation>, Task<Void, Never>) {
     generateLoopTask(
         promptTokenCount: promptTokenCount,
@@ -1913,7 +1925,8 @@ public func generateTask<TOKEN: TokenIteratorProtocol>(
             tokenizer: tokenizer,
             stopStrings: modelConfiguration.effectiveStopStrings,
             format: modelConfiguration.toolCallFormat ?? .json,
-            tools: tools
+            tools: tools,
+            toolCallPolicy: toolCallPolicy
         )
     )
 }
@@ -1926,7 +1939,8 @@ func generateTaskRecordingTokens<TOKEN: TokenIteratorProtocol>(
     tokenizer: Tokenizer,
     iterator: consuming TOKEN,
     wiredMemoryTicket: WiredMemoryTicket? = nil,
-    tools: [[String: any Sendable]]? = nil
+    tools: [[String: any Sendable]]? = nil,
+    toolCallPolicy: ToolCallPolicy = .init()
 ) -> (AsyncStream<Generation>, Task<[Int], Never>) {
     generateLoopTask(
         promptTokenCount: promptTokenCount,
@@ -1939,7 +1953,8 @@ func generateTaskRecordingTokens<TOKEN: TokenIteratorProtocol>(
             tokenizer: tokenizer,
             stopStrings: modelConfiguration.effectiveStopStrings,
             format: modelConfiguration.toolCallFormat ?? .json,
-            tools: tools
+            tools: tools,
+            toolCallPolicy: toolCallPolicy
         )
     )
 }
@@ -2047,7 +2062,7 @@ public func generateTokens(
 
 /// Generates tokens asynchronously using MTP speculative decoding.
 ///
-/// Parallel to ``generate(input:cache:state:parameters:context:draftModel:draftCache:numDraftTokens:components:wiredMemoryTicket:)``
+/// Parallel to ``generate(input:cache:state:parameters:context:draftModel:draftCache:numDraftTokens:components:wiredMemoryTicket:tools:)``
 /// but for MTP drafters: the drafter shares K/V with the target model and
 /// produces a block of `blockSize - 1` candidate tokens per round in a
 /// single `draftBlock(...)` call. The drafter shares the target's
@@ -2074,6 +2089,7 @@ public func generateTokens(
 ///     `draft_block_size`. Default 4 matches mlx-vlm's example configs.
 ///   - components: optional behavioral components, e.g. a custom ``LogitProcessor``
 ///   - wiredMemoryTicket: optional wired memory ticket.
+///   - tools: Optional tool schemas used to parse arguments and authorize function names.
 /// - Returns: an `AsyncStream<Generation>` yielding chunks and tool calls.
 /// - Throws: an error if the iterator initialization fails.
 public func generate(
@@ -2084,7 +2100,8 @@ public func generate(
     mtpDrafter: any MTPDrafterModel,
     blockSize: Int = 4,
     components: GenerationComponents = .init(),
-    wiredMemoryTicket: WiredMemoryTicket? = nil
+    wiredMemoryTicket: WiredMemoryTicket? = nil,
+    tools: [[String: any Sendable]]? = nil
 ) throws -> AsyncStream<Generation> {
     let iterator = try MTPSpeculativeTokenIterator(
         input: input,
@@ -2104,7 +2121,9 @@ public func generate(
         handler: TextToolTokenLoopHandler(
             tokenizer: context.tokenizer,
             stopStrings: context.configuration.effectiveStopStrings,
-            format: context.configuration.toolCallFormat ?? .json
+            format: context.configuration.toolCallFormat ?? .json,
+            tools: tools,
+            toolCallPolicy: parameters.toolCallPolicy
         )
     )
     return stream
@@ -2546,6 +2565,10 @@ public struct GenerateCompletionInfo: Sendable {
     /// Number of tool-call-shaped outputs rejected during this generation.
     public let rejectedToolCallCount: Int
 
+    /// Number of accepted calls produced by bounded cross-dialect recovery.
+    /// Native-format calls are intentionally excluded.
+    public let recoveredToolCallCount: Int
+
     /// The rendered prompt length: the reused cache prefix plus the prefilled tokens.
     public var totalPromptTokenCount: Int {
         cachedPromptTokenCount + promptTokenCount
@@ -2578,7 +2601,8 @@ public struct GenerateCompletionInfo: Sendable {
         acceptedDraftTokens: Int? = nil,
         passthroughReason: String? = nil,
         speculativeDecodingTelemetry: SpeculativeDecodingTelemetry? = nil,
-        rejectedToolCallCount: Int = 0
+        rejectedToolCallCount: Int = 0,
+        recoveredToolCallCount: Int = 0
     ) {
         self.promptTokenCount = promptTokenCount
         self.cachedPromptTokenCount = cachedPromptTokenCount
@@ -2591,6 +2615,7 @@ public struct GenerateCompletionInfo: Sendable {
         self.passthroughReason = passthroughReason
         self.speculativeDecodingTelemetry = speculativeDecodingTelemetry
         self.rejectedToolCallCount = rejectedToolCallCount
+        self.recoveredToolCallCount = recoveredToolCallCount
     }
 
     public func summary() -> String {
@@ -2606,7 +2631,7 @@ public struct GenerateCompletionInfo: Sendable {
         return lines.joined(separator: "\n")
     }
 
-    fileprivate func withRejectedToolCallCount(_ count: Int) -> Self {
+    fileprivate func withToolCallCounts(rejected: Int, recovered: Int) -> Self {
         Self(
             promptTokenCount: promptTokenCount,
             cachedPromptTokenCount: cachedPromptTokenCount,
@@ -2618,7 +2643,8 @@ public struct GenerateCompletionInfo: Sendable {
             acceptedDraftTokens: acceptedDraftTokens,
             passthroughReason: passthroughReason,
             speculativeDecodingTelemetry: speculativeDecodingTelemetry,
-            rejectedToolCallCount: count)
+            rejectedToolCallCount: rejected,
+            recoveredToolCallCount: recovered)
     }
 }
 
@@ -2794,10 +2820,12 @@ private struct TextToolTokenLoopHandler: TokenLoopHandler {
 
     init(
         tokenizer: Tokenizer, stopStrings: Set<String> = [], format: ToolCallFormat,
-        tools: [[String: any Sendable]]? = nil
+        tools: [[String: any Sendable]]? = nil,
+        toolCallPolicy: ToolCallPolicy = .init()
     ) {
         self.decoder = format.makeTokenStreamDecoder(
-            tokenizer: tokenizer, tools: tools, stopStrings: stopStrings)
+            tokenizer: tokenizer, tools: tools, stopStrings: stopStrings,
+            toolCallPolicy: toolCallPolicy)
     }
 
     var additionalStopTokenIDs: Set<Int> { decoder.additionalStopTokenIDs }
@@ -2831,7 +2859,10 @@ private struct TextToolTokenLoopHandler: TokenLoopHandler {
     }
 
     func infoEvent(_ info: GenerateCompletionInfo) -> Generation {
-        .info(info.withRejectedToolCallCount(decoder.rejectedToolCallCount))
+        .info(
+            info.withToolCallCounts(
+                rejected: decoder.rejectedToolCallCount,
+                recovered: decoder.recoveredToolCallCount))
     }
 
     private mutating func process(
diff --git a/Libraries/MLXLMCommon/ModelContainer.swift b/Libraries/MLXLMCommon/ModelContainer.swift
index 8c8a093..6ff669c 100644
--- a/Libraries/MLXLMCommon/ModelContainer.swift
+++ b/Libraries/MLXLMCommon/ModelContainer.swift
@@ -191,13 +191,15 @@ public final class ModelContainer: Sendable {
     ///   - input: Prepared language model input (transferred via `sending`)
     ///   - parameters: Generation parameters
     ///   - wiredMemoryTicket: Optional wired memory ticket for policy-based coordination
+    ///   - tools: Optional tool schemas used to parse arguments and authorize function names
     /// - Returns: An AsyncStream of generation events
     /// - Note: The `sending` parameter indicates the input is transferred (not shared),
     ///   allowing non-Sendable types like `LMInput` to safely cross isolation boundaries.
     public func generate(
         input: consuming sending LMInput,
         parameters: GenerateParameters,
-        wiredMemoryTicket: WiredMemoryTicket? = nil
+        wiredMemoryTicket: WiredMemoryTicket? = nil,
+        tools: [[String: any Sendable]]? = nil
     ) async throws -> AsyncStream<Generation> {
         let input = SendableBox(input)
 
@@ -213,7 +215,8 @@ public final class ModelContainer: Sendable {
                 input: input.consume(),
                 parameters: parameters,
                 context: context,
-                wiredMemoryTicket: wiredMemoryTicket
+                wiredMemoryTicket: wiredMemoryTicket,
+                tools: tools
             )
         }
     }
diff --git a/Libraries/MLXLMCommon/README.md b/Libraries/MLXLMCommon/README.md
index f505408..8e4422c 100644
--- a/Libraries/MLXLMCommon/README.md
+++ b/Libraries/MLXLMCommon/README.md
@@ -7,6 +7,9 @@
 - [MLXLLM](https://swiftpackageindex.com/ml-explore/mlx-swift-lm/main/documentation/mlxllm) -- large language model example implementations
 - [MLXVLM](https://swiftpackageindex.com/ml-explore/mlx-swift-lm/main/documentation/mlxvlm) -- vision language model example implementations
 
+Tool-call handling is configured through `GenerateParameters.toolCallPolicy`,
+which defaults to conservative recovery and permissive argument validation.
+
 # Quick Start
 
 Using LLMs and VLMs is as easy as:
diff --git a/Libraries/MLXLMCommon/Tool/Parsers/HarmonyOutputRouter.swift b/Libraries/MLXLMCommon/Tool/Parsers/HarmonyOutputRouter.swift
index 5a6d85a..10bfbe9 100644
--- a/Libraries/MLXLMCommon/Tool/Parsers/HarmonyOutputRouter.swift
+++ b/Libraries/MLXLMCommon/Tool/Parsers/HarmonyOutputRouter.swift
@@ -28,13 +28,39 @@ package struct HarmonyOutputRouter {
     /// Declared tool names the caller is willing to dispatch. `nil` means no
     /// tools were offered for this generation, so no tool calls are accepted.
     private let allowedToolNames: Set<String>?
+    /// The declared tools, kept for argument schema validation.
+    private let tools: [[String: any Sendable]]?
+    private let validationPolicy: ToolCallValidationPolicy
     private var hasEmittedToolCall = false
     private var reasoningDetokenizer: NaiveStreamingDetokenizer
     private var responseDetokenizer: NaiveStreamingDetokenizer
     private let tokenizer: any Tokenizer
 
+    package init(
+        tokenizer: any Tokenizer, tools: [[String: any Sendable]]?,
+        toolCallPolicy: ToolCallPolicy = .init()
+    ) {
+        self.init(
+            tokenizer: tokenizer,
+            allowedToolNames: Self.allowedToolNames(from: tools),
+            tools: tools, toolCallPolicy: toolCallPolicy)
+    }
+
+    /// Compatibility entry point for package clients that only need the
+    /// authorization boundary. Calls routed through it have no schema to check.
     package init(tokenizer: any Tokenizer, allowedToolNames: Set<String>?) {
+        self.init(tokenizer: tokenizer, allowedToolNames: allowedToolNames, tools: nil)
+    }
+
+    private init(
+        tokenizer: any Tokenizer,
+        allowedToolNames: Set<String>?,
+        tools: [[String: any Sendable]]?,
+        toolCallPolicy: ToolCallPolicy = .init()
+    ) {
         self.tokenizer = tokenizer
+        self.tools = tools
+        self.validationPolicy = toolCallPolicy.validation
         self.allowedToolNames = allowedToolNames
         self.reasoningDetokenizer = NaiveStreamingDetokenizer(tokenizer: tokenizer)
         self.responseDetokenizer = NaiveStreamingDetokenizer(tokenizer: tokenizer)
@@ -116,7 +142,7 @@ package struct HarmonyOutputRouter {
             // One committed tool call per generation turn.
             return []
         }
-        guard let arguments = strictJSONObject(payload) else {
+        guard var arguments = strictJSONObject(payload) else {
             return [
                 .rejectedToolCall(
                     rejection(.invalidArguments, name: name, rawText: payload))
@@ -128,6 +154,22 @@ package struct HarmonyOutputRouter {
                     rejection(.undeclaredTool, name: name, rawText: payload))
             ]
         }
+        let normalized = ToolArgumentNormalization.normalize(
+            ToolCall(function: .init(name: name, arguments: arguments)), tools: tools)
+        arguments = normalized.function.arguments
+        if validationPolicy == .strict,
+            case .invalid(let violations) = ToolSchemaValidator.validate(
+                arguments: arguments,
+                forToolNamed: name,
+                in: tools)
+        {
+            return [
+                .rejectedToolCall(
+                    rejection(
+                        .invalidArguments, name: name, rawText: payload,
+                        detail: ToolSchemaValidator.describe(violations)))
+            ]
+        }
 
         hasEmittedToolCall = true
         let toolCall = ToolCall(
@@ -139,14 +181,15 @@ package struct HarmonyOutputRouter {
     private func rejection(
         _ reason: RejectedToolCall.Reason,
         name: String?,
-        rawText: String
+        rawText: String,
+        detail: String? = nil
     ) -> RejectedToolCall {
         RejectedToolCall(
             reason: reason,
             format: .gptOSS,
             toolName: name,
             rawText: rawText,
-            detail: reason.diagnosticDetail)
+            detail: detail ?? reason.diagnosticDetail)
     }
 
     private func isAllowed(_ name: String) -> Bool {
diff --git a/Libraries/MLXLMCommon/Tool/Parsers/HarmonyStreamAdapter.swift b/Libraries/MLXLMCommon/Tool/Parsers/HarmonyStreamAdapter.swift
index 9bc5f6c..a0ea401 100644
--- a/Libraries/MLXLMCommon/Tool/Parsers/HarmonyStreamAdapter.swift
+++ b/Libraries/MLXLMCommon/Tool/Parsers/HarmonyStreamAdapter.swift
@@ -17,15 +17,15 @@ struct HarmonyStreamAdapter: TokenStreamDecoder {
     init?(
         tokenizer: any Tokenizer,
         tools: [[String: any Sendable]]?,
-        stopStrings: Set<String>
+        stopStrings: Set<String>,
+        toolCallPolicy: ToolCallPolicy = .init()
     ) {
         guard let parser = HarmonyFrameParser(tokenizer: tokenizer) else {
             return nil
         }
         self.parser = parser
         self.router = HarmonyOutputRouter(
-            tokenizer: tokenizer,
-            allowedToolNames: HarmonyOutputRouter.allowedToolNames(from: tools))
+            tokenizer: tokenizer, tools: tools, toolCallPolicy: toolCallPolicy)
         self.stopStringFilter = StopStringFilter(stopStrings: stopStrings)
         self.additionalStopTokenIDs = parser.semanticStopTokenIDs
     }
diff --git a/Libraries/MLXLMCommon/Tool/Parsers/JSONPrefixScanner.swift b/Libraries/MLXLMCommon/Tool/Parsers/JSONPrefixScanner.swift
new file mode 100644
index 0000000..c4a3717
--- /dev/null
+++ b/Libraries/MLXLMCommon/Tool/Parsers/JSONPrefixScanner.swift
@@ -0,0 +1,179 @@
+// Copyright © 2026 Apple Inc.
+
+/// Incrementally recognizes one JSON value without allocating decoded values.
+/// Used for context shielding: an impossible prefix is prose, an incomplete
+/// valid prefix is still data. Each byte is examined once, including in strings.
+struct JSONPrefixScanner {
+    enum Result {
+        case incomplete, invalid, depthLimit
+        case complete(byteCount: Int)
+    }
+
+    private enum Expectation {
+        case value, arrayValueOrEnd, keyOrEnd, key, colon
+        case arraySeparator, objectSeparator, end
+    }
+
+    private enum Token {
+        case none
+        case string(key: Bool)
+        case escape(key: Bool)
+        case unicode(remaining: Int, key: Bool)
+        case literal(remaining: ArraySlice<UInt8>)
+        case number(NumberState)
+    }
+
+    private enum NumberState {
+        case sign, zero, integer, point, fraction, exponent, exponentSign, exponentDigits
+
+        var canEnd: Bool {
+            switch self {
+            case .zero, .integer, .fraction, .exponentDigits: true
+            default: false
+            }
+        }
+
+        func next(_ byte: UInt8) -> Self? {
+            switch (self, byte) {
+            case (.sign, 48): .zero
+            case (.sign, 49 ... 57), (.integer, 48 ... 57): .integer
+            case (.zero, 46), (.integer, 46): .point
+            case (.point, 48 ... 57), (.fraction, 48 ... 57): .fraction
+            case (.zero, 69), (.zero, 101), (.integer, 69), (.integer, 101),
+                (.fraction, 69), (.fraction, 101):
+                .exponent
+            case (.exponent, 43), (.exponent, 45): .exponentSign
+            case (.exponent, 48 ... 57), (.exponentSign, 48 ... 57),
+                (.exponentDigits, 48 ... 57):
+                .exponentDigits
+            default: nil
+            }
+        }
+    }
+
+    private var expectation: Expectation = .value
+    private var parents: [Expectation] = []
+    private var token: Token = .none
+    private var consumed = 0
+
+    mutating func scan(_ text: String) -> Result {
+        let bytes = text.utf8
+        var index = bytes.index(bytes.startIndex, offsetBy: consumed)
+        while index < bytes.endIndex {
+            let byte = bytes[index]
+            switch token {
+            case .string(let key):
+                switch byte {
+                case 34:
+                    token = .none
+                    if key { expectation = .colon } else { completeValue() }
+                case 92: token = .escape(key: key)
+                case 0 ..< 32: return .invalid
+                default: break
+                }
+            case .escape(let key):
+                switch byte {
+                case 34, 47, 92, 98, 102, 110, 114, 116: token = .string(key: key)
+                case 117: token = .unicode(remaining: 4, key: key)
+                default: return .invalid
+                }
+            case .unicode(let remaining, let key):
+                guard
+                    (48 ... 57).contains(byte) || (65 ... 70).contains(byte)
+                        || (97 ... 102).contains(byte)
+                else { return .invalid }
+                token =
+                    remaining == 1
+                    ? .string(key: key) : .unicode(remaining: remaining - 1, key: key)
+            case .literal(let remaining):
+                guard byte == remaining.first else { return .invalid }
+                if remaining.count == 1 {
+                    token = .none
+                    completeValue()
+                } else {
+                    token = .literal(remaining: remaining.dropFirst())
+                }
+            case .number(let state):
+                if let next = state.next(byte) {
+                    token = .number(next)
+                } else {
+                    guard state.canEnd else { return .invalid }
+                    token = .none
+                    completeValue()
+                    // The delimiter belongs to the surrounding container.
+                    continue
+                }
+            case .none:
+                if expectation == .end { return .complete(byteCount: consumed) }
+                if [9, 10, 13, 32].contains(byte) {
+                    break
+                }
+                switch expectation {
+                case .value, .arrayValueOrEnd:
+                    if expectation == .arrayValueOrEnd, byte == 93 {
+                        closeContainer()
+                    } else {
+                        switch byte {
+                        case 123, 91:
+                            guard parents.count < 256 else { return .depthLimit }
+                            parents.append(byte == 123 ? .objectSeparator : .arraySeparator)
+                            expectation = byte == 123 ? .keyOrEnd : .arrayValueOrEnd
+                        case 34: token = .string(key: false)
+                        case 116: token = .literal(remaining: [114, 117, 101][...])
+                        case 102: token = .literal(remaining: [97, 108, 115, 101][...])
+                        case 110: token = .literal(remaining: [117, 108, 108][...])
+                        case 45: token = .number(.sign)
+                        case 48: token = .number(.zero)
+                        case 49 ... 57: token = .number(.integer)
+                        default: return .invalid
+                        }
+                    }
+                case .key, .keyOrEnd:
+                    if expectation == .keyOrEnd, byte == 125 {
+                        closeContainer()
+                    } else {
+                        guard byte == 34 else { return .invalid }
+                        token = .string(key: true)
+                    }
+                case .colon:
+                    guard byte == 58 else { return .invalid }
+                    expectation = .value
+                case .arraySeparator:
+                    if byte == 93 {
+                        closeContainer()
+                    } else if byte == 44 {
+                        expectation = .value
+                    } else {
+                        return .invalid
+                    }
+                case .objectSeparator:
+                    if byte == 125 {
+                        closeContainer()
+                    } else if byte == 44 {
+                        expectation = .key
+                    } else {
+                        return .invalid
+                    }
+                case .end: break
+                }
+            }
+            bytes.formIndex(after: &index)
+            consumed += 1
+            if expectation == .end, case .none = token {
+                return .complete(byteCount: consumed)
+            }
+        }
+        return .incomplete
+    }
+
+    private mutating func completeValue() {
+        // A key's value follows a colon; array values have no key. The
+        // container kind is represented by the continuation on the stack.
+        expectation = parents.last ?? .end
+    }
+
+    private mutating func closeContainer() {
+        parents.removeLast()
+        completeValue()
+    }
+}
diff --git a/Libraries/MLXLMCommon/Tool/Parsers/JSONToolCallParser.swift b/Libraries/MLXLMCommon/Tool/Parsers/JSONToolCallParser.swift
index 4d9c0ce..0cd6511 100644
--- a/Libraries/MLXLMCommon/Tool/Parsers/JSONToolCallParser.swift
+++ b/Libraries/MLXLMCommon/Tool/Parsers/JSONToolCallParser.swift
@@ -7,9 +7,11 @@ import Foundation
 public struct JSONToolCallParser: ToolCallParser, Sendable {
     public let startTag: String?
     public let endTag: String?
+    public let supportsBareJSON: Bool
     private let jsonObjectScanner = JSONLeadingObjectScanner(startCharacter: "{")
 
-    public init(startTag: String, endTag: String) {
+    public init(startTag: String, endTag: String, supportsBareJSON: Bool = false) {
+        self.supportsBareJSON = supportsBareJSON
         self.startTag = startTag
         self.endTag = endTag
     }
@@ -17,20 +19,27 @@ public struct JSONToolCallParser: ToolCallParser, Sendable {
     public func parse(content: String, tools: [[String: any Sendable]]?) -> ToolCall? {
         guard let start = startTag, let end = endTag else { return nil }
 
-        // Find the JSON content between tags
-        var text = content
-
-        // Strip tags if present
-        if let startRange = text.range(of: start) {
-            text = String(text[startRange.upperBound...])
+        var text = content.trimmingCharacters(in: .whitespacesAndNewlines)
+        // A bare JSON payload may contain literal protocol markers in its
+        // strings. Only wrapper tags outside that payload are delimiters.
+        if !text.hasPrefix("{"), let startRange = text.range(of: start) {
+            text = String(text[startRange.upperBound...]).trimmingCharacters(
+                in: .whitespacesAndNewlines)
         }
-        if let endRange = text.range(of: end) {
-            text = String(text[..<endRange.lowerBound])
+        if text.hasSuffix(end) {
+            text.removeLast(end.count)
         }
 
-        let jsonStr = text.trimmingCharacters(in: .whitespacesAndNewlines)
+        return parsePayload(text)
+    }
 
-        return parseToolCall(from: jsonStr) ?? parseRedundantOuterBraces(from: jsonStr)
+    /// Parse an already-extracted JSON payload without searching for protocol
+    /// delimiters again. Framing-aware callers use this after finding the
+    /// structural outer close, so a literal end-tag string inside an argument
+    /// remains JSON data rather than truncating the payload.
+    func parsePayload(_ payload: String) -> ToolCall? {
+        let json = payload.trimmingCharacters(in: .whitespacesAndNewlines)
+        return parseToolCall(from: json) ?? parseRedundantOuterBraces(from: json)
     }
 
     /// Some Qwen chat templates emit an EOS-delimited JSON call with a
diff --git a/Libraries/MLXLMCommon/Tool/Parsers/Llama3ToolCallParser.swift b/Libraries/MLXLMCommon/Tool/Parsers/Llama3ToolCallParser.swift
index b3661e6..e699afa 100644
--- a/Libraries/MLXLMCommon/Tool/Parsers/Llama3ToolCallParser.swift
+++ b/Libraries/MLXLMCommon/Tool/Parsers/Llama3ToolCallParser.swift
@@ -8,6 +8,7 @@ import Foundation
 public struct Llama3ToolCallParser: ToolCallParser, Sendable {
     public let startTag: String? = nil
     public let endTag: String? = nil
+    public let supportsBareJSON = true
 
     public init() {}
 
diff --git a/Libraries/MLXLMCommon/Tool/Parsers/MiniMaxM2ToolCallParser.swift b/Libraries/MLXLMCommon/Tool/Parsers/MiniMaxM2ToolCallParser.swift
index ab17451..1644189 100644
--- a/Libraries/MLXLMCommon/Tool/Parsers/MiniMaxM2ToolCallParser.swift
+++ b/Libraries/MLXLMCommon/Tool/Parsers/MiniMaxM2ToolCallParser.swift
@@ -70,8 +70,10 @@ public struct MiniMaxM2ToolCallParser: ToolCallParser, Sendable {
 
             // Get types from schema for this parameter
             let paramSchema = paramConfig[paramName] as? [String: any Sendable]
-            let paramTypes = extractTypesFromSchema(paramSchema)
-            arguments[paramName] = convertValueWithTypes(paramValue, types: paramTypes)
+            arguments[paramName] =
+                ToolArgumentNormalization.normalize(
+                    .string(paramValue), schema: paramSchema
+                ).sendableValue
 
             searchRange = paramEnd.upperBound ..< paramSection.endIndex
         }
diff --git a/Libraries/MLXLMCommon/Tool/Parsers/OnyxStreamAdapter.swift b/Libraries/MLXLMCommon/Tool/Parsers/OnyxStreamAdapter.swift
index f26c8c7..346095e 100644
--- a/Libraries/MLXLMCommon/Tool/Parsers/OnyxStreamAdapter.swift
+++ b/Libraries/MLXLMCommon/Tool/Parsers/OnyxStreamAdapter.swift
@@ -166,15 +166,20 @@ private struct OnyxProtocolDecoder {
     private let tokenizer: any Tokenizer
     private let toolParser = ATEMToolCallParser()
     private let tools: [[String: any Sendable]]?
+    private let validationPolicy: ToolCallValidationPolicy
     private var reasoningDetokenizer: NaiveStreamingDetokenizer
     private var responseDetokenizer: NaiveStreamingDetokenizer
     private(set) var isInsideReasoning = false
 
-    init?(tokenizer: any Tokenizer, tools: [[String: any Sendable]]?) {
+    init?(
+        tokenizer: any Tokenizer, tools: [[String: any Sendable]]?,
+        toolCallPolicy: ToolCallPolicy = .init()
+    ) {
         guard let parser = OnyxFrameParser(tokenizer: tokenizer) else { return nil }
         self.parser = parser
         self.tokenizer = tokenizer
         self.tools = tools
+        self.validationPolicy = toolCallPolicy.validation
         self.reasoningDetokenizer = NaiveStreamingDetokenizer(tokenizer: tokenizer)
         self.responseDetokenizer = NaiveStreamingDetokenizer(tokenizer: tokenizer)
     }
@@ -220,11 +225,28 @@ private struct OnyxProtocolDecoder {
                 responseDetokenizer = NaiveStreamingDetokenizer(tokenizer: tokenizer)
             case .tool(let recipient):
                 let text = tokenizer.decode(tokenIds: payload, skipSpecialTokens: false)
-                guard let call = toolParser.parse(content: text, tools: tools),
+                guard var call = toolParser.parse(content: text, tools: tools),
                     call.function.name == recipient
                 else {
                     return .protocolError("Rejected Onyx tool frame for recipient \(recipient)")
                 }
+                // The ATEM parser already enforces required parameters and
+                // typed values; check the full schema before the call leaves.
+                call = ToolArgumentNormalization.normalize(call, tools: tools)
+                if validationPolicy == .strict,
+                    case .invalid(let violations) = ToolSchemaValidator.validate(
+                        arguments: call.function.arguments,
+                        forToolNamed: call.function.name,
+                        in: tools)
+                {
+                    return .rejectedToolCall(
+                        RejectedToolCall(
+                            reason: .invalidArguments,
+                            format: .atem,
+                            toolName: call.function.name,
+                            rawText: text,
+                            detail: ToolSchemaValidator.describe(violations)))
+                }
                 return .toolCall(
                     ToolCall(
                         function: call.function,
@@ -244,6 +266,7 @@ private struct OnyxProtocolDecoder {
 struct OnyxStreamAdapter: TokenStreamDecoder {
     private var protocolDecoder: OnyxProtocolDecoder
     private var stopStringFilter: StopStringFilter
+    private(set) var rejectedToolCallCount = 0
     let additionalStopTokenIDs: Set<Int>
     let receivesStopTokens = true
 
@@ -252,9 +275,13 @@ struct OnyxStreamAdapter: TokenStreamDecoder {
     init?(
         tokenizer: any Tokenizer,
         tools: [[String: any Sendable]]?,
-        stopStrings: Set<String>
+        stopStrings: Set<String>,
+        toolCallPolicy: ToolCallPolicy = .init()
     ) {
-        guard let decoder = OnyxProtocolDecoder(tokenizer: tokenizer, tools: tools) else {
+        guard
+            let decoder = OnyxProtocolDecoder(
+                tokenizer: tokenizer, tools: tools, toolCallPolicy: toolCallPolicy)
+        else {
             return nil
         }
         self.protocolDecoder = decoder
@@ -295,6 +322,7 @@ struct OnyxStreamAdapter: TokenStreamDecoder {
             }
             return emit(.toolCall(call))
         case .rejectedToolCall(let rejection):
+            rejectedToolCallCount += 1
             if let response = stopStringFilter.finish(), !emit(.response(response)) {
                 return false
             }
diff --git a/Libraries/MLXLMCommon/Tool/Parsers/ParserUtilities.swift b/Libraries/MLXLMCommon/Tool/Parsers/ParserUtilities.swift
index e7081e0..efce580 100644
--- a/Libraries/MLXLMCommon/Tool/Parsers/ParserUtilities.swift
+++ b/Libraries/MLXLMCommon/Tool/Parsers/ParserUtilities.swift
@@ -163,109 +163,21 @@ func isDeclaredTool(
 /// Convert parameter value based on multiple possible types.
 /// Reference: https://github.com/ml-explore/mlx-lm/blob/main/mlx_lm/tool_parsers/minimax_m2.py
 func convertValueWithTypes(_ value: String, types: [String]) -> any Sendable {
-    let lowerValue = value.lowercased()
-
-    // Handle null values
-    if ["null", "none", "nil"].contains(lowerValue) {
-        return NSNull()
-    }
-
-    let normalizedTypes = Set(types.map { $0.lowercased() })
-
-    // Priority: integer > number > boolean > object > array > string
-    let typePriority = [
-        "integer", "int", "number", "float", "boolean", "bool",
-        "object", "array", "string", "str", "text",
-    ]
-
-    for paramType in typePriority {
-        guard normalizedTypes.contains(paramType) else { continue }
-
-        switch paramType {
-        case "string", "str", "text":
-            return value
-
-        case "integer", "int":
-            if let intVal = Int(value) {
-                return intVal
-            }
-
-        case "number", "float":
-            if let floatVal = Double(value) {
-                let intVal = Int(floatVal)
-                return floatVal != Double(intVal) ? floatVal : intVal
-            }
-
-        case "boolean", "bool":
-            let trimmed = lowerValue.trimmingCharacters(in: .whitespaces)
-            if ["true", "1", "yes", "on"].contains(trimmed) {
-                return true
-            } else if ["false", "0", "no", "off"].contains(trimmed) {
-                return false
-            }
-
-        case "object", "array":
-            if let json = tryParseJSON(value) {
-                return json
-            }
-
-        default:
-            continue
-        }
-    }
-
-    // Fallback: try JSON parse, then return as string
-    return tryParseJSON(value) ?? value
+    ToolArgumentNormalization.normalize(.string(value), schema: ["type": types]).sendableValue
 }
 
-/// Convert parameter value based on schema type.
-/// Reference: https://github.com/ml-explore/mlx-lm/blob/main/mlx_lm/tool_parsers/qwen3_coder.py
+/// Read a textual parameter using its declared schema; unknown or ambiguous
+/// schemas preserve the original text. Validation is a separate boundary.
 func convertParameterValue(
     _ value: String, paramName: String, funcName: String, tools: [[String: any Sendable]]?
 ) -> any Sendable {
-    guard let paramType = getParameterType(funcName: funcName, paramName: paramName, tools: tools)
-    else {
-        return value
-    }
-
-    let type = paramType.lowercased()
-
-    // String types - return as-is
-    if ["string", "str", "text", "varchar", "char", "enum"].contains(type) {
-        return value
-    }
-
-    // Integer types
-    if type.hasPrefix("int") || type.hasPrefix("uint")
-        || type.hasPrefix("long") || type.hasPrefix("short")
-        || type.hasPrefix("unsigned")
-    {
-        return Int(value) ?? value
-    }
-
-    // Float types
-    if type.hasPrefix("num") || type.hasPrefix("float") {
-        if let floatVal = Double(value) {
-            let intVal = Int(floatVal)
-            return floatVal != Double(intVal) ? floatVal : intVal
-        }
-        return value
-    }
-
-    // Boolean types
-    if ["boolean", "bool", "binary"].contains(type) {
-        return ["true", "1", "yes", "on"].contains(
-            value.lowercased().trimmingCharacters(in: .whitespaces))
-    }
-
-    // Object/Array types - JSON decode
-    if ["object", "array"].contains(type) || type.hasPrefix("dict") || type.hasPrefix("list") {
-        if let json = tryParseJSON(value) {
-            return json
-        }
-    }
-
-    return value
+    guard let tools,
+        let parameters = ToolSchemaValidator.parametersSchema(ofToolNamed: funcName, in: tools),
+        let properties = parameters["properties"] as? [String: any Sendable]
+    else { return value }
+    return ToolArgumentNormalization.normalize(
+        .string(value), schema: properties[paramName] as? [String: any Sendable]
+    ).sendableValue
 }
 
 // MARK: - String Utilities
diff --git a/Libraries/MLXLMCommon/Tool/Parsers/PythonLiteralParser.swift b/Libraries/MLXLMCommon/Tool/Parsers/PythonLiteralParser.swift
index a48ee85..9edb860 100644
--- a/Libraries/MLXLMCommon/Tool/Parsers/PythonLiteralParser.swift
+++ b/Libraries/MLXLMCommon/Tool/Parsers/PythonLiteralParser.swift
@@ -11,6 +11,7 @@ import Foundation
 struct PythonLiteralParser {
     private let source: Substring
     private var index: String.Index
+    private var depth = 0
 
     private init(_ source: Substring) {
         self.source = source
@@ -21,6 +22,17 @@ struct PythonLiteralParser {
         var parser = Self(source)
         guard let value = parser.parseValue() else { return nil }
         parser.skipWhitespace()
+        if parser.consume(",") {
+            var values = [value]
+            repeat {
+                parser.skipWhitespace()
+                if parser.current == nil { return values }
+                guard let next = parser.parseValue() else { return nil }
+                values.append(next)
+                parser.skipWhitespace()
+            } while parser.consume(",")
+            return parser.current == nil ? values : nil
+        }
         return parser.index == source.endIndex ? value : nil
     }
 
@@ -29,12 +41,15 @@ struct PythonLiteralParser {
     }
 
     private mutating func parseValue() -> (any Sendable)? {
+        guard depth < 32 else { return nil }
+        depth += 1
+        defer { depth -= 1 }
         skipWhitespace()
 
         switch current {
         case "'", "\"":
             return parseString()
-        case "[":
+        case "[", "(":
             return parseArray()
         case "{":
             return parseObject()
@@ -46,21 +61,25 @@ struct PythonLiteralParser {
     }
 
     private mutating func parseArray() -> (any Sendable)? {
-        guard consume("[") else { return nil }
+        let tuple = current == "("
+        guard consume(tuple ? "(" : "[") else { return nil }
+        let close: Character = tuple ? ")" : "]"
+        var hasComma = false
         skipWhitespace()
 
         var values: [any Sendable] = []
-        if consume("]") { return values }
+        if consume(close) { return values }
 
         while true {
             guard let value = parseValue() else { return nil }
             values.append(value)
             skipWhitespace()
 
-            if consume("]") { return values }
+            if consume(close) { return tuple && !hasComma ? value : values }
             guard consume(",") else { return nil }
+            hasComma = true
             skipWhitespace()
-            if consume("]") { return values }
+            if consume(close) { return values }
         }
     }
 
@@ -146,7 +165,7 @@ struct PythonLiteralParser {
         let start = index
         while let character = current,
             !character.isWhitespace,
-            ![",", "]", "}"].contains(character)
+            ![",", "]", "}", ")"].contains(character)
         {
             advance()
         }
diff --git a/Libraries/MLXLMCommon/Tool/Parsers/Qwen35ToolCallParser.swift b/Libraries/MLXLMCommon/Tool/Parsers/Qwen35ToolCallParser.swift
index d7dccaf..90c3057 100644
--- a/Libraries/MLXLMCommon/Tool/Parsers/Qwen35ToolCallParser.swift
+++ b/Libraries/MLXLMCommon/Tool/Parsers/Qwen35ToolCallParser.swift
@@ -13,13 +13,11 @@ public struct Qwen35ToolCallParser: ToolCallParser, Sendable {
     public let startTag: String?
     public let endTag: String?
 
-    private let xmlParser: XMLFunctionParser
     private let jsonParser: JSONToolCallParser
 
     public init(startTag: String, endTag: String) {
         self.startTag = startTag
         self.endTag = endTag
-        self.xmlParser = XMLFunctionParser(startTag: startTag, endTag: endTag)
         self.jsonParser = JSONToolCallParser(startTag: startTag, endTag: endTag)
     }
 
@@ -28,10 +26,9 @@ public struct Qwen35ToolCallParser: ToolCallParser, Sendable {
 
         let call: ToolCall?
         if payload.hasPrefix("<function=") {
-            guard isCanonicalXMLPayload(payload) else { return nil }
-            call = xmlParser.parse(content: payload, tools: tools)
+            call = parseCanonicalXML(payload, tools: tools)
         } else if payload.hasPrefix("{") {
-            call = jsonParser.parse(content: payload, tools: tools)
+            call = jsonParser.parsePayload(payload)
         } else {
             return nil
         }
@@ -45,57 +42,19 @@ public struct Qwen35ToolCallParser: ToolCallParser, Sendable {
     /// Returns the body used only to select a parser. The concrete parser remains
     /// responsible for validating the entire payload.
     private func payloadBody(in content: String) -> String? {
-        var payload = content.trimmingCharacters(in: .whitespacesAndNewlines)
-
-        if let startTag, payload.hasPrefix(startTag) {
-            payload.removeFirst(startTag.count)
-            payload = payload.trimmingCharacters(in: .whitespacesAndNewlines)
-        }
-        if let endTag {
-            if payload.hasSuffix(endTag) {
-                payload.removeLast(endTag.count)
-                payload = payload.trimmingCharacters(in: .whitespacesAndNewlines)
-            } else if payload.contains(endTag) {
-                // The streaming processor normally separates trailing content.
-                // Direct parser callers must not have it silently discarded.
-                return nil
-            }
-        }
-
-        return payload
-    }
-
-    /// Validate the whole XML body before delegating value conversion to the
-    /// existing parser. This prevents a recognizable prefix plus unrelated or
-    /// mixed-dialect text from becoming an executable call.
-    private func isCanonicalXMLPayload(_ payload: String) -> Bool {
-        var remainder = payload[...]
-        guard consumeNamedOpeningTag("<function=", from: &remainder) else { return false }
-
-        while true {
-            remainder = remainder.drop(while: { $0.isWhitespace })
-            if remainder.hasPrefix("</function>") {
-                remainder = remainder.dropFirst("</function>".count)
-                return remainder.allSatisfy(\.isWhitespace)
-            }
-
-            guard consumeNamedOpeningTag("<parameter=", from: &remainder),
-                let parameterEnd = remainder.range(of: "</parameter>")
-            else { return false }
-            remainder = remainder[parameterEnd.upperBound...]
-        }
+        QwenXMLPayloadScanner.framedPayload(
+            in: content, startTag: startTag, endTag: endTag)
     }
 
-    private func consumeNamedOpeningTag(
-        _ prefix: String, from text: inout Substring
-    ) -> Bool {
-        guard text.hasPrefix(prefix) else { return false }
-        text = text.dropFirst(prefix.count)
-        guard let closingAngle = text.firstIndex(of: ">") else { return false }
-
-        let name = text[..<closingAngle]
-        guard !name.isEmpty, !name.contains(where: \.isWhitespace) else { return false }
-        text = text[text.index(after: closingAngle)...]
-        return true
+    /// Validate and extract a canonical XML payload with the shared structural
+    /// scanner. Validation and value extraction use the same grammar, so a
+    /// parameter value containing a literal `</function>` cannot truncate the
+    /// parse into silently incomplete arguments, and a recognizable prefix plus
+    /// unrelated or mixed-dialect text never becomes an executable call.
+    private func parseCanonicalXML(
+        _ payload: String,
+        tools: [[String: any Sendable]]?
+    ) -> ToolCall? {
+        QwenXMLPayloadScanner.parseCanonical(payload[...], tools: tools)
     }
 }
diff --git a/Libraries/MLXLMCommon/Tool/Parsers/QwenXMLPayloadScanner.swift b/Libraries/MLXLMCommon/Tool/Parsers/QwenXMLPayloadScanner.swift
new file mode 100644
index 0000000..57a6bbc
--- /dev/null
+++ b/Libraries/MLXLMCommon/Tool/Parsers/QwenXMLPayloadScanner.swift
@@ -0,0 +1,300 @@
+// Copyright © 2026 Apple Inc.
+
+import Foundation
+
+/// Shared structural scanner for the Qwen XML function dialect:
+/// `<function=name><parameter=key>value</parameter>...</function>`.
+///
+/// `XMLFunctionParser` and `Qwen35ToolCallParser` validate native payloads with
+/// this scanner, and the cross-dialect recovery scanner uses the same
+/// implementation for candidate extents and argument extraction. There is
+/// exactly one definition of a canonical payload, so a malformed or ambiguous
+/// payload cannot be promoted through a looser secondary path:
+///
+/// - the function close is the structural close, not the first textual
+///   `</function>` (a parameter value may contain that literal),
+/// - every opened `<parameter=` must close with `</parameter>`,
+/// - the payload must be consumed in full, apart from whitespace.
+enum QwenXMLPayloadScanner {
+
+    /// A canonically valid payload.
+    struct Payload {
+        let name: String
+        /// Parameters in source order. Each value is the verbatim text between
+        /// the parameter's `>` and its matching `</parameter>`.
+        let parameters: [(name: String, value: Substring)]
+        /// Index just past the payload (after `</function>`, or after the last
+        /// parameter when a missing close is explicitly allowed).
+        let end: String.Index
+    }
+
+    enum ScanResult {
+        /// The payload is structurally complete and canonical.
+        case complete(Payload)
+        /// The buffer ended before completeness or malformation could be
+        /// decided; more input may still complete it.
+        case needMore
+        /// A structural violation was found. `consumed` marks the extent that
+        /// was examined, suitable for a bounded rejection diagnostic.
+        case malformed(consumed: String.Index)
+    }
+
+    static let functionOpen = "<function="
+    static let functionClose = "</function>"
+    static let parameterOpen = "<parameter="
+    static let parameterClose = "</parameter>"
+
+    /// Scan a payload that must begin with `<function=`.
+    ///
+    /// - Parameter allowMissingFunctionClose: when `true`, a payload that is
+    ///   canonical except for the final `</function>` also reports
+    ///   `.complete`. Used only by permissive end-of-stream repair.
+    static func scan(
+        _ text: Substring,
+        allowMissingFunctionClose: Bool = false
+    ) -> ScanResult {
+        var index = text.startIndex
+
+        switch matchLiteral(functionOpen, in: text, at: index) {
+        case .matched(let after): index = after
+        case .needMore: return .needMore
+        case .noMatch: return .malformed(consumed: index)
+        }
+
+        // Function name: everything up to `>`; non-empty, no whitespace.
+        guard let nameEnd = text[index...].firstIndex(of: ">") else { return .needMore }
+        let name = text[index ..< nameEnd]
+        guard !name.isEmpty, !name.contains(where: \.isWhitespace) else {
+            return .malformed(consumed: text.index(after: nameEnd))
+        }
+        index = text.index(after: nameEnd)
+
+        var parameters: [(name: String, value: Substring)] = []
+
+        while true {
+            while index < text.endIndex, text[index].isWhitespace {
+                index = text.index(after: index)
+            }
+            guard index < text.endIndex else {
+                if allowMissingFunctionClose {
+                    return .complete(
+                        Payload(name: String(name), parameters: parameters, end: index))
+                }
+                return .needMore
+            }
+
+            switch matchLiteral(functionClose, in: text, at: index) {
+            case .matched(let after):
+                return .complete(
+                    Payload(name: String(name), parameters: parameters, end: after))
+            case .needMore:
+                return .needMore
+            case .noMatch:
+                break
+            }
+
+            switch matchLiteral(parameterOpen, in: text, at: index) {
+            case .matched(let after):
+                index = after
+            case .needMore:
+                return .needMore
+            case .noMatch:
+                return .malformed(consumed: index)
+            }
+
+            guard let parameterNameEnd = text[index...].firstIndex(of: ">") else {
+                return .needMore
+            }
+            let parameterName = text[index ..< parameterNameEnd]
+            guard !parameterName.isEmpty, !parameterName.contains(where: \.isWhitespace) else {
+                return .malformed(consumed: text.index(after: parameterNameEnd))
+            }
+            let valueStart = text.index(after: parameterNameEnd)
+
+            // The parameter value is opaque text up to the first
+            // `</parameter>`. An unterminated value may simply need more input;
+            // the bounded buffer upstream decides when to give up.
+            guard
+                let valueEnd = text.range(
+                    of: parameterClose, range: valueStart ..< text.endIndex)
+            else { return .needMore }
+            parameters.append(
+                (name: String(parameterName), value: text[valueStart ..< valueEnd.lowerBound]))
+            index = valueEnd.upperBound
+        }
+    }
+
+    /// Whether `payload` is canonical in full: structurally valid with nothing
+    /// but whitespace after the closing tag.
+    static func isCanonical(_ payload: Substring) -> Bool {
+        guard case .complete(let parsed) = scan(payload) else { return false }
+        return payload[parsed.end...].allSatisfy(\.isWhitespace)
+    }
+
+    /// Parse a payload that must be canonical *in full* into a `ToolCall`.
+    ///
+    /// This is the only supported way to turn the Qwen XML dialect into an
+    /// executable call. Validation and value extraction share one grammar, so a
+    /// structurally degraded payload can never be downgraded into a call with
+    /// silently missing arguments.
+    ///
+    /// - Parameter allowMissingFunctionClose: see ``scan(_:allowMissingFunctionClose:)``.
+    ///   Only documented end-of-stream repair may set this.
+    static func parseCanonical(
+        _ payload: Substring,
+        tools: [[String: any Sendable]]?,
+        allowMissingFunctionClose: Bool = false
+    ) -> ToolCall? {
+        guard
+            case .complete(let parsed) = scan(
+                payload, allowMissingFunctionClose: allowMissingFunctionClose),
+            payload[parsed.end...].allSatisfy(\.isWhitespace)
+        else { return nil }
+        return parsed.toolCall(tools: tools)
+    }
+
+    /// Strip the optional framing tags from `content`, returning the payload a
+    /// parser must then validate in full.
+    ///
+    /// Returns `nil` when `endTag` appears anywhere other than the very end: the
+    /// streaming processor separates trailing content before parsing, so a
+    /// direct caller must never have it silently discarded. A close marker
+    /// *inside* a parameter value is unaffected, because the trailing marker is
+    /// removed as a suffix before that check can apply.
+    static func framedPayload(
+        in content: String,
+        startTag: String?,
+        endTag: String?
+    ) -> String? {
+        var payload = content.trimmingCharacters(in: .whitespacesAndNewlines)
+
+        if let startTag, payload.hasPrefix(startTag) {
+            payload.removeFirst(startTag.count)
+            payload = payload.trimmingCharacters(in: .whitespacesAndNewlines)
+        }
+        if let endTag {
+            if payload.hasSuffix(endTag) {
+                payload.removeLast(endTag.count)
+                payload = payload.trimmingCharacters(in: .whitespacesAndNewlines)
+            } else if payload.contains(endTag) {
+                return nil
+            }
+        }
+
+        return payload
+    }
+
+    private enum LiteralMatch {
+        case matched(after: String.Index)
+        case needMore
+        case noMatch
+    }
+
+    /// Match `literal` at `index`, distinguishing "not here" from "the buffer
+    /// ended while it could still complete".
+    private static func matchLiteral(
+        _ literal: String,
+        in text: Substring,
+        at index: String.Index
+    ) -> LiteralMatch {
+        var literalIndex = literal.startIndex
+        var textIndex = index
+        while literalIndex < literal.endIndex {
+            guard textIndex < text.endIndex else { return .needMore }
+            guard text[textIndex] == literal[literalIndex] else { return .noMatch }
+            literalIndex = literal.index(after: literalIndex)
+            textIndex = text.index(after: textIndex)
+        }
+        return .matched(after: textIndex)
+    }
+}
+
+extension QwenXMLPayloadScanner.Payload {
+
+    /// The single definition of how a canonical payload becomes call arguments.
+    ///
+    /// Every caller — the native ``XMLFunctionParser`` and ``Qwen35ToolCallParser``
+    /// paths as well as cross-dialect recovery — funnels through this method, so
+    /// argument extraction cannot drift between them.
+    func toolCall(tools: [[String: any Sendable]]?) -> ToolCall {
+        var arguments: [String: any Sendable] = [:]
+        for parameter in parameters {
+            var value = String(parameter.value)
+            // Trim a single leading/trailing newline (matching the Qwen3 Coder
+            // reference implementation, which formats values on their own line).
+            if value.hasPrefix("\n") { value = String(value.dropFirst()) }
+            if value.hasSuffix("\n") { value = String(value.dropLast()) }
+            arguments[parameter.name] = convertParameterValue(
+                value, paramName: parameter.name, funcName: name, tools: tools)
+        }
+        return ToolCall(function: .init(name: name, arguments: arguments))
+    }
+}
+
+/// Structural framing for `<tool_call>...</tool_call>` payloads, shared by the
+/// native tagged streaming path and cross-dialect recovery so both always agree
+/// on where a frame ends.
+///
+/// A frame closes only after a structurally complete payload:
+///
+/// - a JSON payload must balance as one top-level value, honoring string
+///   escapes — a literal `</tool_call>` inside a string argument is data and
+///   cannot close the frame;
+/// - a Qwen XML payload must be canonical per ``QwenXMLPayloadScanner`` — a
+///   literal `</function>` inside a parameter value cannot close it.
+///
+/// Payloads in neither dialect fall back to the first textual close, matching
+/// the historical framing the native parsers already used.
+enum ToolCallFrameScanner {
+    static let startTag = "<tool_call>"
+    static let endTag = "</tool_call>"
+
+    /// The index just past the frame's structural close, or `nil` when the
+    /// buffer does not yet contain a complete frame. `text` must begin with
+    /// `<tool_call>`.
+    static func frameEnd(in text: String) -> String.Index? {
+        guard text.hasPrefix(startTag) else { return nil }
+        var payloadStart = text.index(text.startIndex, offsetBy: startTag.count)
+        while payloadStart < text.endIndex, text[payloadStart].isWhitespace {
+            payloadStart = text.index(after: payloadStart)
+        }
+        guard payloadStart < text.endIndex else { return nil }
+
+        if text[payloadStart] == "{" {
+            let jsonScanner = JSONLeadingObjectScanner(startCharacter: "{")
+            let payloadAndSuffix = String(text[payloadStart...])
+            guard let split = jsonScanner.splitLeadingObject(from: payloadAndSuffix) else {
+                return nil
+            }
+            var afterPayload = text.index(payloadStart, offsetBy: split.object.count)
+            while afterPayload < text.endIndex, text[afterPayload].isWhitespace {
+                afterPayload = text.index(after: afterPayload)
+            }
+            guard afterPayload < text.endIndex,
+                text[afterPayload...].hasPrefix(endTag)
+            else { return nil }
+            return text.index(afterPayload, offsetBy: endTag.count)
+        }
+
+        if text[payloadStart...].hasPrefix(QwenXMLPayloadScanner.functionOpen) {
+            guard
+                case .complete(let payload) = QwenXMLPayloadScanner.scan(text[payloadStart...])
+            else { return nil }
+            var afterPayload = payload.end
+            while afterPayload < text.endIndex, text[afterPayload].isWhitespace {
+                afterPayload = text.index(after: afterPayload)
+            }
+            guard afterPayload < text.endIndex,
+                text[afterPayload...].hasPrefix(endTag)
+            else { return nil }
+            return text.index(afterPayload, offsetBy: endTag.count)
+        }
+
+        // A split `<function=` prefix may still complete; anything else uses
+        // the first textual close.
+        if QwenXMLPayloadScanner.functionOpen.hasPrefix(String(text[payloadStart...])) {
+            return nil
+        }
+        return text.range(of: endTag).map(\.upperBound)
+    }
+}
diff --git a/Libraries/MLXLMCommon/Tool/Parsers/XMLFunctionParser.swift b/Libraries/MLXLMCommon/Tool/Parsers/XMLFunctionParser.swift
index 2598fc5..12d9d5a 100644
--- a/Libraries/MLXLMCommon/Tool/Parsers/XMLFunctionParser.swift
+++ b/Libraries/MLXLMCommon/Tool/Parsers/XMLFunctionParser.swift
@@ -4,6 +4,20 @@ import Foundation
 
 /// Parser for XML function format: <function=name><parameter=key>value</parameter></function>
 /// Reference: https://github.com/ml-explore/mlx-lm/blob/main/mlx_lm/tool_parsers/qwen3_coder.py
+///
+/// Structure is validated with the shared `QwenXMLPayloadScanner`, the same
+/// grammar used by ``Qwen35ToolCallParser`` and by cross-dialect recovery. A
+/// payload becomes a call only when it is canonical in full:
+///
+/// - the function close is the *structural* close rather than the first textual
+///   `</function>`, so a parameter value may contain that literal verbatim;
+/// - every `<parameter=` must close with `</parameter>`;
+/// - nothing but whitespace may follow the payload inside its frame.
+///
+/// A malformed payload yields `nil` instead of a partially populated call. This
+/// matters most at end of stream, where a truncated frame must be rejected
+/// rather than executed with silently missing arguments — structural validity
+/// must never depend on whether the caller's schema declares `required`.
 public struct XMLFunctionParser: ToolCallParser, Sendable {
     public let startTag: String?
     public let endTag: String?
@@ -14,59 +28,12 @@ public struct XMLFunctionParser: ToolCallParser, Sendable {
     }
 
     public func parse(content: String, tools: [[String: any Sendable]]?) -> ToolCall? {
-        // Pattern: <function=(content)</function> — [\s\S] matches newlines
         guard
-            let funcMatch = content.range(
-                of: #"<function=([\s\S]*?)</function>"#, options: .regularExpression)
+            let payload = QwenXMLPayloadScanner.framedPayload(
+                in: content, startTag: startTag, endTag: endTag),
+            payload.hasPrefix(QwenXMLPayloadScanner.functionOpen)
         else { return nil }
 
-        let funcContent = String(content[funcMatch])
-
-        // Extract function name (everything between <function= and first >)
-        guard let nameStart = funcContent.range(of: "<function="),
-            let nameEnd = funcContent.range(
-                of: ">", range: nameStart.upperBound ..< funcContent.endIndex)
-        else { return nil }
-
-        let funcName = String(funcContent[nameStart.upperBound ..< nameEnd.lowerBound])
-        let paramSection = String(funcContent[nameEnd.upperBound...])
-
-        var arguments: [String: any Sendable] = [:]
-
-        // Find all parameter tags
-        var searchRange = paramSection.startIndex ..< paramSection.endIndex
-        while let paramStart = paramSection.range(of: "<parameter=", range: searchRange) {
-            // Find the parameter name (between = and >)
-            guard
-                let nameEnd = paramSection.range(
-                    of: ">", range: paramStart.upperBound ..< paramSection.endIndex)
-            else { break }
-
-            let paramName = String(paramSection[paramStart.upperBound ..< nameEnd.lowerBound])
-
-            // Find the closing </parameter> tag
-            guard
-                let paramEnd = paramSection.range(
-                    of: "</parameter>", range: nameEnd.upperBound ..< paramSection.endIndex)
-            else { break }
-
-            var paramValue = String(paramSection[nameEnd.upperBound ..< paramEnd.lowerBound])
-
-            // Trim leading/trailing newlines (matching Python behavior)
-            if paramValue.hasPrefix("\n") {
-                paramValue = String(paramValue.dropFirst())
-            }
-            if paramValue.hasSuffix("\n") {
-                paramValue = String(paramValue.dropLast())
-            }
-
-            // Convert value based on schema type
-            arguments[paramName] = convertParameterValue(
-                paramValue, paramName: paramName, funcName: funcName, tools: tools)
-
-            searchRange = paramEnd.upperBound ..< paramSection.endIndex
-        }
-
-        return ToolCall(function: .init(name: funcName, arguments: arguments))
+        return QwenXMLPayloadScanner.parseCanonical(payload[...], tools: tools)
     }
 }
diff --git a/Libraries/MLXLMCommon/Tool/RejectedToolCall.swift b/Libraries/MLXLMCommon/Tool/RejectedToolCall.swift
index 3aa7b4e..9a784a0 100644
--- a/Libraries/MLXLMCommon/Tool/RejectedToolCall.swift
+++ b/Libraries/MLXLMCommon/Tool/RejectedToolCall.swift
@@ -24,8 +24,13 @@ public struct RejectedToolCall: Hashable, Codable, Sendable {
         /// The call named a function that was not present in the supplied tools.
         case undeclaredTool = "undeclared_tool"
 
-        /// The function arguments could not be represented as a tool input.
+        /// The function arguments could not be represented as a tool input or
+        /// definitively violated the tool's declared schema.
         case invalidArguments = "invalid_arguments"
+
+        /// The candidate exceeded the bounded parser budget and was discarded
+        /// without execution.
+        case resourceLimitExceeded = "resource_limit_exceeded"
     }
 
     /// The default maximum number of UTF-8 bytes retained in ``rawTextPreview``.
@@ -126,6 +131,8 @@ extension RejectedToolCall.Reason {
             "The function was not present in the supplied tool definitions."
         case .invalidArguments:
             "The function arguments were not a JSON object."
+        case .resourceLimitExceeded:
+            "The tool-call payload exceeded the parser's safety limit."
         }
     }
 }
diff --git a/Libraries/MLXLMCommon/Tool/TextToolCallRecoveryScanner.swift b/Libraries/MLXLMCommon/Tool/TextToolCallRecoveryScanner.swift
new file mode 100644
index 0000000..73fc9b6
--- /dev/null
+++ b/Libraries/MLXLMCommon/Tool/TextToolCallRecoveryScanner.swift
@@ -0,0 +1,1270 @@
+// Copyright © 2026 Apple Inc.
+
+import Foundation
+
+/// A bounded, streaming recovery pass for common textual tool-call dialects.
+///
+/// The selected `ToolCallParser` remains authoritative. This scanner only owns
+/// dialect markers that the selected parser cannot consume, plus exact
+/// `declaredTool[ARGS]{...}` rehearsals under the permissive policy. It
+/// deliberately uses fixed-string
+/// searches and structural JSON scanning instead of regular expressions or
+/// speculative JSON decoding on ordinary response text.
+///
+/// Recovery is a *context lexer*, not just a collection of parsers. Text is
+/// classified before any candidate is considered, and only committed response
+/// text is eligible for promotion:
+///
+/// - **reasoning** (`<think>`, `<thinking>`, `[THINK]` spans): models rehearse
+///   and reject candidate calls while reasoning; a call mentioned there is not
+///   a committed action and is never promoted.
+/// - **code** (Markdown fenced blocks and inline code spans): examples and
+///   documentation of tool syntax are data, not actions.
+/// - **JSON data** (objects, arrays and strings): ordinary structured output
+///   remains response data; protocol-shaped string contents stay inert.
+/// - **native frames** (the selected format's own protocol): opaque to
+///   recovery, and a JSON or Qwen-XML payload frame only closes after a
+///   structurally balanced payload, so a literal close marker inside a string
+///   argument cannot expose fabricated suffixes to recovery.
+///
+/// Explicit protocol attempts (`<tool_call>`, `<|tool_call>`, `<function=`,
+/// `[TOOL_CALLS]`) that are malformed, incomplete at end of stream, or name an
+/// undeclared tool are reported as rejected rather than leaked as response
+/// text. Ambiguous markerless candidates that fail validation remain text.
+struct TextToolCallRecoveryScanner: Sendable {
+    enum Output: Sendable {
+        case text(String)
+        /// Response data that has already been classified as non-executable.
+        /// The downstream processor must emit it directly and must never feed
+        /// it through the selected format's native tool parser.
+        case protectedText(String)
+        case toolCall(ToolCall, rawText: String)
+        /// An explicit protocol attempt that could not become a call.
+        case rejected(rawText: String, reason: RejectedToolCall.Reason, toolName: String?)
+    }
+
+    /// Explicit alternate-dialect protocol markers owned by recovery.
+    private enum ExplicitKind: Sendable {
+        case toolCallFrame
+        case gemma4
+        case qwenFunction
+        case mistral
+    }
+
+    private enum Kind: Sendable, Equatable {
+        case nativeFrame(endMarker: String)
+        case nativeUntilEOS
+        case nativeInlineJSON
+        case opaqueJSONValue
+        case reasoning(close: String)
+        case explicit(ExplicitKind)
+        case declaredArgs(name: String)
+        /// A backtick run: an inline code span, or a fenced block at line start.
+        case codeBacktick
+        /// A tilde run: a fenced block at line start, otherwise ordinary text.
+        case codeTilde
+    }
+
+    private enum Context: Sendable, Equatable {
+        case response
+        case reasoning(close: String)
+        case codeFence(character: Character, count: Int)
+        case codeSpan(count: Int)
+        case jsonValue
+        case nativeFrame(endMarker: String)
+        case nativeUntilEOS
+        /// Once a structured data value exceeds the inspection budget, remain
+        /// fail-closed until EOS. This keeps memory and work bounded without
+        /// ever re-entering executable response context from the middle of a
+        /// JSON string or container.
+        case opaqueUntilEOS
+    }
+
+    private struct Signal: Sendable {
+        let text: String
+        let kind: Kind
+    }
+
+    /// Avoid rescanning an incomplete candidate for every token. A candidate
+    /// is structurally reconsidered only when the new chunk can contain a
+    /// closing boundary (or when the byte limit/EOS forces a decision).
+    private enum PendingCandidate: Sendable {
+        case explicit(ExplicitKind)
+        case declaredArgs(name: String)
+
+        func shouldInspect(_ chunk: String) -> Bool {
+            switch self {
+            case .explicit(.mistral), .declaredArgs:
+                chunk.contains("}")
+            case .explicit(.toolCallFrame), .explicit(.gemma4), .explicit(.qwenFunction):
+                chunk.contains(">")
+            }
+        }
+    }
+
+    private let supportsBareJSON: Bool
+    private var jsonPrefixScanner = JSONPrefixScanner()
+    private let primaryFormat: ToolCallFormat
+    private let policy: ToolCallRecoveryPolicy
+    private let tools: [[String: any Sendable]]
+    private let allowedToolNames: Set<String>
+    private let allowedToolNamesByLength: [String]
+    private let signals: [Signal]
+    private let potentialSignalPrefixes: Set<String>
+    private let maximumPotentialSignalPrefixLength: Int
+    private let potentialPrefixEndCharacters: Set<Character>
+    private let maximumBufferedByteCount: Int
+    private let jsonScanner = JSONLeadingObjectScanner(startCharacter: "{")
+    private let gemmaScanner = StructuredTextScanner(
+        quotes: ["\""], escapeMarker: "<|\"|>")
+    private let framedParser = Qwen35ToolCallParser(
+        startTag: "<tool_call>", endTag: "</tool_call>")
+    private let gemmaParser = GemmaFunctionParser(
+        startTag: "<|tool_call>", endTag: "<tool_call|>", escapeMarker: "<|\"|>")
+
+    /// Provenance for every call promoted by recovery, in source order.
+    private(set) var events: [ToolCallRecoveryEvent] = []
+
+    private var buffer = ""
+    private var context: Context = .response
+    private var previousSourceCharacter: Character?
+    private var pendingCandidate: PendingCandidate?
+
+    /// Bytes that can begin a signal or context and therefore disqualify a
+    /// chunk from the pass-through fast path.
+    private static let interestingBytes: Set<UInt8> = [
+        0x3C,  // <
+        0x5B,  // [
+        0x7B,  // {
+        0x22,  // "
+        0x60,  // `
+        0x7E,  // ~
+    ]
+
+    init?(
+        primaryFormat: ToolCallFormat,
+        policy: ToolCallRecoveryPolicy,
+        tools: [[String: any Sendable]]?,
+        allowedToolNames: Set<String>?,
+        maximumBufferedByteCount: Int = 65_536
+    ) {
+        guard let tools, let allowedToolNames, !allowedToolNames.isEmpty else { return nil }
+
+        self.primaryFormat = primaryFormat
+        self.policy = policy
+        self.tools = tools
+        self.allowedToolNames = allowedToolNames
+        self.allowedToolNamesByLength = allowedToolNames.sorted { $0.count > $1.count }
+        self.maximumBufferedByteCount = maximumBufferedByteCount
+
+        let primaryParser = primaryFormat.createParser()
+        self.supportsBareJSON = primaryParser.supportsBareJSON
+        var signals: [Signal] = []
+        // Native markers win ties. Alternate dialects may never steal a
+        // frame which the selected parser already owns (for example GLM4).
+        if let start = primaryParser.startTag {
+            let kind: Kind =
+                primaryParser.endTag.map { .nativeFrame(endMarker: $0) }
+                ?? .nativeUntilEOS
+            signals.append(Signal(text: start, kind: kind))
+        }
+        if primaryFormat == .llama3 {
+            signals.append(Signal(text: "<|python_tag|>", kind: .nativeInlineJSON))
+        }
+        if policy != .disabled {
+            for (marker, kind): (String, ExplicitKind) in [
+                ("<tool_call>", .toolCallFrame), ("<|tool_call>", .gemma4),
+                ("<function=", .qwenFunction), ("[TOOL_CALLS]", .mistral),
+            ] where !signals.contains(where: { $0.text == marker }) {
+                signals.append(Signal(text: marker, kind: .explicit(kind)))
+            }
+        }
+        signals.append(Signal(text: "<thinking>", kind: .reasoning(close: "</thinking>")))
+        signals.append(Signal(text: "<think>", kind: .reasoning(close: "</think>")))
+        signals.append(Signal(text: "[THINK]", kind: .reasoning(close: "[/THINK]")))
+
+        // Ordinary JSON values and Markdown code are data: protocol-shaped
+        // text inside them must never be promoted. Single-character signals
+        // are validated structurally when matched, so prose punctuation that
+        // cannot begin a JSON value or code span falls through as text.
+        signals.append(Signal(text: "{", kind: .opaqueJSONValue))
+        signals.append(Signal(text: "[", kind: .opaqueJSONValue))
+        signals.append(Signal(text: "\"", kind: .opaqueJSONValue))
+        signals.append(Signal(text: "`", kind: .codeBacktick))
+        signals.append(Signal(text: "~", kind: .codeTilde))
+
+        self.signals = signals
+
+        // Prefix lookup replaces an O(tool count) suffix search on every text
+        // fragment. Declared names are consulted only after `[ARGS]` is present.
+        var prefixes: Set<String> = []
+        for signal in signals {
+            for length in 1 ..< signal.text.count {
+                prefixes.insert(String(signal.text.prefix(length)))
+            }
+        }
+        if policy == .permissive {
+            for name in allowedToolNames {
+                let marker = name + "[ARGS]"
+                for length in 1 ..< marker.count {
+                    prefixes.insert(String(marker.prefix(length)))
+                }
+            }
+        }
+        self.potentialSignalPrefixes = prefixes
+        self.maximumPotentialSignalPrefixLength = prefixes.map(\.count).max() ?? 0
+        self.potentialPrefixEndCharacters = Set(prefixes.compactMap(\.last))
+    }
+
+    /// Removes and returns the provenance recorded since the last drain.
+    mutating func drainEvents() -> [ToolCallRecoveryEvent] {
+        let drained = events
+        events.removeAll(keepingCapacity: true)
+        return drained
+    }
+
+    /// Consume a streaming fragment and release all text that cannot still be
+    /// the prefix of a recoverable call.
+    mutating func consumeIfPassThrough(_ chunk: String) -> Bool {
+        guard buffer.isEmpty, context == .response,
+            !chunk.utf8.contains(where: { Self.interestingBytes.contains($0) })
+        else { return false }
+        guard longestRetainedSuffix(in: chunk) == 0 else { return false }
+        if let last = chunk.last { previousSourceCharacter = last }
+        return true
+    }
+
+    mutating func process(_ chunk: String) -> [Output] {
+        if let pendingCandidate {
+            buffer += chunk
+            if buffer.utf8.count <= maximumBufferedByteCount,
+                !pendingCandidate.shouldInspect(chunk)
+            {
+                return []
+            }
+            self.pendingCandidate = nil
+        } else {
+            if buffer.isEmpty, context == .response,
+                !chunk.utf8.contains(where: { Self.interestingBytes.contains($0) })
+            {
+                let retained = longestRetainedSuffix(in: chunk)
+                guard retained > 0 else {
+                    if let last = chunk.last { previousSourceCharacter = last }
+                    return chunk.isEmpty ? [] : [.text(chunk)]
+                }
+
+                let split = chunk.index(chunk.endIndex, offsetBy: -retained)
+                buffer = String(chunk[split...])
+                let released = String(chunk[..<split])
+                if let last = released.last { previousSourceCharacter = last }
+                return released.isEmpty ? [] : [.text(released)]
+            }
+
+            buffer += chunk
+        }
+        var output: [Output] = []
+
+        scanLoop: while !buffer.isEmpty {
+            switch context {
+            case .reasoning(let close):
+                if let range = buffer.range(of: close) {
+                    appendProtectedText(String(buffer[..<range.upperBound]), to: &output)
+                    buffer = String(buffer[range.upperBound...])
+                    context = .response
+                    continue
+                }
+                releaseProtectedAllButSuffix(
+                    longestSuffix(in: buffer, matchingPrefixOf: close), &output)
+                break scanLoop
+
+            case .codeFence(let character, let count):
+                if let close = closingFenceEnd(
+                    in: buffer, character: character, minimumCount: count)
+                {
+                    appendProtectedText(String(buffer[..<close]), to: &output)
+                    buffer = String(buffer[close...])
+                    context = .response
+                    continue
+                }
+                releaseProtectedAllButSuffix(
+                    closingFenceRetention(in: buffer, character: character), &output)
+                break scanLoop
+
+            case .codeSpan(let count):
+                if let close = spanCloseEnd(in: buffer, count: count) {
+                    appendProtectedText(String(buffer[..<close]), to: &output)
+                    buffer = String(buffer[close...])
+                    context = .response
+                    continue
+                }
+                releaseProtectedAllButSuffix(
+                    trailingRunLength(in: buffer, character: "`"), &output)
+                break scanLoop
+
+            case .jsonValue:
+                switch jsonPrefixScanner.scan(buffer) {
+                case .complete(let byteCount):
+                    let end = buffer.utf8.index(buffer.utf8.startIndex, offsetBy: byteCount)
+                    let value = String(buffer[..<end])
+                    if value.utf8.count > maximumBufferedByteCount {
+                        appendProtectedText(value, to: &output)
+                    } else {
+                        appendJSONData(value, to: &output)
+                    }
+                    buffer = String(buffer[end...])
+                    context = .response
+                    continue
+                case .invalid:
+                    // Not a JSON value after all; release the opener as text.
+                    appendText(String(buffer[buffer.startIndex ... buffer.startIndex]), to: &output)
+                    buffer.removeFirst()
+                    context = .response
+                    continue
+                case .depthLimit:
+                    appendProtectedText(buffer, to: &output)
+                    buffer.removeAll(keepingCapacity: true)
+                    context = .opaqueUntilEOS
+                    break scanLoop
+                case .incomplete:
+                    if buffer.utf8.count > maximumBufferedByteCount {
+                        appendProtectedText(buffer, to: &output)
+                        buffer.removeAll(keepingCapacity: true)
+                        context = .opaqueUntilEOS
+                    }
+                    break scanLoop
+                }
+
+            case .opaqueUntilEOS:
+                appendProtectedText(buffer, to: &output)
+                buffer.removeAll(keepingCapacity: true)
+                break scanLoop
+
+            case .nativeFrame(let endMarker):
+                let frameEnd =
+                    endMarker == ToolCallFrameScanner.endTag
+                    ? ToolCallFrameScanner.frameEnd(in: buffer)
+                    : buffer.range(of: endMarker).map(\.upperBound)
+                if let frameEnd {
+                    let raw = String(buffer[..<frameEnd])
+                    buffer = String(buffer[frameEnd...])
+                    context = .response
+                    if raw.utf8.count > maximumBufferedByteCount {
+                        previousSourceCharacter = raw.last
+                        output.append(
+                            .rejected(
+                                rawText: raw, reason: .resourceLimitExceeded,
+                                toolName: nil))
+                    } else {
+                        appendText(raw, to: &output)
+                    }
+                    continue
+                }
+                if buffer.utf8.count > maximumBufferedByteCount {
+                    let raw = buffer
+                    buffer.removeAll(keepingCapacity: true)
+                    previousSourceCharacter = raw.last
+                    output.append(
+                        .rejected(
+                            rawText: raw, reason: .resourceLimitExceeded,
+                            toolName: nil))
+                    context = .opaqueUntilEOS
+                }
+                break scanLoop
+
+            case .nativeUntilEOS:
+                if buffer.utf8.count > maximumBufferedByteCount {
+                    let raw = buffer
+                    buffer.removeAll(keepingCapacity: true)
+                    previousSourceCharacter = raw.last
+                    output.append(
+                        .rejected(
+                            rawText: raw, reason: .resourceLimitExceeded,
+                            toolName: nil))
+                    context = .opaqueUntilEOS
+                }
+                break scanLoop
+
+            case .response:
+                // A generic one-character construct (`[`, `{`, `"`, or a code
+                // delimiter) must not win while that suffix may still grow
+                // into a longer protocol marker split across token chunks.
+                let retained = longestRetainedSuffix(in: buffer)
+                if retained > 0 {
+                    let retainedStart = buffer.index(buffer.endIndex, offsetBy: -retained)
+                    if let match = earliestConstruct(in: buffer),
+                        match.range.lowerBound >= retainedStart
+                    {
+                        if retainedStart != buffer.startIndex {
+                            appendText(String(buffer[..<retainedStart]), to: &output)
+                            buffer = String(buffer[retainedStart...])
+                        }
+                        break scanLoop
+                    }
+                }
+
+                guard let match = earliestConstruct(in: buffer) else {
+                    releaseAllButSuffix(longestRetainedSuffix(in: buffer), &output)
+                    break scanLoop
+                }
+
+                if match.range.lowerBound != buffer.startIndex {
+                    appendText(String(buffer[..<match.range.lowerBound]), to: &output)
+                    buffer = String(buffer[match.range.lowerBound...])
+                    continue
+                }
+
+                switch match.signal.kind {
+                case .reasoning(let close):
+                    appendProtectedText(match.signal.text, to: &output)
+                    buffer.removeFirst(match.signal.text.count)
+                    context = .reasoning(close: close)
+
+                case .nativeFrame(let endMarker):
+                    // Keep the whole frame buffered; it is emitted verbatim
+                    // once its structural close arrives.
+                    context = .nativeFrame(endMarker: endMarker)
+
+                case .nativeUntilEOS:
+                    context = .nativeUntilEOS
+
+                case .nativeInlineJSON:
+                    guard let end = nativeInlineJSONEnd(in: buffer) else {
+                        if buffer.utf8.count > maximumBufferedByteCount {
+                            let raw = buffer
+                            buffer.removeAll(keepingCapacity: true)
+                            previousSourceCharacter = raw.last
+                            output.append(
+                                .rejected(
+                                    rawText: raw, reason: .resourceLimitExceeded,
+                                    toolName: nil))
+                            context = .opaqueUntilEOS
+                        }
+                        break scanLoop
+                    }
+                    let raw = String(buffer[..<end])
+                    buffer = String(buffer[end...])
+                    if raw.utf8.count > maximumBufferedByteCount {
+                        previousSourceCharacter = raw.last
+                        output.append(
+                            .rejected(
+                                rawText: raw, reason: .resourceLimitExceeded,
+                                toolName: nil))
+                    } else {
+                        appendText(raw, to: &output)
+                    }
+
+                case .opaqueJSONValue:
+                    // A quote after a word or measurement is punctuation,
+                    // including inch marks and German-style closing quotes.
+                    if buffer.first == "\"", let previousSourceCharacter,
+                        previousSourceCharacter.isLetter || previousSourceCharacter.isNumber
+                    {
+                        appendText(String(buffer.removeFirst()), to: &output)
+                    } else {
+                        jsonPrefixScanner = JSONPrefixScanner()
+                        context = .jsonValue
+                    }
+
+                case .codeBacktick:
+                    let run = backtickRun(in: buffer)
+                    guard run.terminated else { break scanLoop }
+                    let isFence = run.count >= 3 && isLineStart(buffer.startIndex, in: buffer)
+                    appendProtectedText(String(buffer[..<run.end]), to: &output)
+                    buffer = String(buffer[run.end...])
+                    context =
+                        isFence
+                        ? .codeFence(character: "`", count: run.count)
+                        : .codeSpan(count: run.count)
+
+                case .codeTilde:
+                    let run = tildeRun(in: buffer)
+                    guard run.terminated else { break scanLoop }
+                    if run.count >= 3, isLineStart(buffer.startIndex, in: buffer) {
+                        appendProtectedText(String(buffer[..<run.end]), to: &output)
+                        buffer = String(buffer[run.end...])
+                        context = .codeFence(character: "~", count: run.count)
+                    } else {
+                        appendText(String(buffer[..<run.end]), to: &output)
+                        buffer = String(buffer[run.end...])
+                    }
+
+                case .explicit(let explicitKind):
+                    switch candidateExtent(for: explicitKind, in: buffer) {
+                    case .complete(let end):
+                        let raw = String(buffer[..<end])
+                        buffer = String(buffer[end...])
+                        previousSourceCharacter = raw.last
+                        if raw.utf8.count > maximumBufferedByteCount {
+                            output.append(
+                                .rejected(
+                                    rawText: raw, reason: .resourceLimitExceeded,
+                                    toolName: extractToolName(from: raw, kind: explicitKind)))
+                        } else if let call = recoverExplicit(
+                            raw, as: explicitKind, allowMissingOuterEnd: false)
+                        {
+                            recordEvent(
+                                for: call, kind: match.signal.kind,
+                                repair: .alternateDialect, wasIncompleteAtEOS: false)
+                            output.append(.toolCall(call, rawText: raw))
+                        } else {
+                            output.append(rejection(for: raw, kind: explicitKind, atEOS: false))
+                        }
+                    case .needMore:
+                        if buffer.utf8.count > maximumBufferedByteCount {
+                            let raw = buffer
+                            buffer.removeAll(keepingCapacity: true)
+                            previousSourceCharacter = raw.last
+                            output.append(
+                                .rejected(
+                                    rawText: raw, reason: .resourceLimitExceeded,
+                                    toolName: extractToolName(from: raw, kind: explicitKind)))
+                            context = .opaqueUntilEOS
+                        } else {
+                            pendingCandidate = .explicit(explicitKind)
+                            break scanLoop
+                        }
+                    case .malformed(let consumed):
+                        let raw = String(buffer[..<consumed])
+                        buffer = String(buffer[consumed...])
+                        previousSourceCharacter = raw.last
+                        output.append(rejection(for: raw, kind: explicitKind, atEOS: false))
+                    }
+
+                case .declaredArgs(let name):
+                    switch markerlessCandidateExtent(in: buffer) {
+                    case .complete(let end):
+                        let raw = String(buffer[..<end])
+                        buffer = String(buffer[end...])
+                        previousSourceCharacter = raw.last
+                        if raw.utf8.count > maximumBufferedByteCount {
+                            appendProtectedText(raw, to: &output)
+                        } else if let call = recoverDeclaredArgs(raw, name: name) {
+                            recordEvent(
+                                for: call, kind: match.signal.kind,
+                                repair: .alternateDialect, wasIncompleteAtEOS: false)
+                            output.append(.toolCall(call, rawText: raw))
+                        } else {
+                            // Ambiguous markerless rehearsal: remain response text.
+                            appendText(raw, to: &output)
+                        }
+                    case .needMore:
+                        if buffer.utf8.count > maximumBufferedByteCount {
+                            appendProtectedText(buffer, to: &output)
+                            buffer.removeAll(keepingCapacity: true)
+                            context = .opaqueUntilEOS
+                        } else {
+                            pendingCandidate = .declaredArgs(name: name)
+                        }
+                        break scanLoop
+                    }
+                }
+            }
+        }
+
+        return output
+    }
+
+    /// Finish the recovery stream.
+    ///
+    /// A missing outer end marker may be repaired at EOS under the permissive
+    /// policy when its inner payload is structurally complete. Under the
+    /// conservative policy an explicit but incomplete attempt is rejected.
+    /// Unterminated reasoning, code, and JSON-data spans flush as protected
+    /// response text. Native frames alone remain the native parser's own
+    /// end-of-stream responsibility.
+    mutating func finish() -> [Output] {
+        var output = process("")
+        guard !buffer.isEmpty else {
+            // `ToolCallProcessor` supports reuse after EOS. A native opening
+            // marker delivered immediately before EOS must not leave recovery
+            // shielding every subsequent generation.
+            context = .response
+            previousSourceCharacter = nil
+            return output
+        }
+
+        defer {
+            buffer.removeAll(keepingCapacity: true)
+            context = .response
+            previousSourceCharacter = nil
+            pendingCandidate = nil
+        }
+
+        guard context == .response,
+            let match = earliestConstruct(in: buffer),
+            match.range.lowerBound == buffer.startIndex
+        else {
+            switch context {
+            case .reasoning, .codeFence, .codeSpan, .jsonValue, .opaqueUntilEOS:
+                appendProtectedText(buffer, to: &output)
+            case .response, .nativeFrame, .nativeUntilEOS:
+                appendText(buffer, to: &output)
+            }
+            return output
+        }
+
+        switch match.signal.kind {
+        case .explicit(let explicitKind):
+            let allowMissingOuterEnd = policy == .permissive
+            if let call = recoverExplicit(
+                buffer, as: explicitKind, allowMissingOuterEnd: allowMissingOuterEnd)
+            {
+                recordEvent(
+                    for: call, kind: match.signal.kind,
+                    repair: allowMissingOuterEnd ? .missingOuterClose : .alternateDialect,
+                    wasIncompleteAtEOS: true)
+                output.append(.toolCall(call, rawText: buffer))
+                previousSourceCharacter = buffer.last
+            } else {
+                previousSourceCharacter = buffer.last
+                output.append(rejection(for: buffer, kind: explicitKind, atEOS: true))
+            }
+        case .declaredArgs(let name):
+            if let call = recoverDeclaredArgs(buffer, name: name) {
+                recordEvent(
+                    for: call, kind: match.signal.kind,
+                    repair: .alternateDialect, wasIncompleteAtEOS: true)
+                output.append(.toolCall(call, rawText: buffer))
+                previousSourceCharacter = buffer.last
+            } else {
+                appendText(buffer, to: &output)
+            }
+        default:
+            appendText(buffer, to: &output)
+        }
+        return output
+    }
+
+    /// Retry a complete payload rejected by the selected native parser.
+    mutating func recoverCompletePayload(_ raw: String) -> ToolCall? {
+        recoverCompletePayload(raw, atEOS: false)
+    }
+
+    /// Retry each EOS-delimited native segment independently. This primarily
+    /// heals Mistral's observed `[TOOL_CALLS]name{json}` variant.
+    mutating func recoverEOSPayloads(_ raw: String) -> [ToolCall] {
+        guard policy != .disabled else { return [] }
+        if let firstMarker = raw.range(of: "[TOOL_CALLS]") {
+            // Only text that actually followed a `[TOOL_CALLS]` marker may be
+            // re-framed as a Mistral call. Re-prefixing the prose before the
+            // first marker would fabricate a frame the model never emitted
+            // and could promote plain response text shaped like `name{json}`.
+            let framed = raw[firstMarker.lowerBound...]
+            return framed.components(separatedBy: "[TOOL_CALLS]").compactMap { segment in
+                guard !segment.trimmingCharacters(in: .whitespacesAndNewlines).isEmpty else {
+                    return nil
+                }
+                let recovered = recoverExplicit(
+                    "[TOOL_CALLS]" + segment, as: .mistral,
+                    allowMissingOuterEnd: policy == .permissive)
+                if let recovered {
+                    recordEvent(
+                        for: recovered, kind: .explicit(.mistral),
+                        repair: .alternateDialect, wasIncompleteAtEOS: true)
+                }
+                return recovered
+            }
+        }
+        return recoverCompletePayload(raw, atEOS: true).map { [$0] } ?? []
+    }
+
+    private mutating func recoverCompletePayload(_ raw: String, atEOS: Bool) -> ToolCall? {
+        guard policy != .disabled else { return nil }
+        let allowMissingOuterEnd = policy == .permissive
+        let candidates: [(String, ExplicitKind)] = [
+            ("<tool_call>", .toolCallFrame),
+            ("<|tool_call>", .gemma4),
+            ("<function=", .qwenFunction),
+            ("[TOOL_CALLS]", .mistral),
+        ]
+        for (marker, kind) in candidates where raw.contains(marker) {
+            guard
+                let call = recoverExplicit(
+                    raw, as: kind, allowMissingOuterEnd: allowMissingOuterEnd)
+            else { continue }
+            recordEvent(
+                for: call, kind: .explicit(kind),
+                repair: .alternateDialect, wasIncompleteAtEOS: atEOS)
+            return call
+        }
+        return nil
+    }
+
+    // MARK: - Construct scanning
+
+    private func earliestConstruct(in text: String) -> (signal: Signal, range: Range<String.Index>)?
+    {
+        var earliest: (signal: Signal, range: Range<String.Index>)?
+        for signal in signals {
+            guard let range = text.range(of: signal.text) else { continue }
+            if earliest == nil || range.lowerBound < earliest!.range.lowerBound {
+                earliest = (signal, range)
+            }
+        }
+
+        // Markerless `name[ARGS]{...}` rehearsals carry no protocol marker,
+        // so prose that merely mentions a declared call is indistinguishable
+        // from an intended call. Promotion of this dialect is opt-in via the
+        // permissive policy; the conservative default leaves it as text.
+        guard policy == .permissive else { return earliest }
+
+        var argsSearchStart = text.startIndex
+        while argsSearchStart < text.endIndex,
+            let args = text.range(of: "[ARGS]", range: argsSearchStart ..< text.endIndex)
+        {
+            let prefix = text[..<args.lowerBound]
+            if let name = allowedToolNamesByLength.first(where: { prefix.hasSuffix($0) }) {
+                let start = text.index(args.lowerBound, offsetBy: -name.count)
+                if text[..<start].hasSuffix("[TOOL_CALLS]") {
+                    argsSearchStart = args.upperBound
+                    continue
+                }
+                let predecessor =
+                    start == text.startIndex
+                    ? previousSourceCharacter
+                    : text[text.index(before: start)]
+                if predecessor.map(isToolNameContinuation) == true {
+                    argsSearchStart = args.upperBound
+                    continue
+                }
+                let range = start ..< args.upperBound
+                if earliest == nil || range.lowerBound < earliest!.range.lowerBound {
+                    earliest = (
+                        Signal(text: name + "[ARGS]", kind: .declaredArgs(name: name)), range
+                    )
+                }
+                break
+            }
+            argsSearchStart = args.upperBound
+        }
+        return earliest
+    }
+
+    private func isToolNameContinuation(_ character: Character) -> Bool {
+        character.isLetter || character.isNumber
+            || character == "_" || character == "." || character == "-"
+    }
+
+    private mutating func appendText(_ text: String, to output: inout [Output]) {
+        guard !text.isEmpty else { return }
+        output.append(.text(text))
+        previousSourceCharacter = text.last
+    }
+
+    private mutating func appendProtectedText(_ text: String, to output: inout [Output]) {
+        guard !text.isEmpty else { return }
+        output.append(.protectedText(text))
+        previousSourceCharacter = text.last
+    }
+
+    /// Bare top-level JSON is eligible only when the selected parser declares
+    /// it as native call syntax. For other dialects it is response data and
+    /// must bypass native parsing, including protocol-shaped strings inside it.
+    private mutating func appendJSONData(_ text: String, to output: inout [Output]) {
+        if supportsBareJSON, text.first == "{" {
+            appendText(text, to: &output)
+        } else {
+            appendProtectedText(text, to: &output)
+        }
+    }
+
+    /// Release everything except a suffix that may still complete a signal or
+    /// context boundary when the next token arrives.
+    private mutating func releaseAllButSuffix(_ retained: Int, _ output: inout [Output]) {
+        let releaseCount = buffer.count - retained
+        guard releaseCount > 0 else { return }
+        let split = buffer.index(buffer.startIndex, offsetBy: releaseCount)
+        appendText(String(buffer[..<split]), to: &output)
+        buffer = String(buffer[split...])
+    }
+
+    private mutating func releaseProtectedAllButSuffix(
+        _ retained: Int, _ output: inout [Output]
+    ) {
+        let releaseCount = buffer.count - retained
+        guard releaseCount > 0 else { return }
+        let split = buffer.index(buffer.startIndex, offsetBy: releaseCount)
+        appendProtectedText(String(buffer[..<split]), to: &output)
+        buffer = String(buffer[split...])
+    }
+
+    private func longestRetainedSuffix(in text: String) -> Int {
+        max(
+            longestPotentialSignalSuffix(in: text),
+            trailingRunLength(in: text, character: "`"),
+            trailingRunLength(in: text, character: "~"))
+    }
+
+    /// Keep only a suffix that might become a signal when the next token arrives.
+    private func longestPotentialSignalSuffix(in text: String) -> Int {
+        guard let last = text.last, potentialPrefixEndCharacters.contains(last) else { return 0 }
+        let upperBound = min(text.count, maximumPotentialSignalPrefixLength)
+        guard upperBound > 0 else { return 0 }
+        for length in stride(from: upperBound, through: 1, by: -1) {
+            if potentialSignalPrefixes.contains(String(text.suffix(length))) {
+                return length
+            }
+        }
+        return 0
+    }
+
+    private func longestSuffix(in text: String, matchingPrefixOf marker: String) -> Int {
+        let upperBound = min(text.count, marker.count - 1)
+        guard upperBound > 0 else { return 0 }
+        for length in stride(from: upperBound, through: 1, by: -1) {
+            if text.suffix(length) == marker.prefix(length) { return length }
+        }
+        return 0
+    }
+
+    private func trailingRunLength(in text: String, character: Character) -> Int {
+        var count = 0
+        var index = text.endIndex
+        while index > text.startIndex {
+            let previous = text.index(before: index)
+            guard text[previous] == character else { break }
+            count += 1
+            index = previous
+        }
+        return count
+    }
+
+    // MARK: - Code contexts
+
+    private func backtickRun(in text: String) -> (count: Int, end: String.Index, terminated: Bool) {
+        runLength(of: "`", in: text)
+    }
+
+    private func tildeRun(in text: String) -> (count: Int, end: String.Index, terminated: Bool) {
+        runLength(of: "~", in: text)
+    }
+
+    /// Length of the marker run at the start of `text`. A run that reaches the
+    /// end of the buffer is not terminated: the next chunk may extend it, and
+    /// CommonMark open/close semantics depend on the exact run length.
+    private func runLength(
+        of character: Character, in text: String
+    ) -> (count: Int, end: String.Index, terminated: Bool) {
+        var index = text.startIndex
+        while index < text.endIndex, text[index] == character {
+            index = text.index(after: index)
+        }
+        return (text.distance(from: text.startIndex, to: index), index, index < text.endIndex)
+    }
+
+    /// Whether `index` begins a Markdown line: at most three spaces since the
+    /// last newline (or since the start of the stream across chunks).
+    private func isLineStart(_ index: String.Index, in text: String) -> Bool {
+        var spaces = 0
+        var current = index
+        while current > text.startIndex {
+            let previous = text.index(before: current)
+            let character = text[previous]
+            if character == "\n" { return spaces <= 3 }
+            guard character == " " else { return false }
+            spaces += 1
+            current = previous
+        }
+        guard spaces <= 3 else { return false }
+        guard let previous = previousSourceCharacter else { return true }
+        // A preceding newline starts a line; preceding spaces may continue the
+        // indentation of one (over-gating into code is the safe direction).
+        return previous == "\n" || previous == " "
+    }
+
+    /// The end of a closing fence: a line starting with a run of `character`
+    /// at least as long as the opening run.
+    private func closingFenceEnd(
+        in text: String, character: Character, minimumCount: Int
+    ) -> String.Index? {
+        var lineStart = text.startIndex
+        while lineStart < text.endIndex {
+            if isLineStart(lineStart, in: text) {
+                var index = lineStart
+                var spaces = 0
+                while index < text.endIndex, text[index] == " " {
+                    spaces += 1
+                    index = text.index(after: index)
+                }
+                if spaces <= 3, index < text.endIndex, text[index] == character {
+                    var runEnd = index
+                    while runEnd < text.endIndex, text[runEnd] == character {
+                        runEnd = text.index(after: runEnd)
+                    }
+                    let count = text.distance(from: index, to: runEnd)
+                    if count >= minimumCount {
+                        // A run touching the buffer end may still grow; wait.
+                        guard runEnd < text.endIndex else { return nil }
+                        return runEnd
+                    }
+                }
+            }
+            guard let newline = text.range(of: "\n", range: lineStart ..< text.endIndex)
+            else { return nil }
+            lineStart = newline.upperBound
+        }
+        return nil
+    }
+
+    /// Retention for a suffix that may become a closing fence line: optional
+    /// indentation followed by a (possibly still growing) run of the fence
+    /// character at a line start.
+    private func closingFenceRetention(in text: String, character: Character) -> Int {
+        let lineStart: String.Index
+        if let newline = text.range(of: "\n", options: .backwards) {
+            lineStart = newline.upperBound
+        } else {
+            guard isLineStart(text.startIndex, in: text) else { return 0 }
+            lineStart = text.startIndex
+        }
+        var index = lineStart
+        var spaces = 0
+        while index < text.endIndex, text[index] == " " {
+            spaces += 1
+            index = text.index(after: index)
+        }
+        guard spaces <= 3 else { return 0 }
+        while index < text.endIndex, text[index] == character {
+            index = text.index(after: index)
+        }
+        guard index == text.endIndex else { return 0 }
+        return text.distance(from: lineStart, to: text.endIndex)
+    }
+
+    /// The end of the backtick run that closes an inline code span. CommonMark
+    /// requires the closing run to have exactly the opening run's length.
+    private func spanCloseEnd(in text: String, count: Int) -> String.Index? {
+        var index = text.startIndex
+        while index < text.endIndex {
+            guard text[index] == "`" else {
+                index = text.index(after: index)
+                continue
+            }
+            var runEnd = index
+            while runEnd < text.endIndex, text[runEnd] == "`" {
+                runEnd = text.index(after: runEnd)
+            }
+            // A run touching the buffer end may still grow; wait.
+            guard runEnd < text.endIndex else { return nil }
+            let length = text.distance(from: index, to: runEnd)
+            if length == count { return runEnd }
+            index = runEnd
+        }
+        return nil
+    }
+
+    // MARK: - Candidate extents
+
+    private enum CandidateExtent {
+        case complete(end: String.Index)
+        case needMore
+        /// The attempt is structurally impossible; `consumed` is the examined
+        /// extent retained for a rejection diagnostic.
+        case malformed(consumed: String.Index)
+    }
+
+    private func candidateExtent(for kind: ExplicitKind, in text: String) -> CandidateExtent {
+        switch kind {
+        case .qwenFunction:
+            switch QwenXMLPayloadScanner.scan(text[...]) {
+            case .complete(let payload):
+                return .complete(end: payload.end)
+            case .needMore:
+                return .needMore
+            case .malformed(let consumed):
+                return .malformed(consumed: consumed)
+            }
+
+        case .toolCallFrame:
+            var payloadStart = text.index(text.startIndex, offsetBy: "<tool_call>".count)
+            while payloadStart < text.endIndex, text[payloadStart].isWhitespace {
+                payloadStart = text.index(after: payloadStart)
+            }
+            guard payloadStart < text.endIndex else { return .needMore }
+
+            if text[payloadStart] == "{" {
+                // The frame closes only after a structurally balanced top-level
+                // JSON payload: a literal `</tool_call>` inside a string
+                // argument cannot end the candidate.
+                let payloadAndSuffix = String(text[payloadStart...])
+                guard let split = jsonScanner.splitLeadingObject(from: payloadAndSuffix) else {
+                    return .needMore
+                }
+                var afterPayload = text.index(payloadStart, offsetBy: split.object.count)
+                while afterPayload < text.endIndex, text[afterPayload].isWhitespace {
+                    afterPayload = text.index(after: afterPayload)
+                }
+                guard afterPayload < text.endIndex else { return .needMore }
+                if text[afterPayload...].hasPrefix("</tool_call>") {
+                    return .complete(
+                        end: text.index(afterPayload, offsetBy: "</tool_call>".count))
+                }
+                if let stray = text.range(
+                    of: "</tool_call>", range: afterPayload ..< text.endIndex)
+                {
+                    return .malformed(consumed: stray.upperBound)
+                }
+                return .needMore
+            }
+
+            if text[payloadStart...].hasPrefix(QwenXMLPayloadScanner.functionOpen) {
+                switch QwenXMLPayloadScanner.scan(text[payloadStart...]) {
+                case .complete(let payload):
+                    var afterPayload = payload.end
+                    while afterPayload < text.endIndex, text[afterPayload].isWhitespace {
+                        afterPayload = text.index(after: afterPayload)
+                    }
+                    guard afterPayload < text.endIndex else { return .needMore }
+                    if text[afterPayload...].hasPrefix("</tool_call>") {
+                        return .complete(
+                            end: text.index(afterPayload, offsetBy: "</tool_call>".count))
+                    }
+                    if let stray = text.range(
+                        of: "</tool_call>", range: afterPayload ..< text.endIndex)
+                    {
+                        return .malformed(consumed: stray.upperBound)
+                    }
+                    return .needMore
+                case .needMore:
+                    return .needMore
+                case .malformed(let consumed):
+                    return .malformed(consumed: consumed)
+                }
+            }
+
+            // The payload may still be a split `<function=` prefix.
+            if QwenXMLPayloadScanner.functionOpen.hasPrefix(String(text[payloadStart...])) {
+                return .needMore
+            }
+            if let close = text.range(
+                of: "</tool_call>", range: payloadStart ..< text.endIndex)
+            {
+                return .malformed(consumed: close.upperBound)
+            }
+            return .needMore
+
+        case .gemma4:
+            guard let brace = gemmaScanner.firstTopLevelIndex(of: "{", in: text[...]) else {
+                if let close = text.range(of: "<tool_call|>") {
+                    return .malformed(consumed: close.upperBound)
+                }
+                return .needMore
+            }
+            guard let braceEnd = gemmaScanner.endOfGroup(in: text[...], openedAt: brace)
+            else {
+                if let close = text.range(of: "<tool_call|>") {
+                    return .malformed(consumed: close.upperBound)
+                }
+                return .needMore
+            }
+            guard
+                let close = text.range(
+                    of: "<tool_call|>", range: braceEnd ..< text.endIndex)
+            else { return .needMore }
+            return .complete(end: close.upperBound)
+
+        case .mistral:
+            guard let brace = text.firstIndex(of: "{") else { return .needMore }
+            let tail = String(text[brace...])
+            guard let split = jsonScanner.splitLeadingObject(from: tail) else { return .needMore }
+            return .complete(end: text.index(brace, offsetBy: split.object.count))
+        }
+    }
+
+    /// Markerless `name[ARGS]{...}` rehearsals only ever produce text or a
+    /// call — never a rejection — so their extent has no malformed case.
+    private enum MarkerlessExtent {
+        case complete(end: String.Index)
+        case needMore
+    }
+
+    private func markerlessCandidateExtent(in text: String) -> MarkerlessExtent {
+        guard let brace = text.firstIndex(of: "{") else { return .needMore }
+        let tail = String(text[brace...])
+        guard let split = jsonScanner.splitLeadingObject(from: tail) else { return .needMore }
+        return .complete(end: text.index(brace, offsetBy: split.object.count))
+    }
+
+    private func nativeInlineJSONEnd(in text: String) -> String.Index? {
+        guard let brace = text.firstIndex(of: "{") else { return nil }
+        let json = String(text[brace...])
+        guard let split = jsonScanner.splitLeadingObject(from: json) else { return nil }
+        return text.index(brace, offsetBy: split.object.count)
+    }
+
+    // MARK: - Parsing
+
+    private mutating func recordEvent(
+        for call: ToolCall,
+        kind: Kind,
+        repair: ToolCallRecoveryEvent.Repair,
+        wasIncompleteAtEOS: Bool
+    ) {
+        let dialect: ToolCallRecoveryEvent.Dialect
+        switch kind {
+        case .explicit(.toolCallFrame): dialect = .toolCallFrame
+        case .explicit(.gemma4): dialect = .gemma4
+        case .explicit(.qwenFunction): dialect = .qwenFunction
+        case .explicit(.mistral): dialect = .mistral
+        case .declaredArgs: dialect = .declaredArgs
+        case .nativeFrame, .nativeUntilEOS, .nativeInlineJSON, .opaqueJSONValue, .reasoning,
+            .codeBacktick, .codeTilde:
+            return
+        }
+        events.append(
+            ToolCallRecoveryEvent(
+                toolName: call.function.name,
+                callID: call.id,
+                selectedFormat: primaryFormat,
+                dialect: dialect,
+                repair: repair,
+                wasIncompleteAtEOS: wasIncompleteAtEOS))
+    }
+
+    private func recoverExplicit(
+        _ raw: String,
+        as kind: ExplicitKind,
+        allowMissingOuterEnd: Bool
+    ) -> ToolCall? {
+        let call: ToolCall?
+        switch kind {
+        case .toolCallFrame:
+            guard allowMissingOuterEnd || raw.contains("</tool_call>") else { return nil }
+            call = framedParser.parse(content: raw, tools: tools)
+        case .gemma4:
+            guard allowMissingOuterEnd || raw.contains("<tool_call|>") else { return nil }
+            call = gemmaParser.parse(content: raw, tools: tools)
+        case .qwenFunction:
+            call = parseStrictQwenFunction(raw, allowMissingFunctionClose: allowMissingOuterEnd)
+        case .mistral:
+            call = parseMistralStyle(raw)
+        }
+
+        guard let call, allowedToolNames.contains(call.function.name) else { return nil }
+        return call
+    }
+
+    private func recoverDeclaredArgs(_ raw: String, name: String) -> ToolCall? {
+        guard raw.hasPrefix(name + "[ARGS]"),
+            let call = parseMistralStyle(raw, expectedName: name)
+        else { return nil }
+        return call
+    }
+
+    /// Parse a bare `<function=...>` candidate with the shared structural
+    /// scanner. The candidate must be canonical and fully consumed: every
+    /// opened parameter must close, the function close is the structural close
+    /// rather than the first textual one, and no arguments are fabricated for
+    /// incomplete payloads.
+    private func parseStrictQwenFunction(
+        _ raw: String,
+        allowMissingFunctionClose: Bool
+    ) -> ToolCall? {
+        QwenXMLPayloadScanner.parseCanonical(
+            raw[...],
+            tools: tools,
+            allowMissingFunctionClose: allowMissingFunctionClose)
+    }
+
+    private func rejection(
+        for raw: String,
+        kind: ExplicitKind,
+        atEOS: Bool
+    ) -> Output {
+        let name = extractToolName(from: raw, kind: kind)
+        let reason: RejectedToolCall.Reason
+        if atEOS {
+            reason = .incompleteOutput
+        } else if let name, !allowedToolNames.contains(name) {
+            reason = .undeclaredTool
+        } else {
+            reason = .malformedSyntax
+        }
+        return .rejected(rawText: raw, reason: reason, toolName: name)
+    }
+
+    /// Best-effort function-name extraction for rejection diagnostics.
+    private func extractToolName(from raw: String, kind: ExplicitKind) -> String? {
+        switch kind {
+        case .qwenFunction:
+            return extractXMLFunctionName(from: raw)
+        case .toolCallFrame:
+            let payload = raw.dropFirst("<tool_call>".count)
+                .trimmingCharacters(in: .whitespacesAndNewlines)
+            if payload.hasPrefix("{"),
+                let object = jsonScanner.splitLeadingObject(from: payload)?.object,
+                let dictionary = tryParseJSON(object) as? [String: any Sendable]
+            {
+                return dictionary["name"] as? String
+            }
+            if payload.hasPrefix(QwenXMLPayloadScanner.functionOpen) {
+                return extractXMLFunctionName(from: payload)
+            }
+            return nil
+        case .gemma4:
+            guard let callRange = raw.range(of: "call:") else { return nil }
+            let remainder = raw[callRange.upperBound...]
+            guard let brace = remainder.firstIndex(of: "{") else { return nil }
+            let name = remainder[..<brace].trimmingCharacters(in: .whitespacesAndNewlines)
+            return name.isEmpty ? nil : name
+        case .mistral:
+            var text = raw.trimmingCharacters(in: .whitespacesAndNewlines)
+            if text.hasPrefix("[TOOL_CALLS]") {
+                text.removeFirst("[TOOL_CALLS]".count)
+                text = text.trimmingCharacters(in: .whitespacesAndNewlines)
+            }
+            guard
+                let delimiter = text.range(of: "[ARGS]") ?? text.range(of: "{")
+                    ?? text.range(of: "[CALL_ID]")
+            else {
+                return text.isEmpty ? nil : text
+            }
+            let name = text[..<delimiter.lowerBound]
+                .trimmingCharacters(in: .whitespacesAndNewlines)
+            return name.isEmpty ? nil : name
+        }
+    }
+
+    private func extractXMLFunctionName(from text: String) -> String? {
+        guard let openEnd = text.range(of: QwenXMLPayloadScanner.functionOpen)?.upperBound,
+            let nameEnd = text[openEnd...].firstIndex(of: ">")
+        else { return nil }
+        let name = text[openEnd ..< nameEnd]
+        return name.isEmpty || name.contains(where: \.isWhitespace) ? nil : String(name)
+    }
+
+    private func parseMistralStyle(_ raw: String, expectedName: String? = nil) -> ToolCall? {
+        var text = raw.trimmingCharacters(in: .whitespacesAndNewlines)
+        if text.hasPrefix("[TOOL_CALLS]") {
+            text.removeFirst("[TOOL_CALLS]".count)
+            text = text.trimmingCharacters(in: .whitespacesAndNewlines)
+        }
+
+        guard let brace = text.firstIndex(of: "{") else { return nil }
+        var header = String(text[..<brace]).trimmingCharacters(in: .whitespacesAndNewlines)
+        let argumentsText = String(text[brace...])
+        var callID: String?
+
+        if header.hasSuffix("[ARGS]") {
+            header.removeLast("[ARGS]".count)
+            header = header.trimmingCharacters(in: .whitespacesAndNewlines)
+        }
+        if let idMarker = header.range(of: "[CALL_ID]") {
+            let parsedID = header[idMarker.upperBound...]
+                .trimmingCharacters(in: .whitespacesAndNewlines)
+            callID = parsedID.isEmpty ? nil : String(parsedID)
+            header = String(header[..<idMarker.lowerBound])
+                .trimmingCharacters(in: .whitespacesAndNewlines)
+        }
+
+        guard !header.isEmpty, expectedName.map({ $0 == header }) ?? true,
+            allowedToolNames.contains(header),
+            let arguments = tryParseJSON(argumentsText) as? [String: any Sendable]
+        else { return nil }
+
+        return ToolCall(
+            function: .init(name: header, arguments: arguments),
+            id: callID)
+    }
+
+}
diff --git a/Libraries/MLXLMCommon/Tool/TokenStreamDecoder.swift b/Libraries/MLXLMCommon/Tool/TokenStreamDecoder.swift
index 9abf8b4..739a4d1 100644
--- a/Libraries/MLXLMCommon/Tool/TokenStreamDecoder.swift
+++ b/Libraries/MLXLMCommon/Tool/TokenStreamDecoder.swift
@@ -35,6 +35,9 @@ package protocol TokenStreamDecoder {
     /// Decoders whose response protocol never rejects tool calls report zero.
     var rejectedToolCallCount: Int { get }
 
+    /// Calls promoted by bounded cross-dialect recovery during this generation.
+    var recoveredToolCallCount: Int { get }
+
     /// Consumes one generated token. Returns `false` when decoding should stop
     /// because of either a semantic boundary or consumer termination.
     mutating func push(_ token: Int, emit: (TokenStreamEvent) -> Bool) -> Bool
@@ -49,6 +52,7 @@ extension TokenStreamDecoder {
     package var receivesStopTokens: Bool { false }
     package var isInsideReasoning: Bool { false }
     package var rejectedToolCallCount: Int { 0 }
+    package var recoveredToolCallCount: Int { 0 }
 }
 
 /// Decoder for ordinary detokenized tool-call syntaxes.
@@ -61,14 +65,17 @@ struct StandardTokenStreamDecoder: TokenStreamDecoder {
         tokenizer: any Tokenizer,
         format: ToolCallFormat,
         tools: [[String: any Sendable]]?,
-        stopStrings: Set<String>
+        stopStrings: Set<String>,
+        toolCallPolicy: ToolCallPolicy = .init()
     ) {
         self.detokenizer = NaiveStreamingDetokenizer(tokenizer: tokenizer)
-        self.toolCallProcessor = ToolCallProcessor(format: format, tools: tools)
+        self.toolCallProcessor = ToolCallProcessor(
+            format: format, tools: tools, toolCallPolicy: toolCallPolicy)
         self.stopStringFilter = StopStringFilter(stopStrings: stopStrings)
     }
 
     var rejectedToolCallCount: Int { toolCallProcessor.rejectedToolCallCount }
+    var recoveredToolCallCount: Int { toolCallProcessor.recoveredToolCallCount }
 
     mutating func push(_ token: Int, emit: (TokenStreamEvent) -> Bool) -> Bool {
         detokenizer.append(token: token)
diff --git a/Libraries/MLXLMCommon/Tool/ToolArgumentNormalization.swift b/Libraries/MLXLMCommon/Tool/ToolArgumentNormalization.swift
new file mode 100644
index 0000000..717a0cd
--- /dev/null
+++ b/Libraries/MLXLMCommon/Tool/ToolArgumentNormalization.swift
@@ -0,0 +1,195 @@
+// Copyright © 2026 Apple Inc.
+
+import Foundation
+
+/// Schema-guided reading of textual arguments, shared by all call dialects.
+/// This is intentionally separate from validation: unconvertible or ambiguous
+/// values keep their original spelling so the caller can reject or inspect them.
+enum ToolArgumentNormalization {
+    static func normalize(_ call: ToolCall, tools: [[String: any Sendable]]?) -> ToolCall {
+        guard !call.function.arguments.isEmpty, let tools,
+            let schema = ToolSchemaValidator.parametersSchema(
+                ofToolNamed: call.function.name, in: tools),
+            let properties = schema["properties"] as? [String: any Sendable]
+        else { return call }
+        var arguments = call.function.arguments
+        var changed = false
+        for (key, value) in call.function.arguments {
+            let converted = normalize(value, schema: properties[key] as? [String: any Sendable])
+            if converted != value {
+                arguments[key] = converted
+                changed = true
+            }
+        }
+        guard changed else { return call }
+        return ToolCall(
+            function: .init(name: call.function.name, arguments: arguments), id: call.id)
+    }
+
+    static func normalize(
+        _ value: JSONValue, schema: [String: any Sendable]?, depth: Int = 0
+    ) -> JSONValue {
+        switch value {
+        case .string, .array, .object: break
+        default: return value
+        }
+        if schema?["type"] as? String == "string" { return value }
+        guard depth < 32, let schema, let types = declaredTypes(schema, depth: depth) else {
+            return value
+        }
+        var nonNull = types.subtracting(["null"])
+        if nonNull.contains("number") { nonNull.remove("integer") }
+        // An admitted string or multiple interpretations is not an invitation
+        // to guess which union branch the model meant (for example "001").
+        guard !types.contains("string"), nonNull.count <= 1 else { return value }
+        var result = value
+        if case .string(let text) = value {
+            let trimmed = text.trimmingCharacters(in: .whitespacesAndNewlines)
+            if types.contains("null"), ["null", "none", "nil"].contains(trimmed.lowercased()) {
+                return .null
+            }
+            switch nonNull.first {
+            case "integer", "number":
+                result = number(trimmed, integer: nonNull.first == "integer") ?? value
+            case "boolean":
+                switch trimmed.lowercased() {
+                case "true", "1", "yes", "on": result = .bool(true)
+                case "false", "0", "no", "off": result = .bool(false)
+                default: break
+                }
+            case "object", "array":
+                let parsed: (any Sendable)? =
+                    tryParseJSON(trimmed) ?? tryParsePythonLiteral(trimmed)
+                if let parsed {
+                    let json = JSONValue.from(parsed)
+                    switch (nonNull.first, json) {
+                    case ("object", .object), ("array", .array): result = json
+                    default: break
+                    }
+                }
+            default: break
+            }
+        }
+        switch result {
+        case .object(let object):
+            let properties = schema["properties"] as? [String: any Sendable] ?? [:]
+            let extra = schema["additionalProperties"] as? [String: any Sendable]
+            guard !properties.isEmpty || extra != nil else { return result }
+            var normalized = object
+            for (key, value) in object {
+                let converted = normalize(
+                    value, schema: properties[key] as? [String: any Sendable] ?? extra,
+                    depth: depth + 1)
+                if converted != value { normalized[key] = converted }
+            }
+            return .object(normalized)
+        case .array(let array):
+            guard let items = schema["items"] as? [String: any Sendable] else { return result }
+            var normalized = array
+            for index in array.indices {
+                let converted = normalize(array[index], schema: items, depth: depth + 1)
+                if converted != array[index] { normalized[index] = converted }
+            }
+            return .array(normalized)
+        default: return result
+        }
+    }
+
+    /// Returns only interpretations every branch describes. Unknown branches
+    /// (notably references) prevent coercion rather than being silently ignored.
+    private static func declaredTypes(_ schema: [String: any Sendable], depth: Int) -> Set<String>?
+    {
+        guard depth < 32,
+            ["$ref", "$dynamicRef", "not", "if", "then", "else"].allSatisfy({ schema[$0] == nil })
+        else { return nil }
+        var result: Set<String>?
+        if let raw = schema["type"] {
+            let names = (raw as? String).map { [$0] } ?? (raw as? [String]) ?? []
+            let mapped = names.compactMap(canonicalType)
+            guard !names.isEmpty, mapped.count == names.count else { return nil }
+            result = Set(mapped)
+            // Integer is a subtype of number, so intersections such as
+            // allOf(number, integer) still describe an integer.
+            if result?.contains("number") == true { result?.insert("integer") }
+        }
+        for key in ["anyOf", "oneOf", "allOf"] where schema[key] != nil {
+            guard let branches = schema[key] as? [[String: any Sendable]], !branches.isEmpty else {
+                return nil
+            }
+            let types = branches.compactMap { declaredTypes($0, depth: depth + 1) }
+            guard types.count == branches.count else { return nil }
+            let combined = types.dropFirst().reduce(types[0]) {
+                key == "allOf" ? $0.intersection($1) : $0.union($1)
+            }
+            result = result.map { $0.intersection(combined) } ?? combined
+        }
+        return result
+    }
+
+    private static func canonicalType(_ name: String) -> String? {
+        let type = name.lowercased()
+        switch type {
+        case "string", "str", "text", "varchar", "char", "enum": return "string"
+        case "integer", "int", "uint", "long", "short", "unsigned": return "integer"
+        case "number", "float": return "number"
+        case "boolean", "bool", "binary": return "boolean"
+        case "object", "dict": return "object"
+        case "array", "arr", "list": return "array"
+        case "null": return "null"
+        default:
+            // Preserve the aliases already accepted by the textual parsers.
+            if ["int", "uint", "long", "short", "unsigned"].contains(where: type.hasPrefix) {
+                return "integer"
+            }
+            if type.hasPrefix("num") || type.hasPrefix("float") { return "number" }
+            if type.hasPrefix("dict") { return "object" }
+            if type.hasPrefix("list") { return "array" }
+            return nil
+        }
+    }
+
+    private static func number(_ text: String, integer: Bool) -> JSONValue? {
+        if let value = Int(text) { return .int(value) }
+        guard let value = Double(text), value.isFinite else { return nil }
+        return decimalInteger(text).map(JSONValue.int) ?? (integer ? nil : .double(value))
+    }
+
+    /// Recognize integral decimal/exponent spellings without floating-point
+    /// rounding. No fixed-width conversion occurs until all digits are known.
+    private static func decimalInteger(_ text: String) -> Int? {
+        var body = text[...]
+        let negative = body.first == "-"
+        if body.first == "-" || body.first == "+" { body.removeFirst() }
+        let parts = body.split(
+            omittingEmptySubsequences: false, whereSeparator: { $0 == "e" || $0 == "E" })
+        guard parts.count <= 2 else { return nil }
+        let exponent: Int
+        if parts.count == 2 {
+            guard let parsed = Int(parts[1]) else { return nil }
+            exponent = parsed
+        } else {
+            exponent = 0
+        }
+        let mantissa = parts[0].split(separator: ".", omittingEmptySubsequences: false)
+        guard mantissa.count <= 2 else { return nil }
+        let fractionalCount = mantissa.count == 2 ? mantissa[1].count : 0
+        var digits = mantissa.joined()
+        guard !digits.isEmpty, digits.utf8.allSatisfy({ (48 ... 57).contains($0) }) else {
+            return nil
+        }
+        digits = String(digits.drop(while: { $0 == "0" }))
+        if digits.isEmpty { return 0 }
+        let (scale, overflow) = exponent.subtractingReportingOverflow(fractionalCount)
+        guard !overflow else { return nil }
+        if scale >= 0 {
+            guard scale <= 19, digits.count <= 19 - scale else { return nil }
+            digits += String(repeating: "0", count: scale)
+        } else {
+            guard scale > -digits.count, digits.suffix(-scale).allSatisfy({ $0 == "0" }) else {
+                return nil
+            }
+            digits.removeLast(-scale)
+        }
+        return Int((negative ? "-" : "") + digits)
+    }
+}
diff --git a/Libraries/MLXLMCommon/Tool/ToolCallFormat.swift b/Libraries/MLXLMCommon/Tool/ToolCallFormat.swift
index e08acc5..e547dea 100644
--- a/Libraries/MLXLMCommon/Tool/ToolCallFormat.swift
+++ b/Libraries/MLXLMCommon/Tool/ToolCallFormat.swift
@@ -19,6 +19,9 @@ public protocol ToolCallParser: Sendable {
     /// Returns `nil` for inline formats that don't use wrapper tags.
     var endTag: String? { get }
 
+    /// Whether an unframed JSON object is native call syntax for this parser.
+    var supportsBareJSON: Bool { get }
+
     /// Parse the content into a `ToolCall`.
     /// - Parameters:
     ///   - content: The text content to parse (may include tags)
@@ -35,6 +38,8 @@ public protocol ToolCallParser: Sendable {
 }
 
 extension ToolCallParser {
+    public var supportsBareJSON: Bool { false }
+
     public func parseEOS(_ toolCallBuffer: String, tools: [[String: any Sendable]]?) -> [ToolCall] {
         if let startTag {
             return
@@ -129,7 +134,8 @@ public enum ToolCallFormat: String, Hashable, Sendable, Codable, CaseIterable {
     public func createParser() -> any ToolCallParser {
         switch self {
         case .json:
-            return JSONToolCallParser(startTag: "<tool_call>", endTag: "</tool_call>")
+            return JSONToolCallParser(
+                startTag: "<tool_call>", endTag: "</tool_call>", supportsBareJSON: true)
         case .lfm2:
             return PythonicToolCallParser(
                 startTag: "<|tool_call_start|>", endTag: "<|tool_call_end|>")
@@ -169,15 +175,18 @@ public enum ToolCallFormat: String, Hashable, Sendable, Codable, CaseIterable {
     package func makeTokenStreamDecoder(
         tokenizer: any Tokenizer,
         tools: [[String: any Sendable]]?,
-        stopStrings: Set<String>
+        stopStrings: Set<String>,
+        toolCallPolicy: ToolCallPolicy = .init()
     ) -> any TokenStreamDecoder {
         if let decoder = makeProtocolTokenStreamDecoder(
-            tokenizer: tokenizer, tools: tools, stopStrings: stopStrings)
+            tokenizer: tokenizer, tools: tools, stopStrings: stopStrings,
+            toolCallPolicy: toolCallPolicy)
         {
             return decoder
         }
         return StandardTokenStreamDecoder(
-            tokenizer: tokenizer, format: self, tools: tools, stopStrings: stopStrings)
+            tokenizer: tokenizer, format: self, tools: tools, stopStrings: stopStrings,
+            toolCallPolicy: toolCallPolicy)
     }
 
     /// Builds a decoder only for formats which own a framed token protocol.
@@ -187,16 +196,19 @@ public enum ToolCallFormat: String, Hashable, Sendable, Codable, CaseIterable {
     package func makeProtocolTokenStreamDecoder(
         tokenizer: any Tokenizer,
         tools: [[String: any Sendable]]?,
-        stopStrings: Set<String>
+        stopStrings: Set<String>,
+        toolCallPolicy: ToolCallPolicy = .init()
     ) -> (any TokenStreamDecoder)? {
         switch self {
         case .gptOSS:
             return HarmonyStreamAdapter(
-                tokenizer: tokenizer, tools: tools, stopStrings: stopStrings)
+                tokenizer: tokenizer, tools: tools, stopStrings: stopStrings,
+                toolCallPolicy: toolCallPolicy)
 
         case .atem:
             return OnyxStreamAdapter(
-                tokenizer: tokenizer, tools: tools, stopStrings: stopStrings)
+                tokenizer: tokenizer, tools: tools, stopStrings: stopStrings,
+                toolCallPolicy: toolCallPolicy)
 
         case .json, .lfm2, .xmlFunction, .qwen35, .glm4, .gemma, .gemma4, .kimiK2, .minimaxM2,
             .mistral, .llama3:
diff --git a/Libraries/MLXLMCommon/Tool/ToolCallPolicy.swift b/Libraries/MLXLMCommon/Tool/ToolCallPolicy.swift
new file mode 100644
index 0000000..dcc2e5d
--- /dev/null
+++ b/Libraries/MLXLMCommon/Tool/ToolCallPolicy.swift
@@ -0,0 +1,32 @@
+// Copyright © 2026 Apple Inc.
+
+/// Rules for recovering and validating generated tool calls.
+/// Native parser requirements and declared-tool authorization always apply.
+public struct ToolCallPolicy: Hashable, Sendable {
+    /// Bounded recovery of calls emitted in a different dialect.
+    /// Applies to text formats; framed token protocols use their native parser.
+    public var recovery: ToolCallRecoveryPolicy
+
+    /// Schema enforcement after unambiguous argument normalization.
+    public var validation: ToolCallValidationPolicy
+
+    public init(
+        recovery: ToolCallRecoveryPolicy = .conservative,
+        validation: ToolCallValidationPolicy = .permissive
+    ) {
+        self.recovery = recovery
+        self.validation = validation
+    }
+}
+
+/// Controls schema enforcement independently of syntax recovery and tool-name
+/// authorization. Both modes normalize unambiguous, schema-declared values.
+public enum ToolCallValidationPolicy: String, Hashable, Sendable, CaseIterable {
+    /// Reject proven schema violations. Unsupported schema assertions remain
+    /// unknown. Enable this to check arguments before automatic tool dispatch.
+    case strict
+    /// Forward parsed arguments after normalization, even if they violate the
+    /// schema. This is the default; applications validate arguments themselves.
+    /// Native parser requirements and declared-tool authorization still apply.
+    case permissive
+}
diff --git a/Libraries/MLXLMCommon/Tool/ToolCallProcessor.swift b/Libraries/MLXLMCommon/Tool/ToolCallProcessor.swift
index e3235c1..49f065f 100644
--- a/Libraries/MLXLMCommon/Tool/ToolCallProcessor.swift
+++ b/Libraries/MLXLMCommon/Tool/ToolCallProcessor.swift
@@ -33,12 +33,15 @@ public class ToolCallProcessor {
 
     // MARK: - Properties
 
+    private let validationPolicy: ToolCallValidationPolicy
     private let format: ToolCallFormat
     private let parser: any ToolCallParser
     private let tools: [[String: any Sendable]]?
     private let allowedToolNames: Set<String>?
     private let supportsBareJSONFallback: Bool
+    private var recoveryScanner: TextToolCallRecoveryScanner?
     private let maxJSONFallbackBufferLength = 32_768
+    private let maximumToolCallBufferByteCount = 65_536
     private let jsonObjectScanner = JSONLeadingObjectScanner(startCharacter: "{")
     private var state = State.normal
     private var toolCallBuffer = ""
@@ -57,6 +60,14 @@ public class ToolCallProcessor {
     /// Total rejected calls observed by this processor, including drained calls.
     public private(set) var rejectedToolCallCount = 0
 
+    /// Provenance for every call produced by cross-dialect recovery, in source
+    /// order. Calls produced by the selected native parser are not included.
+    public private(set) var recoveryEvents: [ToolCallRecoveryEvent] = []
+
+    /// Total calls promoted by cross-dialect recovery, including events that
+    /// have already been drained by a diagnostic consumer.
+    public private(set) var recoveredToolCallCount = 0
+
     // MARK: - State Enum
 
     private enum State {
@@ -64,6 +75,9 @@ public class ToolCallProcessor {
         case potentialToolCall
         case collectingToolCall
         case collectingJSONToolCall
+        /// An oversized explicit attempt is ignored until EOS. Resuming in the
+        /// middle of its syntax could turn argument data into a new call.
+        case quarantiningOversizedToolCall
     }
 
     private enum TaggedStartMode {
@@ -80,7 +94,16 @@ public class ToolCallProcessor {
     ///   - tools: Optional tool schemas for type-aware parsing and authorization.
     ///     `nil` accepts any parsed function name; a supplied array, including
     ///     an empty one, authorizes only the names it declares.
-    public init(format: ToolCallFormat = .json, tools: [[String: any Sendable]]? = nil) {
+    ///     A nonempty declaration also enables bounded cross-dialect recovery;
+    ///     only an exactly declared function name can be promoted by recovery.
+    ///   - toolCallPolicy: Recovery and validation rules. Defaults to conservative
+    ///     recovery and permissive schema validation; tool-name authorization always applies.
+    public init(
+        format: ToolCallFormat = .json,
+        tools: [[String: any Sendable]]? = nil,
+        toolCallPolicy: ToolCallPolicy = .init()
+    ) {
+        self.validationPolicy = toolCallPolicy.validation
         self.format = format
         self.parser = format.createParser()
         self.tools = tools
@@ -90,7 +113,12 @@ public class ToolCallProcessor {
                     (tool["function"] as? [String: any Sendable])?["name"] as? String
                 })
         }
-        self.supportsBareJSONFallback = format == .json
+        self.supportsBareJSONFallback = parser.supportsBareJSON
+        self.recoveryScanner = TextToolCallRecoveryScanner(
+            primaryFormat: format,
+            policy: toolCallPolicy.recovery,
+            tools: tools,
+            allowedToolNames: self.allowedToolNames)
     }
 
     // MARK: - Computed Properties
@@ -105,12 +133,38 @@ public class ToolCallProcessor {
         parser.startTag?.first
     }
 
+    /// Whether the selected format frames calls with `<tool_call>` tags and
+    /// therefore closes frames only after a structurally complete payload.
+    private var usesStructuralToolCallFrame: Bool {
+        parser.startTag == ToolCallFrameScanner.startTag
+            && parser.endTag == ToolCallFrameScanner.endTag
+    }
+
     // MARK: - Public Methods
 
     /// Process a generated text chunk and extract any tool call content.
     /// - Parameter chunk: The text chunk to process
     /// - Returns: Regular text that should be displayed (non-tool call content), or `nil` if buffering
     public func processChunk(_ chunk: String) -> String? {
+        guard recoveryScanner != nil else {
+            return processNativeChunk(chunk)
+        }
+        if recoveryScanner!.consumeIfPassThrough(chunk) {
+            if state == .normal,
+                isInlineFormat || startTagFirstChar == "<" || startTagFirstChar == "["
+            {
+                recordResponse(chunk)
+                return chunk
+            }
+            return processNativeChunk(chunk)
+        }
+
+        let recovered = recoveryScanner!.process(chunk)
+        return processRecoveryOutputs(recovered)
+    }
+
+    /// Sends text not claimed by recovery through the selected native parser.
+    private func processNativeChunk(_ chunk: String) -> String? {
         if isInlineFormat {
             return processInlineChunk(chunk)
         }
@@ -153,6 +207,15 @@ public class ToolCallProcessor {
         return drained
     }
 
+    /// Removes and returns every cross-dialect recovery event in source order.
+    /// A second call returns an empty array until more calls are recovered.
+    public func drainRecoveryEvents() -> [ToolCallRecoveryEvent] {
+        guard !recoveryEvents.isEmpty else { return [] }
+        let drained = recoveryEvents
+        recoveryEvents.removeAll(keepingCapacity: true)
+        return drained
+    }
+
     /// Process end-of-sequence, parsing any buffered content as tool call(s).
     ///
     /// Call this when generation ends (e.g., on EOS token) to handle formats
@@ -177,6 +240,19 @@ public class ToolCallProcessor {
     ///   `returnBufferedText` is `false`).
     @discardableResult
     public func processEOS(returnBufferedText: Bool = true) -> String? {
+        let recoveredText = finishRecoveryStream()
+        return combine(
+            recoveredText,
+            processNativeEOS(returnBufferedText: returnBufferedText))
+    }
+
+    private func processNativeEOS(returnBufferedText: Bool) -> String? {
+        if state == .quarantiningOversizedToolCall {
+            state = .normal
+            toolCallBuffer = ""
+            hasExplicitInlineMarker = false
+            return nil
+        }
         guard
             state == .collectingToolCall || state == .potentialToolCall
                 || state == .collectingJSONToolCall
@@ -189,8 +265,15 @@ public class ToolCallProcessor {
 
         let buffered = toolCallBuffer
         let terminalState = state
-        let parsedCalls = parser.parseEOS(buffered, tools: tools)
-        appendToolCalls(parsedCalls, rawText: buffered)
+        var parsedCalls = parser.parseEOS(buffered, tools: tools)
+        let usedRecovery = parsedCalls.isEmpty
+        if parsedCalls.isEmpty {
+            parsedCalls = recoveryScanner?.recoverEOSPayloads(buffered) ?? []
+        }
+        let acceptedCalls = appendToolCalls(parsedCalls, rawText: buffered)
+        if usedRecovery {
+            collectRecoveryEvents(acceptedCandidates: acceptedCalls)
+        }
 
         let didReject: Bool
         if parsedCalls.isEmpty,
@@ -219,6 +302,7 @@ public class ToolCallProcessor {
     /// this API with the legacy processing and draining APIs.
     public func processEOSOutputs() -> [Output] {
         orderedOutputEnabled = true
+        _ = finishRecoveryStream()
         if format == .mistral, let outputs = processMistralEOSOutputs() {
             orderedOutputQueue.removeAll(keepingCapacity: true)
             return outputs
@@ -229,7 +313,7 @@ public class ToolCallProcessor {
         }
 
         let outputCount = orderedOutputQueue.count
-        let visible = processEOS(returnBufferedText: true)
+        let visible = processNativeEOS(returnBufferedText: true)
         if orderedOutputQueue.count == outputCount, let visible {
             recordEOSResidual(visible)
         }
@@ -238,6 +322,54 @@ public class ToolCallProcessor {
         return drainOrderedOutputs()
     }
 
+    private func processRecoveryOutputs(_ outputs: [TextToolCallRecoveryScanner.Output])
+        -> String?
+    {
+        var visible: String?
+        var acceptedCandidates: [Bool] = []
+        for output in outputs {
+            switch output {
+            case .text(let text):
+                visible = combine(visible, processNativeChunk(text))
+            case .protectedText(let text):
+                // The recovery lexer has already classified this as inert
+                // response data. Routing it through the native parser would
+                // reopen the trust boundary and allow calls hidden in
+                // reasoning, code, or JSON strings to execute.
+                recordResponse(text)
+                visible = combine(visible, text)
+            case .toolCall(let call, let rawText):
+                acceptedCandidates.append(appendToolCall(call, rawText: rawText))
+            case .rejected(let rawText, let reason, let toolName):
+                appendRejectedToolCall(
+                    reason: reason,
+                    rawText: rawText,
+                    toolName: toolName,
+                    detail: reason.diagnosticDetail)
+            }
+        }
+        collectRecoveryEvents(acceptedCandidates: acceptedCandidates)
+        return visible
+    }
+
+    /// Moves provenance for executable promotions into the public log.
+    /// Candidates rejected by the common authorization/schema boundary are
+    /// rejection telemetry, not successful recoveries.
+    private func collectRecoveryEvents(acceptedCandidates: [Bool]) {
+        guard let drained = recoveryScanner?.drainEvents(), !drained.isEmpty else { return }
+        assert(drained.count == acceptedCandidates.count)
+        let acceptedEvents = zip(drained, acceptedCandidates).compactMap { event, accepted in
+            accepted ? event : nil
+        }
+        recoveredToolCallCount += acceptedEvents.count
+        recoveryEvents.append(contentsOf: acceptedEvents)
+    }
+
+    private func finishRecoveryStream() -> String? {
+        guard recoveryScanner != nil else { return nil }
+        return processRecoveryOutputs(recoveryScanner!.finish())
+    }
+
     // MARK: - Private Methods
 
     /// Process chunk for inline formats (no wrapper tags).
@@ -278,7 +410,7 @@ public class ToolCallProcessor {
                     toolCallBuffer = ""
                     hasExplicitInlineMarker = false
                     let response = rejected ? visibleLeading : visibleLeading + buffered
-                    if !rejected { recordResponse(sanitizingProtocol: buffered) }
+                    if !rejected { recordResponse(buffered) }
                     return response
                 }
 
@@ -296,6 +428,11 @@ public class ToolCallProcessor {
         case .potentialToolCall, .collectingToolCall, .collectingJSONToolCall:
             toolCallBuffer += chunk
 
+            if toolCallBuffer.utf8.count > maximumToolCallBufferByteCount {
+                rejectOversizedNativeBuffer()
+                return nil
+            }
+
             if let toolCall = parser.parse(content: toolCallBuffer, tools: tools) {
                 appendToolCall(toolCall, rawText: toolCallBuffer)
                 toolCallBuffer = ""
@@ -313,12 +450,15 @@ public class ToolCallProcessor {
                 toolCallBuffer = ""
                 hasExplicitInlineMarker = false
                 guard !rejected else { return nil }
-                recordResponse(sanitizingProtocol: buffered)
+                recordResponse(buffered)
                 return buffered
             }
 
             // Still collecting
             return nil
+
+        case .quarantiningOversizedToolCall:
+            return nil
         }
     }
 
@@ -413,11 +553,10 @@ public class ToolCallProcessor {
         else { return nil }
 
         let startTag = "[TOOL_CALLS]"
-        let argsTag = "[ARGS]"
         var remaining = toolCallBuffer
 
         while remaining.hasPrefix(startTag) {
-            guard let argsRange = remaining.range(of: argsTag) else {
+            guard let brace = remaining.firstIndex(of: "{") else {
                 appendRejectedToolCall(
                     reason: .incompleteOutput,
                     rawText: remaining,
@@ -425,7 +564,7 @@ public class ToolCallProcessor {
                 remaining = ""
                 break
             }
-            let arguments = String(remaining[argsRange.upperBound...])
+            let arguments = String(remaining[brace...])
             guard let split = jsonObjectScanner.splitLeadingObject(from: arguments) else {
                 appendRejectedToolCall(
                     reason: .incompleteOutput,
@@ -435,9 +574,13 @@ public class ToolCallProcessor {
                 break
             }
 
-            let callText = String(remaining[..<argsRange.upperBound]) + split.object
-            if let call = parser.parse(content: callText, tools: tools) {
-                appendToolCall(call, rawText: callText)
+            let callEnd = remaining.index(brace, offsetBy: split.object.count)
+            let callText = String(remaining[..<callEnd])
+            if let call = parser.parse(content: callText, tools: tools)
+                ?? recoveryScanner?.recoverCompletePayload(callText)
+            {
+                let accepted = appendToolCall(call, rawText: callText)
+                collectRecoveryEvents(acceptedCandidates: [accepted])
             } else {
                 let reason = classifyCompletePayload(callText)
                 appendRejectedToolCall(
@@ -586,48 +729,36 @@ public class ToolCallProcessor {
             fallthrough
 
         case .potentialToolCall:
-            if partialMatch(buffer: toolCallBuffer, tag: startTag) {
-                if toolCallBuffer.starts(with: startTag) {
-                    state = .collectingToolCall
-                    recordResponse(leadingToken ?? "")
-                    leadingTokenWasRecorded = true
-                    fallthrough
-                } else {
-                    recordResponse(leadingToken ?? "")
-                    leadingTokenWasRecorded = true
-                    return nil
-                }
-            } else {
-                // Otherwise, return the collected text and reset the state.
-                state = .normal
-                let buffer = toolCallBuffer
-                toolCallBuffer = ""
-                if let attempt = protocolMarkerAttempt(in: buffer, startTag: startTag) {
-                    recordResponse(leadingToken ?? "")
-                    appendRejectedToolCall(
-                        reason: .malformedSyntax,
-                        rawText: attempt,
-                        detail: RejectedToolCall.Reason.malformedSyntax.diagnosticDetail)
-                    let remainder = buffer.replacingOccurrences(of: attempt, with: "")
-                    recordResponse(sanitizingProtocol: remainder)
-                    return combine(leadingToken, stripProtocolSpans(from: remainder))
-                }
-                let response = (leadingToken ?? "") + buffer
-                recordResponse(sanitizingProtocol: response)
-                return response
-            }
+            leadingToken = scanTaggedStart(
+                startTag: startTag, startChar: startChar, leadingToken: leadingToken)
+            leadingTokenWasRecorded = true
+            guard toolCallBuffer.hasPrefix(startTag) else { return leadingToken }
+            state = .collectingToolCall
+            fallthrough
 
         case .collectingToolCall:
+            if toolCallBuffer.utf8.count > maximumToolCallBufferByteCount {
+                if !leadingTokenWasRecorded { recordResponse(leadingToken ?? "") }
+                rejectOversizedNativeBuffer()
+                return leadingToken
+            }
+
             guard let endTag = parser.endTag else {
-                return nil
+                return leadingToken
             }
 
-            if toolCallBuffer.contains(endTag) {
-                // Separate the trailing token.
-                let trailingToken = separateToken(
-                    from: &toolCallBuffer, separator: endTag, returnLeading: false)
+            // `<tool_call>` frames close only after a structurally complete
+            // payload, so a literal close marker inside a JSON string argument
+            // cannot truncate the frame and expose its suffix as new input.
+            // Other dialects keep the first textual close their parsers use.
+            let frameEnd =
+                usesStructuralToolCallFrame
+                ? ToolCallFrameScanner.frameEnd(in: toolCallBuffer)
+                : toolCallBuffer.range(of: endTag).map(\.upperBound)
 
-                let bufferedToolCall = toolCallBuffer
+            if let frameEnd {
+                let bufferedToolCall = String(toolCallBuffer[..<frameEnd])
+                let trailingToken = String(toolCallBuffer[frameEnd...])
 
                 // Parse the tool call using the parser.
                 if let toolCall = parser.parse(content: bufferedToolCall, tools: tools) {
@@ -639,18 +770,35 @@ public class ToolCallProcessor {
                     toolCallBuffer = ""
 
                     // If trailing content may contain another tool call, recurse.
-                    if let trailingToken,
-                        tokenCouldContainToolStart(trailingToken, startChar: startChar)
-                    {
+                    if tokenCouldContainToolStart(trailingToken, startChar: startChar) {
                         return combine(leadingToken, processChunk(trailingToken))
                     }
 
                     // Otherwise, return trailing text if non-empty.
-                    let trailingText = trailingToken?.isEmpty ?? true ? nil : trailingToken
+                    let trailingText = trailingToken.isEmpty ? nil : trailingToken
                     if let trailingText { recordResponse(trailingText) }
                     return combine(leadingToken, trailingText)
                 }
 
+                // The native parser owns its advertised syntax. Only after it
+                // declines a complete payload do we try the cross-dialect
+                // healer, preserving the native path and its performance.
+                if let toolCall = recoveryScanner?.recoverCompletePayload(bufferedToolCall) {
+                    if !leadingTokenWasRecorded {
+                        recordResponse(leadingToken ?? "")
+                    }
+                    let accepted = appendToolCall(toolCall, rawText: bufferedToolCall)
+                    collectRecoveryEvents(acceptedCandidates: [accepted])
+                    state = .normal
+                    toolCallBuffer = ""
+
+                    if tokenCouldContainToolStart(trailingToken, startChar: startChar) {
+                        return combine(leadingToken, processChunk(trailingToken))
+                    }
+                    if !trailingToken.isEmpty { recordResponse(trailingToken) }
+                    return combine(leadingToken, trailingToken.isEmpty ? nil : trailingToken)
+                }
+
                 // A complete tagged payload is unambiguously intended as a tool
                 // call. Report it rather than leaking protocol text as response.
                 state = .normal
@@ -663,16 +811,14 @@ public class ToolCallProcessor {
                     reason: reason,
                     rawText: bufferedToolCall,
                     detail: reason.diagnosticDetail)
-                if let trailingToken,
-                    tokenCouldContainToolStart(trailingToken, startChar: startChar)
-                {
+                if tokenCouldContainToolStart(trailingToken, startChar: startChar) {
                     return combine(leadingToken, processChunk(trailingToken))
                 }
-                if let trailingToken { recordResponse(trailingToken) }
-                return combine(leadingToken, trailingToken)
+                if !trailingToken.isEmpty { recordResponse(trailingToken) }
+                return combine(leadingToken, trailingToken.isEmpty ? nil : trailingToken)
             }
 
-            return nil
+            return leadingToken
 
         case .collectingJSONToolCall:
             return processCollectingJSONToolCall(
@@ -680,9 +826,60 @@ public class ToolCallProcessor {
                 startChar: startChar,
                 leadingToken: leadingToken
             )
+
+        case .quarantiningOversizedToolCall:
+            return nil
         }
     }
 
+    private func scanTaggedStart(
+        startTag: String, startChar: Character, leadingToken: String?
+    ) -> String? {
+        let buffer = toolCallBuffer
+        var candidate = buffer.startIndex
+        var responseStart = candidate
+        var response = leadingToken ?? ""
+        var rejectedMarker = false
+        recordResponse(response)
+
+        func emitText(until end: String.Index) {
+            let text = String(buffer[responseStart ..< end])
+            recordResponse(sanitizingProtocol: text)
+            response += rejectedMarker ? stripProtocolSpans(from: text) : text
+        }
+
+        // A disproven opener only rules out that candidate, not the remaining chunk.
+        while candidate < buffer.endIndex {
+            let suffix = buffer[candidate...]
+            if suffix.hasPrefix(startTag) || startTag.hasPrefix(suffix) {
+                emitText(until: candidate)
+                toolCallBuffer = String(suffix)
+                return response.isEmpty ? nil : response
+            }
+
+            let next =
+                buffer[buffer.index(after: candidate)...].firstIndex(of: startChar)
+                ?? buffer.endIndex
+            if let attempt = protocolMarkerAttempt(
+                in: String(buffer[candidate ..< next]), startTag: startTag)
+            {
+                emitText(until: candidate)
+                appendRejectedToolCall(
+                    reason: .malformedSyntax,
+                    rawText: attempt,
+                    detail: RejectedToolCall.Reason.malformedSyntax.diagnosticDetail)
+                rejectedMarker = true
+                responseStart = buffer.index(candidate, offsetBy: attempt.count)
+            }
+            candidate = next
+        }
+
+        emitText(until: buffer.endIndex)
+        toolCallBuffer = ""
+        state = .normal
+        return response.isEmpty ? nil : response
+    }
+
     private func processCollectingJSONToolCall(
         startTag: String,
         startChar: Character,
@@ -757,7 +954,7 @@ public class ToolCallProcessor {
                 combine(rejected ? nil : jsonCandidate, processChunk(trailingToken)))
         }
         let response = (rejected ? "" : jsonCandidate) + trailingToken
-        recordResponse(sanitizingProtocol: response)
+        recordResponse(response)
         return combine(leadingToken, response)
     }
 
@@ -802,13 +999,12 @@ public class ToolCallProcessor {
         return merged.isEmpty ? nil : merged
     }
 
-    private func appendToolCalls(_ calls: [ToolCall], rawText: String) {
-        for call in calls {
-            appendToolCall(call, rawText: rawText)
-        }
+    private func appendToolCalls(_ calls: [ToolCall], rawText: String) -> [Bool] {
+        calls.map { appendToolCall($0, rawText: rawText) }
     }
 
-    private func appendToolCall(_ call: ToolCall, rawText: String) {
+    @discardableResult
+    private func appendToolCall(_ call: ToolCall, rawText: String) -> Bool {
         guard allowedToolNames?.contains(call.function.name) ?? true else {
             appendRejectedToolCall(
                 reason: .undeclaredTool,
@@ -816,7 +1012,23 @@ public class ToolCallProcessor {
                 toolName: call.function.name,
                 callID: call.id,
                 detail: RejectedToolCall.Reason.undeclaredTool.diagnosticDetail)
-            return
+            return false
+        }
+
+        let call = ToolArgumentNormalization.normalize(call, tools: tools)
+        if validationPolicy == .strict,
+            case .invalid(let violations) = ToolSchemaValidator.validate(
+                arguments: call.function.arguments,
+                forToolNamed: call.function.name,
+                in: tools)
+        {
+            appendRejectedToolCall(
+                reason: .invalidArguments,
+                rawText: rawText,
+                toolName: call.function.name,
+                callID: call.id,
+                detail: ToolSchemaValidator.describe(violations))
+            return false
         }
 
         let normalized = normalizedToolCall(call)
@@ -824,6 +1036,7 @@ public class ToolCallProcessor {
         if orderedOutputEnabled {
             orderedOutputQueue.append(.toolCall(normalized))
         }
+        return true
     }
 
     private func appendRejectedToolCall(
@@ -881,9 +1094,22 @@ public class ToolCallProcessor {
                 return .incompleteOutput
             }
             return classifyCompletePayload(text)
+        case .quarantiningOversizedToolCall:
+            return .resourceLimitExceeded
         }
     }
 
+    private func rejectOversizedNativeBuffer() {
+        let raw = toolCallBuffer
+        toolCallBuffer = ""
+        state = .quarantiningOversizedToolCall
+        hasExplicitInlineMarker = false
+        appendRejectedToolCall(
+            reason: .resourceLimitExceeded,
+            rawText: raw,
+            detail: RejectedToolCall.Reason.resourceLimitExceeded.diagnosticDetail)
+    }
+
     private func rejectInlinePayloadIfNeeded(
         _ text: String, explicitMarker: Bool
     ) -> Bool {
diff --git a/Libraries/MLXLMCommon/Tool/ToolCallRecoveryPolicy.swift b/Libraries/MLXLMCommon/Tool/ToolCallRecoveryPolicy.swift
new file mode 100644
index 0000000..26c2fe5
--- /dev/null
+++ b/Libraries/MLXLMCommon/Tool/ToolCallRecoveryPolicy.swift
@@ -0,0 +1,108 @@
+// Copyright © 2026 Apple Inc.
+
+import Foundation
+
+/// Policy governing bounded cross-dialect tool-call recovery.
+///
+/// The selected `ToolCallFormat` parser is always authoritative. Recovery is a
+/// secondary pass that may promote a call written in a *different* common
+/// dialect when the model drifts from the selected one. Because recovery turns
+/// response text into executable actions, it is deliberately conservative:
+/// a missed recovery is preferable to a false execution.
+public enum ToolCallRecoveryPolicy: String, Hashable, Sendable, CaseIterable {
+    /// Only the selected parser may produce calls. No alternate-dialect
+    /// recovery is attempted.
+    case disabled
+
+    /// Recover only structurally complete alternate-dialect calls that carry
+    /// an explicit protocol marker (`<tool_call>`, `<|tool_call>`,
+    /// `<function=`, `[TOOL_CALLS]`) and appear in committed response text —
+    /// never inside reasoning spans (`<think>`/`<thinking>`/`[THINK]`),
+    /// Markdown code spans or fences, or ordinary JSON data — and only when
+    /// the call names an exactly declared tool. Argument normalization and
+    /// schema enforcement are governed independently by
+    /// ``ToolCallValidationPolicy``.
+    ///
+    /// Explicit protocol attempts that are malformed, incomplete at end of
+    /// stream, or undeclared are surfaced as ``RejectedToolCall`` rather than
+    /// leaked as response text. Markerless `name[ARGS]{...}` rehearsals are
+    /// never promoted by this policy: without a protocol marker, prose that
+    /// merely mentions a declared call is indistinguishable from an intended
+    /// one.
+    case conservative
+
+    /// Everything ``conservative`` does, plus promotion of exact markerless
+    /// `declaredTool[ARGS]{...}` rehearsals in committed response text, and
+    /// documented end-of-stream repair of calls whose outer closing marker is
+    /// missing while their payload is structurally complete. Every promotion
+    /// and repair is recorded in ``ToolCallProcessor/recoveryEvents`` with
+    /// its provenance. Markerless candidates that fail validation remain
+    /// response text.
+    case permissive
+}
+
+/// Provenance for a tool call produced by cross-dialect recovery.
+///
+/// Recovery events feed diagnostics and telemetry without changing the
+/// ordinary ``ToolCall`` execution interface.
+public struct ToolCallRecoveryEvent: Hashable, Sendable {
+    /// The textual dialect the model actually emitted.
+    public enum Dialect: String, Hashable, Sendable {
+        /// `<tool_call>{...}</tool_call>` or `<tool_call><function=...>...</tool_call>`.
+        case toolCallFrame = "tool_call_frame"
+        /// `<|tool_call>call:name{...}<tool_call|>`.
+        case gemma4
+        /// `<function=name><parameter=k>v</parameter></function>`.
+        case qwenFunction = "qwen_function"
+        /// `[TOOL_CALLS]name[ARGS]{...}`.
+        case mistral
+        /// Markerless `name[ARGS]{...}` rehearsal syntax (promoted only under
+        /// ``ToolCallRecoveryPolicy/permissive``).
+        case declaredArgs = "declared_args"
+    }
+
+    /// The repair applied to make the call executable.
+    public enum Repair: String, Hashable, Sendable {
+        /// The payload was structurally complete as emitted; only the dialect
+        /// differed from the selected format.
+        case alternateDialect = "alternate_dialect"
+        /// The outer closing marker was missing at end of stream and the
+        /// structurally complete payload was committed (permissive policy).
+        case missingOuterClose = "missing_outer_close"
+    }
+
+    /// The recovered function name.
+    public let toolName: String
+
+    /// The recovered call identifier, when the dialect carried one.
+    public let callID: String?
+
+    /// The format selected for this generation (the authoritative parser).
+    public let selectedFormat: ToolCallFormat
+
+    /// The dialect the call was actually emitted in.
+    public let dialect: Dialect
+
+    /// The repair that was applied.
+    public let repair: Repair
+
+    /// Whether the call was committed at end of stream rather than from a
+    /// complete in-stream frame.
+    public let wasIncompleteAtEOS: Bool
+
+    public init(
+        toolName: String,
+        callID: String?,
+        selectedFormat: ToolCallFormat,
+        dialect: Dialect,
+        repair: Repair,
+        wasIncompleteAtEOS: Bool
+    ) {
+        self.toolName = toolName
+        self.callID = callID
+        self.selectedFormat = selectedFormat
+        self.dialect = dialect
+        self.repair = repair
+        self.wasIncompleteAtEOS = wasIncompleteAtEOS
+    }
+}
diff --git a/Libraries/MLXLMCommon/Tool/ToolSchemaValidator.swift b/Libraries/MLXLMCommon/Tool/ToolSchemaValidator.swift
new file mode 100644
index 0000000..6ea8ca4
--- /dev/null
+++ b/Libraries/MLXLMCommon/Tool/ToolSchemaValidator.swift
@@ -0,0 +1,810 @@
+// Copyright © 2026 Apple Inc.
+
+import Foundation
+
+/// Conservatively checks tool-call arguments against a declared JSON Schema.
+///
+/// Tool schemas may contain vocabularies this package does not implement. An
+/// unsupported assertion must never turn a valid call into a rejection, so an
+/// evaluation has three outcomes:
+///
+/// - ``Result/valid``: every applicable assertion is understood and satisfied;
+/// - ``Result/invalid(_:)``: at least one understood assertion is definitively
+///   violated;
+/// - ``Result/unknown``: no understood assertion is violated, but unsupported
+///   or malformed schema content prevents a proof of validity.
+///
+/// Callers may reject only ``Result/invalid(_:)``. `unknown` deliberately
+/// fails open: schema declarations are trusted configuration, but a partial
+/// validator is not an authority on semantics it does not implement.
+package enum ToolSchemaValidator {
+
+    /// The result of evaluating one value against a schema.
+    package enum Result: Equatable, Sendable {
+        case valid
+        case invalid([Violation])
+        case unknown
+    }
+
+    /// One understood schema assertion that a value did not satisfy.
+    package struct Violation: Hashable, Sendable, CustomStringConvertible {
+        /// The location of the value, for example `arguments.filters.limit`.
+        package let path: String
+
+        /// What the schema requires, for example "must be an integer".
+        package let requirement: String
+
+        package init(path: String, requirement: String) {
+            self.path = path
+            self.requirement = requirement
+        }
+
+        package var description: String { "\(path) \(requirement)" }
+    }
+
+    /// Checks arguments against the `parameters` schema of a tool.
+    ///
+    /// A missing schema declares no constraints and is therefore valid. An
+    /// unsupported assertion returns `unknown`, which executable-call routing
+    /// must accept rather than guess at its meaning.
+    package static func validate(
+        arguments: [String: JSONValue],
+        against parameters: [String: any Sendable]?
+    ) -> Result {
+        guard let parameters else { return .valid }
+        return check(.object(arguments), against: parameters, at: "arguments")
+    }
+
+    /// Finds and evaluates the schema for one declared tool call.
+    package static func validate(
+        arguments: [String: JSONValue],
+        forToolNamed name: String,
+        in tools: [[String: any Sendable]]?
+    ) -> Result {
+        guard let tools else { return .valid }
+        guard let parameters = rawParametersSchema(ofToolNamed: name, in: tools) else {
+            return .valid
+        }
+        return check(.object(arguments), against: parameters, at: "arguments")
+    }
+
+    /// Checks one value against a schema.
+    ///
+    /// Boolean schemas are supported. Any other schema must be a keyword
+    /// object; a different shape is unknown rather than an argument failure.
+    package static func validate(
+        _ value: JSONValue, against schema: Any, at path: String = "$"
+    ) -> Result {
+        check(value, against: schema, at: path)
+    }
+
+    /// Finds the `parameters` schema of a declared tool, if it has one.
+    ///
+    /// Both declaration shapes are supported: the OpenAI envelope
+    /// (`{"function": {"name": ..., "parameters": ...}}`) and the flat
+    /// shape (`{"name": ..., "parameters": ...}`).
+    package static func parametersSchema(
+        ofToolNamed name: String, in tools: [[String: any Sendable]]
+    ) -> [String: any Sendable]? {
+        rawParametersSchema(ofToolNamed: name, in: tools) as? [String: any Sendable]
+    }
+
+    /// Finds the raw declaration so a malformed schema remains distinguishable
+    /// from an absent one at the proof boundary.
+    private static func rawParametersSchema(
+        ofToolNamed name: String, in tools: [[String: any Sendable]]
+    ) -> (any Sendable)? {
+        for tool in tools {
+            if let function = tool["function"] as? [String: any Sendable] {
+                if function["name"] as? String == name {
+                    return function["parameters"]
+                }
+            } else if tool["name"] as? String == name {
+                return tool["parameters"]
+            }
+        }
+        return nil
+    }
+
+    /// Makes a bounded, stable, non-sensitive diagnostic summary.
+    package static func describe(_ violations: [Violation], limit: Int = 3) -> String {
+        guard !violations.isEmpty else { return "" }
+        let limit = max(0, limit)
+        guard limit > 0 else { return "\(violations.count) schema violations" }
+
+        let shown = violations.prefix(limit).map(\.description).joined(separator: "; ")
+        let hidden = violations.count - min(violations.count, limit)
+        let description = hidden > 0 ? "\(shown); and \(hidden) more" : shown
+        guard description.unicodeScalars.count > maximumDescriptionScalarCount else {
+            return description
+        }
+        return String(description.unicodeScalars.prefix(maximumDescriptionScalarCount - 1)) + "…"
+    }
+
+    // MARK: - Core evaluation
+
+    private struct Assessment {
+        var violations: [Violation] = []
+        var containsUnknown = false
+
+        mutating func merge(_ result: Result) {
+            switch result {
+            case .valid:
+                break
+            case .invalid(let incoming):
+                violations.append(contentsOf: incoming)
+            case .unknown:
+                containsUnknown = true
+            }
+        }
+
+        mutating func reject(at path: String, _ requirement: String) {
+            violations.append(Violation(path: path, requirement: requirement))
+        }
+
+        var result: Result {
+            if !violations.isEmpty { return .invalid(violations) }
+            return containsUnknown ? .unknown : .valid
+        }
+    }
+
+    private enum Keyword<Value> {
+        case absent
+        case value(Value)
+        case malformed
+    }
+
+    private static let maximumSchemaDepth = 64
+    private static let maximumDescriptionScalarCount = 512
+
+    private static func check(
+        _ value: JSONValue,
+        against rawSchema: Any,
+        at path: String,
+        depth: Int = 0
+    ) -> Result {
+        guard depth <= maximumSchemaDepth else { return .unknown }
+        if let permitted = strictBoolean(rawSchema) {
+            return permitted
+                ? .valid
+                : .invalid([Violation(path: path, requirement: "is not permitted")])
+        }
+        guard let schema = rawSchema as? [String: any Sendable] else { return .unknown }
+
+        // Before draft 2019-09, `$ref` replaced the schema object and its
+        // siblings were ignored. Without resolving the reference and dialect,
+        // no sibling assertion is a portable proof of rejection.
+        if schema["$ref"] != nil || schema["$dynamicRef"] != nil
+            || schema["$recursiveRef"] != nil
+        {
+            return .unknown
+        }
+
+        var assessment = Assessment()
+        if schema.keys.contains(where: isUnsupportedAssertion) {
+            assessment.containsUnknown = true
+        }
+
+        switch declaredTypes(schema["type"]) {
+        case .absent:
+            break
+        case .malformed:
+            assessment.containsUnknown = true
+        case .value(let types):
+            guard types.contains(where: { matchesType(value, $0) }) else {
+                return .invalid([
+                    Violation(path: path, requirement: typeRequirement(types))
+                ])
+            }
+        }
+
+        assessment.merge(checkConst(value, schema["const"], at: path))
+        assessment.merge(checkEnum(value, schema["enum"], at: path))
+
+        switch value {
+        case .object(let object):
+            assessment.merge(checkObject(object, schema, at: path, depth: depth))
+        case .array(let elements):
+            assessment.merge(checkArray(elements, schema, at: path, depth: depth))
+        case .string(let string):
+            assessment.merge(checkString(string, schema, at: path))
+        case .int, .double:
+            assessment.merge(checkNumber(value, schema, at: path))
+        case .null, .bool:
+            break
+        }
+
+        assessment.merge(checkCombinators(value, schema, at: path, depth: depth))
+        return assessment.result
+    }
+
+    // MARK: - Object assertions
+
+    private static func checkObject(
+        _ object: [String: JSONValue],
+        _ schema: [String: any Sendable],
+        at path: String,
+        depth: Int
+    ) -> Result {
+        var assessment = Assessment()
+
+        switch stringArray(schema["required"]) {
+        case .absent:
+            break
+        case .malformed:
+            assessment.containsUnknown = true
+        case .value(let required):
+            for key in required.sorted() where object[key] == nil {
+                assessment.reject(at: childPath(path, key), "is required")
+            }
+        }
+
+        let properties: [String: any Sendable]?
+        let propertiesAreMalformed: Bool
+        if let rawProperties = schema["properties"] {
+            properties = rawProperties as? [String: any Sendable]
+            propertiesAreMalformed = properties == nil
+            if propertiesAreMalformed { assessment.containsUnknown = true }
+        } else {
+            properties = nil
+            propertiesAreMalformed = false
+        }
+
+        if let properties {
+            if properties.values.contains(where: { !isSchema($0) }) {
+                assessment.containsUnknown = true
+            }
+            for key in properties.keys.sorted() {
+                guard let member = object[key], let memberSchema = properties[key] else { continue }
+                assessment.merge(
+                    check(
+                        member, against: memberSchema, at: childPath(path, key),
+                        depth: depth + 1))
+            }
+        }
+
+        guard let additional = schema["additionalProperties"] else {
+            return assessment.result
+        }
+        guard !propertiesAreMalformed else { return assessment.result }
+        guard isSchema(additional) else {
+            assessment.containsUnknown = true
+            return assessment.result
+        }
+        // `patternProperties` participates in the definition of an additional
+        // property. Until it is implemented, no key classification is proven.
+        guard schema["patternProperties"] == nil else { return assessment.result }
+
+        let declaredNames = Set(properties?.keys.map { $0 } ?? [])
+        for key in object.keys.sorted() where !declaredNames.contains(key) {
+            let memberPath = childPath(path, key)
+            if let permitted = strictBoolean(additional) {
+                if !permitted {
+                    assessment.reject(at: memberPath, "is not a declared property")
+                }
+            } else {
+                assessment.merge(
+                    check(
+                        object[key]!, against: additional, at: memberPath,
+                        depth: depth + 1))
+            }
+        }
+        return assessment.result
+    }
+
+    // MARK: - Array assertions
+
+    private static func checkArray(
+        _ elements: [JSONValue],
+        _ schema: [String: any Sendable],
+        at path: String,
+        depth: Int
+    ) -> Result {
+        var assessment = Assessment()
+
+        applyCountKeyword(
+            schema["minItems"], actual: elements.count, at: path, unit: "items",
+            bound: .minimum, assessment: &assessment)
+        applyCountKeyword(
+            schema["maxItems"], actual: elements.count, at: path, unit: "items",
+            bound: .maximum, assessment: &assessment)
+
+        switch booleanKeyword(schema["uniqueItems"]) {
+        case .absent, .value(false):
+            break
+        case .malformed:
+            assessment.containsUnknown = true
+        case .value(true):
+            var comparableElements: Set<ComparableJSON> = []
+            comparableElements.reserveCapacity(elements.count)
+            for element in elements {
+                guard let comparable = comparable(element) else {
+                    assessment.containsUnknown = true
+                    comparableElements.removeAll(keepingCapacity: true)
+                    break
+                }
+                if !comparableElements.insert(comparable).inserted {
+                    assessment.reject(at: path, "must not contain duplicate items")
+                    break
+                }
+            }
+        }
+
+        if let items = schema["items"] {
+            if schema["prefixItems"] != nil {
+                // In draft 2020-12, `items` applies only after `prefixItems`.
+                // Applying it to every element could manufacture a violation.
+                assessment.containsUnknown = true
+            } else if items is [Any] {
+                // The pre-2020 tuple form has positional semantics that the
+                // single-schema implementation cannot safely approximate.
+                assessment.containsUnknown = true
+            } else if !isSchema(items) {
+                assessment.containsUnknown = true
+            } else {
+                for (index, element) in elements.enumerated() {
+                    assessment.merge(
+                        check(
+                            element, against: items, at: "\(path)[\(index)]",
+                            depth: depth + 1))
+                }
+            }
+        }
+        return assessment.result
+    }
+
+    private enum CountBound {
+        case minimum
+        case maximum
+    }
+
+    private static func applyCountKeyword(
+        _ rawLimit: Any?,
+        actual: Int,
+        at path: String,
+        unit: String,
+        bound: CountBound,
+        assessment: inout Assessment
+    ) {
+        switch nonNegativeInteger(rawLimit) {
+        case .absent:
+            return
+        case .malformed:
+            assessment.containsUnknown = true
+        case .value(let limit):
+            let violated =
+                switch bound {
+                case .minimum: actual < limit
+                case .maximum: actual > limit
+                }
+            guard violated else { return }
+            let word =
+                switch bound {
+                case .minimum: "least"
+                case .maximum: "most"
+                }
+            assessment.reject(
+                at: path,
+                countRequirement(unit, limit, word))
+        }
+    }
+
+    // MARK: - String assertions
+
+    private static func checkString(
+        _ string: String, _ schema: [String: any Sendable], at path: String
+    ) -> Result {
+        var assessment = Assessment()
+        // JSON Schema defines string length in Unicode code points. Swift's
+        // `String.count` counts extended grapheme clusters instead.
+        let length = string.unicodeScalars.count
+        applyCountKeyword(
+            schema["minLength"], actual: length, at: path, unit: "characters",
+            bound: .minimum, assessment: &assessment)
+        applyCountKeyword(
+            schema["maxLength"], actual: length, at: path, unit: "characters",
+            bound: .maximum, assessment: &assessment)
+        return assessment.result
+    }
+
+    // MARK: - Numeric assertions
+
+    private static func checkNumber(
+        _ value: JSONValue, _ schema: [String: any Sendable], at path: String
+    ) -> Result {
+        guard let number = comparableNumber(value) else { return .unknown }
+        var assessment = Assessment()
+
+        let minimum = numericKeyword(schema["minimum"])
+        let maximum = numericKeyword(schema["maximum"])
+        let exclusiveMinimum = exclusiveBound(schema["exclusiveMinimum"])
+        let exclusiveMaximum = exclusiveBound(schema["exclusiveMaximum"])
+
+        if case .malformed = minimum { assessment.containsUnknown = true }
+        if case .malformed = maximum { assessment.containsUnknown = true }
+        if case .malformed = exclusiveMinimum { assessment.containsUnknown = true }
+        if case .malformed = exclusiveMaximum { assessment.containsUnknown = true }
+
+        let draft4LowerExclusive = exclusiveMinimum == .boolean(true)
+        let draft4UpperExclusive = exclusiveMaximum == .boolean(true)
+
+        if case .value(let lower) = minimum {
+            let violated = number < lower || (draft4LowerExclusive && number == lower)
+            if violated {
+                assessment.reject(
+                    at: path,
+                    draft4LowerExclusive
+                        ? "must be greater than \(format(lower))"
+                        : "must be at least \(format(lower))")
+            }
+        } else if draft4LowerExclusive {
+            assessment.containsUnknown = true
+        }
+
+        if case .number(let lower) = exclusiveMinimum, number <= lower {
+            assessment.reject(at: path, "must be greater than \(format(lower))")
+        }
+
+        if case .value(let upper) = maximum {
+            let violated = number > upper || (draft4UpperExclusive && number == upper)
+            if violated {
+                assessment.reject(
+                    at: path,
+                    draft4UpperExclusive
+                        ? "must be less than \(format(upper))"
+                        : "must be at most \(format(upper))")
+            }
+        } else if draft4UpperExclusive {
+            assessment.containsUnknown = true
+        }
+
+        if case .number(let upper) = exclusiveMaximum, number >= upper {
+            assessment.reject(at: path, "must be less than \(format(upper))")
+        }
+
+        return assessment.result
+    }
+
+    private enum ExclusiveBound: Equatable {
+        case absent
+        case boolean(Bool)
+        case number(Decimal)
+        case malformed
+    }
+
+    private static func exclusiveBound(_ value: Any?) -> ExclusiveBound {
+        guard let value else { return .absent }
+        if let boolean = strictBoolean(value) { return .boolean(boolean) }
+        guard let number = comparableNumber(value) else { return .malformed }
+        return .number(number)
+    }
+
+    // MARK: - Equality assertions
+
+    private static func checkConst(_ value: JSONValue, _ rawConstant: Any?, at path: String)
+        -> Result
+    {
+        guard let rawConstant else { return .valid }
+        guard let value = comparable(value), let constant = comparable(rawConstant) else {
+            return .unknown
+        }
+        return value == constant
+            ? .valid
+            : .invalid([
+                Violation(path: path, requirement: "must equal the declared constant")
+            ])
+    }
+
+    private static func checkEnum(_ value: JSONValue, _ rawAllowed: Any?, at path: String)
+        -> Result
+    {
+        guard let rawAllowed else { return .valid }
+        guard let allowed = rawAllowed as? [Any], !allowed.isEmpty,
+            let comparableValue = comparable(value)
+        else { return .unknown }
+
+        var comparableAllowed: [ComparableJSON] = []
+        comparableAllowed.reserveCapacity(allowed.count)
+        for candidate in allowed {
+            guard let comparableCandidate = comparable(candidate) else { return .unknown }
+            // Duplicate enum members make the schema malformed.
+            guard !comparableAllowed.contains(comparableCandidate) else { return .unknown }
+            comparableAllowed.append(comparableCandidate)
+        }
+        if comparableAllowed.contains(comparableValue) { return .valid }
+        return .invalid([
+            Violation(path: path, requirement: "must be one of the allowed values")
+        ])
+    }
+
+    private indirect enum ComparableJSON: Hashable {
+        case null
+        case bool(Bool)
+        case number(Decimal)
+        case string(String)
+        case array([ComparableJSON])
+        case object([String: ComparableJSON])
+    }
+
+    private static func comparable(_ value: JSONValue) -> ComparableJSON? {
+        switch value {
+        case .null: .null
+        case .bool(let value): .bool(value)
+        case .int, .double:
+            comparableNumber(value).map(ComparableJSON.number)
+        case .string(let value): .string(value)
+        case .array(let values):
+            sequence(values.map(comparable)).map(ComparableJSON.array)
+        case .object(let values):
+            sequence(values.mapValues(comparable)).map(ComparableJSON.object)
+        }
+    }
+
+    private static func comparable(_ value: Any) -> ComparableJSON? {
+        if value is NSNull { return .null }
+        if let value = strictBoolean(value) { return .bool(value) }
+        if let value = value as? String { return .string(value) }
+        if let values = value as? [Any] {
+            return sequence(values.map(comparable)).map(ComparableJSON.array)
+        }
+        if let values = value as? [String: Any] {
+            return sequence(values.mapValues(comparable)).map(ComparableJSON.object)
+        }
+        return comparableNumber(value).map(ComparableJSON.number)
+    }
+
+    private static func sequence<T>(_ values: [T?]) -> [T]? {
+        var result: [T] = []
+        result.reserveCapacity(values.count)
+        for value in values {
+            guard let value else { return nil }
+            result.append(value)
+        }
+        return result
+    }
+
+    private static func sequence<T>(_ values: [String: T?]) -> [String: T]? {
+        var result: [String: T] = [:]
+        result.reserveCapacity(values.count)
+        for (key, value) in values {
+            guard let value else { return nil }
+            result[key] = value
+        }
+        return result
+    }
+
+    // MARK: - Combinators
+
+    private static func checkCombinators(
+        _ value: JSONValue,
+        _ schema: [String: any Sendable],
+        at path: String,
+        depth: Int
+    ) -> Result {
+        var assessment = Assessment()
+
+        switch schemaArray(schema["allOf"]) {
+        case .absent:
+            break
+        case .malformed:
+            assessment.containsUnknown = true
+        case .value(let schemas):
+            for subschema in schemas {
+                assessment.merge(
+                    check(value, against: subschema, at: path, depth: depth + 1))
+            }
+        }
+
+        switch schemaArray(schema["anyOf"]) {
+        case .absent:
+            break
+        case .malformed:
+            assessment.containsUnknown = true
+        case .value(let schemas):
+            let results = schemas.map {
+                check(value, against: $0, at: path, depth: depth + 1)
+            }
+            if results.contains(.valid) {
+                break
+            } else if results.contains(.unknown) {
+                assessment.containsUnknown = true
+            } else {
+                assessment.reject(at: path, "must satisfy at least one of the allowed schemas")
+            }
+        }
+
+        switch schemaArray(schema["oneOf"]) {
+        case .absent:
+            break
+        case .malformed:
+            assessment.containsUnknown = true
+        case .value(let schemas):
+            let results = schemas.map {
+                check(value, against: $0, at: path, depth: depth + 1)
+            }
+            let validCount = results.count { $0 == .valid }
+            let containsUnknown = results.contains(.unknown)
+
+            if validCount > 1 || (validCount == 0 && !containsUnknown) {
+                assessment.reject(at: path, "must satisfy exactly one of the allowed schemas")
+            } else if containsUnknown {
+                assessment.containsUnknown = true
+            }
+        }
+
+        return assessment.result
+    }
+
+    // MARK: - Schema extraction
+
+    private static let supportedTypes: Set<String> = [
+        "null", "boolean", "string", "object", "array", "number", "integer",
+    ]
+
+    private static let supportedKeywords: Set<String> = [
+        "type", "properties", "required", "additionalProperties", "items",
+        "minItems", "maxItems", "uniqueItems", "minLength", "maxLength",
+        "minimum", "maximum", "exclusiveMinimum", "exclusiveMaximum", "enum",
+        "const", "anyOf", "oneOf", "allOf",
+    ]
+
+    /// Keywords that carry annotations or reusable schema definitions but do
+    /// not assert anything about the current instance by themselves.
+    private static let annotationKeywords: Set<String> = [
+        "$schema", "$id", "$anchor", "$dynamicAnchor", "$comment", "$defs",
+        "definitions", "title", "description", "default", "examples", "deprecated",
+        "readOnly", "writeOnly", "contentEncoding", "contentMediaType", "contentSchema",
+    ]
+
+    private static func isUnsupportedAssertion(_ key: String) -> Bool {
+        !supportedKeywords.contains(key)
+            && !annotationKeywords.contains(key)
+            && !key.hasPrefix("x-")
+    }
+
+    private static func declaredTypes(_ value: Any?) -> Keyword<[String]> {
+        guard let value else { return .absent }
+        let types: [String]
+        if let single = value as? String {
+            types = [single]
+        } else if let list = value as? [Any], !list.isEmpty,
+            list.allSatisfy({ $0 is String })
+        {
+            types = list.map { $0 as! String }
+        } else {
+            return .malformed
+        }
+        guard types.allSatisfy(supportedTypes.contains), Set(types).count == types.count else {
+            return .malformed
+        }
+        return .value(types)
+    }
+
+    private static func stringArray(_ value: Any?) -> Keyword<[String]> {
+        guard let value else { return .absent }
+        guard let list = value as? [Any], list.allSatisfy({ $0 is String }) else {
+            return .malformed
+        }
+        let strings = list.map { $0 as! String }
+        guard Set(strings).count == strings.count else { return .malformed }
+        return .value(strings)
+    }
+
+    private static func schemaArray(_ value: Any?) -> Keyword<[Any]> {
+        guard let value else { return .absent }
+        guard let schemas = value as? [Any], !schemas.isEmpty else { return .malformed }
+        return .value(schemas)
+    }
+
+    private static func booleanKeyword(_ value: Any?) -> Keyword<Bool> {
+        guard let value else { return .absent }
+        return strictBoolean(value).map(Keyword.value) ?? .malformed
+    }
+
+    private static func isSchema(_ value: Any) -> Bool {
+        strictBoolean(value) != nil || value is [String: any Sendable]
+    }
+
+    private static func numericKeyword(_ value: Any?) -> Keyword<Decimal> {
+        guard let value else { return .absent }
+        return comparableNumber(value).map(Keyword.value) ?? .malformed
+    }
+
+    private static func nonNegativeInteger(_ value: Any?) -> Keyword<Int> {
+        guard let value else { return .absent }
+        guard strictBoolean(value) == nil else { return .malformed }
+        if let value = value as? Int {
+            return value >= 0 ? .value(value) : .malformed
+        }
+        guard let boxed = value as? NSNumber else { return .malformed }
+        if let value = boxed as? Int {
+            return value >= 0 ? .value(value) : .malformed
+        }
+        let doubleValue = boxed.doubleValue
+        guard doubleValue.isFinite, doubleValue >= 0,
+            doubleValue.rounded() == doubleValue,
+            doubleValue < Double(Int.max)
+        else { return .malformed }
+        return .value(Int(doubleValue))
+    }
+
+    /// A Boolean only when the value really is a Boolean. A boxed `0` or `1`
+    /// from `JSONSerialization` must not pass as one.
+    private static func strictBoolean(_ value: Any) -> Bool? {
+        if let boxed = value as? NSNumber {
+            return CFGetTypeID(boxed) == CFBooleanGetTypeID() ? boxed.boolValue : nil
+        }
+        return value as? Bool
+    }
+
+    private static func comparableNumber(_ value: JSONValue) -> Decimal? {
+        switch value {
+        case .int(let value):
+            return Decimal(value)
+        case .double(let value):
+            guard value.isFinite else { return nil }
+            var decimal = Decimal(value)
+            return NSDecimalIsNotANumber(&decimal) ? nil : decimal
+        default:
+            return nil
+        }
+    }
+
+    private static func comparableNumber(_ value: Any) -> Decimal? {
+        guard strictBoolean(value) == nil else { return nil }
+        if let value = value as? Decimal { return value }
+        guard let boxed = value as? NSNumber else { return nil }
+        var decimal = boxed.decimalValue
+        return NSDecimalIsNotANumber(&decimal) ? nil : decimal
+    }
+
+    // MARK: - Messages and paths
+
+    private static func matchesType(_ value: JSONValue, _ type: String) -> Bool {
+        switch (value, type) {
+        case (.null, "null"), (.bool, "boolean"), (.string, "string"),
+            (.object, "object"), (.array, "array"),
+            (.int, "number"), (.double, "number"), (.int, "integer"):
+            true
+        case (.double(let value), "integer"):
+            value.isFinite && value.rounded() == value
+        default:
+            false
+        }
+    }
+
+    private static func typeRequirement(_ types: [String]) -> String {
+        guard types.count > 1 else {
+            let type = types[0]
+            if type == "null" { return "must be null" }
+            let vowels: Set<Character> = ["a", "e", "i", "o", "u"]
+            let article = type.first.map(vowels.contains) == true ? "an" : "a"
+            return "must be \(article) \(type)"
+        }
+        return "must be one of these types: \(types.joined(separator: ", "))"
+    }
+
+    private static func countRequirement(_ unit: String, _ limit: Int, _ bound: String)
+        -> String
+    {
+        "must have at \(bound) \(limit) \(limit == 1 ? String(unit.dropLast()) : unit)"
+    }
+
+    private static func format(_ number: Decimal) -> String {
+        NSDecimalNumber(decimal: number).stringValue
+    }
+
+    private static func childPath(_ path: String, _ key: String) -> String {
+        let identifierStart = CharacterSet.letters.union(CharacterSet(charactersIn: "_"))
+        let identifierBody = CharacterSet.alphanumerics.union(CharacterSet(charactersIn: "_"))
+        guard let first = key.unicodeScalars.first, identifierStart.contains(first),
+            key.unicodeScalars.dropFirst().allSatisfy(identifierBody.contains)
+        else {
+            guard let data = try? JSONEncoder().encode(key),
+                let quoted = String(data: data, encoding: .utf8)
+            else { return "\(path)[<unrepresentable key>]" }
+            return "\(path)[\(quoted)]"
+        }
+        return "\(path).\(key)"
+    }
+}
diff --git a/Tests/MLXLMTests/ChatSessionTests.swift b/Tests/MLXLMTests/ChatSessionTests.swift
index 22cf91d..6022eac 100644
--- a/Tests/MLXLMTests/ChatSessionTests.swift
+++ b/Tests/MLXLMTests/ChatSessionTests.swift
@@ -961,6 +961,26 @@ public class ChatSessionTests: XCTestCase {
         XCTAssertTrue(chunks.isEmpty)
     }
 
+    func testStreamDetailsReportsRecoveredToolCallCount() async throws {
+        let tools: [ToolSpec] = [
+            ["function": ["name": "weather"] as [String: any Sendable]]
+        ]
+        let session = rejectionSession(
+            output: "<function=weather><parameter=city>Paris</parameter></function>",
+            tools: tools)
+        var call: ToolCall?
+        var info: GenerateCompletionInfo?
+
+        for try await event in session.streamDetails(to: "trigger") {
+            if let value = event.toolCall { call = value }
+            if let value = event.info { info = value }
+        }
+
+        XCTAssertEqual(call?.function.name, "weather")
+        XCTAssertEqual(info?.recoveredToolCallCount, 1)
+        XCTAssertEqual(info?.rejectedToolCallCount, 0)
+    }
+
     func testTextStreamThrowsRejectedToolCallError() async throws {
         let session = rejectionSession(output: #"<tool_call>{"#)
 
@@ -1022,6 +1042,24 @@ public class ChatSessionTests: XCTestCase {
         XCTAssertEqual(dispatchCount.value, 0)
     }
 
+    func testToolDispatchWithoutSchemasFailsClosed() async throws {
+        let dispatchCount = CallCounter()
+        let session = rejectionSession(
+            output: #"<tool_call>{"name":"undeclared","arguments":{}}</tool_call>"#,
+            toolDispatch: { _ in
+                dispatchCount.increment()
+                return "should not execute"
+            })
+
+        do {
+            for try await _ in session.streamDetails(to: "trigger") {}
+            XCTFail("Expected RejectedToolCallError")
+        } catch let error as RejectedToolCallError {
+            XCTAssertEqual(error.rejection.reason, .undeclaredTool)
+        }
+        XCTAssertEqual(dispatchCount.value, 0)
+    }
+
     /// Thread-safe counter for asserting how many times a `@Sendable` factory runs.
     private final class CallCounter: @unchecked Sendable {
         private let lock = NSLock()
diff --git a/Tests/MLXLMTests/ChatSessionToolRoundTripTests.swift b/Tests/MLXLMTests/ChatSessionToolRoundTripTests.swift
index 89887c8..6fb7614 100644
--- a/Tests/MLXLMTests/ChatSessionToolRoundTripTests.swift
+++ b/Tests/MLXLMTests/ChatSessionToolRoundTripTests.swift
@@ -217,6 +217,48 @@ public class ChatSessionToolRoundTripTests: XCTestCase {
         XCTAssertEqual(function["name"] as? String, "get_weather")
     }
 
+    func testGenerationPolicyControlsValidationBeforeAutomaticDispatch() async throws {
+        let restrictedTool: ToolSpec = [
+            "type": "function",
+            "function": [
+                "name": "get_weather",
+                "parameters": [
+                    "type": "object",
+                    "properties": [
+                        "city": ["type": "string", "enum": ["Rome"]] as [String: any Sendable]
+                    ],
+                    "required": ["city"],
+                ] as [String: any Sendable],
+            ] as [String: any Sendable],
+        ]
+        for validation in ToolCallValidationPolicy.allCases {
+            let dispatched = DispatchLog()
+            let context = Self.makeContext(
+                tokenizer: ScriptedToolCallTokenizer(),
+                messageGenerator: DefaultMessageGenerator())
+            var policy = ToolCallPolicy(recovery: .disabled)
+            if validation == .strict { policy.validation = .strict }
+            let session = ChatSession(
+                context,
+                generateParameters: .init(maxTokens: 24, toolCallPolicy: policy),
+                tools: [restrictedTool],
+                toolDispatch: { call in
+                    dispatched.record(call)
+                    return "sunny"
+                })
+            do {
+                _ = try await session.respond(to: "Weather in Paris?")
+                XCTAssertEqual(validation, .permissive)
+                XCTAssertEqual(dispatched.all.count, 1)
+                XCTAssertEqual(dispatched.all.first?.function.arguments["city"], .string("Paris"))
+            } catch let error as RejectedToolCallError {
+                XCTAssertEqual(validation, .strict)
+                XCTAssertEqual(error.rejection.reason, .invalidArguments)
+                XCTAssertTrue(dispatched.all.isEmpty)
+            }
+        }
+    }
+
     func testRawCacheToolRestartPreservesLegacyFragmentShape() async throws {
         let log = MessageLog()
         let tokenizer = ScriptedToolCallTokenizer(
diff --git a/Tests/MLXLMTests/HarmonyOutputRouterTests.swift b/Tests/MLXLMTests/HarmonyOutputRouterTests.swift
index 325b164..4816202 100644
--- a/Tests/MLXLMTests/HarmonyOutputRouterTests.swift
+++ b/Tests/MLXLMTests/HarmonyOutputRouterTests.swift
@@ -177,6 +177,87 @@ struct HarmonyOutputRouterTests {
         #expect(events.compactMap(\.response).joined() == "plan stepsdone")
     }
 
+    @Test("arguments that violate the declared schema are rejected")
+    func schemaViolationRejected() throws {
+        let tools: [[String: any Sendable]] = [
+            [
+                "function": [
+                    "name": "get_weather",
+                    "parameters": [
+                        "type": "object",
+                        "properties": ["city": ["type": "string"]],
+                        "required": ["city"],
+                    ] as [String: any Sendable],
+                ] as [String: any Sendable]
+            ]
+        ]
+        let events = try route(
+            [
+                "<|channel|>", "commentary to=functions.get_weather",
+                "<|message|>", #"{"city":3}"#, "<|call|>",
+            ],
+            tools: tools, toolCallPolicy: .init(validation: .strict))
+
+        #expect(events.compactMap(\.toolCall).isEmpty)
+        let rejection = try #require(events.compactMap(\.rejectedToolCall).first)
+        #expect(rejection.reason == .invalidArguments)
+        #expect(rejection.toolName == "get_weather")
+        #expect(rejection.detail == "arguments.city must be a string")
+    }
+
+    @Test("Harmony normalizes arguments before independently applying validation")
+    func normalizationAndValidationPolicy() throws {
+        let parameters: [String: any Sendable] = [
+            "type": "object", "properties": ["count": ["type": "integer"]],
+        ]
+        let tools: [[String: any Sendable]] = [
+            ["function": ["name": "search", "parameters": parameters] as [String: any Sendable]]
+        ]
+        for policy in ToolCallValidationPolicy.allCases {
+            for (text, expected): (String, JSONValue?) in [
+                ("6", .int(6)), ("six", policy == .strict ? nil : .string("six")),
+            ] {
+                let events = try route(
+                    [
+                        "<|channel|>", "commentary to=functions.search", "<|message|>",
+                        "{\"count\":\"\(text)\"}", "<|call|>",
+                    ],
+                    tools: tools,
+                    toolCallPolicy: policy == .strict ? .init(validation: .strict) : .init())
+                #expect(
+                    events.compactMap(\.toolCall).first?.function.arguments["count"] == expected)
+                #expect(events.compactMap(\.rejectedToolCall).count == (expected == nil ? 1 : 0))
+            }
+        }
+    }
+
+    @Test("unsupported schema assertions cannot reject a Harmony call")
+    func unsupportedSchemaAssertionFailsOpen() throws {
+        let tools: [[String: any Sendable]] = [
+            [
+                "function": [
+                    "name": "submit",
+                    "parameters": [
+                        "type": "object",
+                        "properties": [
+                            "code": ["type": "string", "pattern": "^[0-9]+$"]
+                                as [String: any Sendable]
+                        ],
+                    ] as [String: any Sendable],
+                ] as [String: any Sendable]
+            ]
+        ]
+        let events = try route(
+            [
+                "<|channel|>", "commentary to=functions.submit",
+                "<|message|>", #"{"code":"not-digits"}"#, "<|call|>",
+            ],
+            tools: tools, toolCallPolicy: .init(validation: .strict))
+
+        #expect(events.compactMap(\.toolCall).map(\.function.name) == ["submit"])
+        #expect(events.compactMap(\.rejectedToolCall).isEmpty)
+    }
+
     @Test("stream adapter surfaces and counts Harmony rejections")
     func adapterSurfacesAndCountsRejections() throws {
         let pieces = [
@@ -238,9 +319,23 @@ extension HarmonyOutputRouter.Event {
 }
 
 private func route(_ pieces: [String], allowed: Set<String>) throws -> [HarmonyOutputRouter.Event] {
+    try route(
+        pieces,
+        tools: allowed.map { name in
+            ["function": ["name": name] as [String: any Sendable]]
+        })
+}
+
+private func route(
+    _ pieces: [String], tools: [[String: any Sendable]],
+    toolCallPolicy: ToolCallPolicy = .init()
+) throws
+    -> [HarmonyOutputRouter.Event]
+{
     let tokenizer = RouterDeterministicTokenizer(tokens: pieces + routerControlTokens)
     var parser = try #require(HarmonyFrameParser(tokenizer: tokenizer))
-    var router = HarmonyOutputRouter(tokenizer: tokenizer, allowedToolNames: allowed)
+    var router = HarmonyOutputRouter(
+        tokenizer: tokenizer, tools: tools, toolCallPolicy: toolCallPolicy)
     var events: [HarmonyOutputRouter.Event] = []
     for piece in pieces {
         let id = try #require(tokenizer.convertTokenToId(piece))
diff --git a/Tests/MLXLMTests/MuseGlimmerTests.swift b/Tests/MLXLMTests/MuseGlimmerTests.swift
index 0733060..013ae60 100644
--- a/Tests/MLXLMTests/MuseGlimmerTests.swift
+++ b/Tests/MLXLMTests/MuseGlimmerTests.swift
@@ -1217,6 +1217,69 @@ struct MuseGlimmerAgenticProtocolTests {
         #expect(answer == [.response("sunny")])
     }
 
+    @Test(
+        "Onyx applies the selected validation policy and counts rejections",
+        arguments: ToolCallValidationPolicy.allCases)
+    func onyxSchemaViolationIsCounted(policy: ToolCallValidationPolicy) throws {
+        let tokenizer = OnyxTestTokenizer()
+        let boundedTools: [[String: any Sendable]] = [
+            [
+                "function": [
+                    "name": "weather.get",
+                    "parameters": [
+                        "type": "object",
+                        "properties": [
+                            "days": ["type": "integer", "maximum": 5]
+                                as [String: any Sendable]
+                        ],
+                        "required": ["days"],
+                    ] as [String: any Sendable],
+                ] as [String: any Sendable]
+            ]
+        ]
+        var decoder = try #require(
+            ToolCallFormat.atem.makeProtocolTokenStreamDecoder(
+                tokenizer: tokenizer, tools: boundedTools, stopStrings: [],
+                toolCallPolicy: policy == .strict ? .init(validation: .strict) : .init()
+            ))
+        let payload =
+            "<atem:function_calls><atem:invoke name=\"weather.get\">"
+            + "<atem:parameter name=\"days\">6.0</atem:parameter>"
+            + "</atem:invoke></atem:function_calls>"
+        let tokens = [
+            tokenizer.id(" to=weather.get"), tokenizer.message,
+            tokenizer.id(payload), tokenizer.eot,
+        ]
+        var events: [TokenStreamEvent] = []
+        for token in tokens {
+            _ = decoder.push(token) {
+                events.append($0)
+                return true
+            }
+        }
+
+        if policy == .permissive {
+            let calls = events.compactMap { event -> ToolCall? in
+                if case .toolCall(let call) = event { return call }
+                return nil
+            }
+            #expect(calls.count == 1)
+            #expect(calls.first?.function.arguments["days"] == .int(6))
+            #expect(decoder.rejectedToolCallCount == 0)
+            return
+        }
+        #expect(!events.contains { if case .toolCall = $0 { true } else { false } })
+        let rejection = try #require(
+            events.compactMap { event -> RejectedToolCall? in
+                if case .rejectedToolCall(let rejection) = event { return rejection }
+                return nil
+            }.first)
+        #expect(rejection.reason == .invalidArguments)
+        #expect(rejection.toolName == "weather.get")
+        #expect(rejection.detail == "arguments.days must be at most 5")
+        #expect(decoder.rejectedToolCallCount == 1)
+    }
+
     @Test("Onyx decoder emits distinct IDs for consecutive tool frames")
     func consecutiveToolFrames() throws {
         let tokenizer = OnyxTestTokenizer()
diff --git a/Tests/MLXLMTests/ParameterCoercionTests.swift b/Tests/MLXLMTests/ParameterCoercionTests.swift
new file mode 100644
index 0000000..d86723c
--- /dev/null
+++ b/Tests/MLXLMTests/ParameterCoercionTests.swift
@@ -0,0 +1,145 @@
+// Copyright © 2026 Apple Inc.
+
+import Foundation
+import Testing
+
+@testable import MLXLMCommon
+
+/// Schema-driven conversion of textual XML parameter values must agree with
+/// what `ToolSchemaValidator` later judges. A value that the declared schema
+/// can only accept as a non-string type has to be converted before
+/// validation, or a healable call is wrongly rejected.
+@Suite("XML parameter value coercion")
+struct ParameterCoercionTests {
+    private static func envelopeTools(
+        parameterSchema: [String: any Sendable]
+    ) -> [[String: any Sendable]] {
+        [
+            [
+                "function": [
+                    "name": "weather",
+                    "parameters": [
+                        "type": "object",
+                        "properties": ["hour": parameterSchema],
+                        "required": ["hour"],
+                    ] as [String: any Sendable],
+                ] as [String: any Sendable]
+            ]
+        ]
+    }
+
+    private static func flatTools(
+        parameterSchema: [String: any Sendable]
+    ) -> [[String: any Sendable]] {
+        [
+            [
+                "name": "weather",
+                "parameters": [
+                    "type": "object",
+                    "properties": ["hour": parameterSchema],
+                    "required": ["hour"],
+                ] as [String: any Sendable],
+            ]
+        ]
+    }
+
+    @Test("Union types without string coerce the textual wire value")
+    func unionTypeCoercion() {
+        let tools = Self.envelopeTools(parameterSchema: ["type": ["integer", "null"]])
+
+        let converted = convertParameterValue(
+            "5", paramName: "hour", funcName: "weather", tools: tools)
+        #expect(converted as? Int == 5)
+
+        let null = convertParameterValue(
+            "null", paramName: "hour", funcName: "weather", tools: tools)
+        #expect(null is NSNull)
+
+        // Unconvertible values stay textual so validation reports the model's
+        // actual violation instead of a fabricated value.
+        let unconvertible = convertParameterValue(
+            "Paris", paramName: "hour", funcName: "weather", tools: tools)
+        #expect(unconvertible as? String == "Paris")
+    }
+
+    @Test("Unions that admit a string preserve the wire value")
+    func unionWithStringStaysString() {
+        let tools = Self.envelopeTools(parameterSchema: ["type": ["string", "integer"]])
+
+        let converted = convertParameterValue(
+            "5", paramName: "hour", funcName: "weather", tools: tools)
+        #expect(converted as? String == "5")
+    }
+
+    @Test("anyOf branch types drive conversion")
+    func anyOfCoercion() {
+        let tools = Self.envelopeTools(
+            parameterSchema: [
+                "anyOf": [["type": "integer"], ["type": "null"]] as [[String: any Sendable]]
+            ])
+
+        let converted = convertParameterValue(
+            "7", paramName: "hour", funcName: "weather", tools: tools)
+        #expect(converted as? Int == 7)
+    }
+
+    @Test("Flat tool declarations coerce like the OpenAI envelope")
+    func flatShapeCoercion() {
+        let tools = Self.flatTools(parameterSchema: ["type": "integer"])
+
+        let converted = convertParameterValue(
+            "5", paramName: "hour", funcName: "weather", tools: tools)
+        #expect(converted as? Int == 5)
+    }
+
+    @Test("Schemas without recognizable type information stay textual")
+    func schemalessValueIsUnchanged() {
+        let tools = Self.envelopeTools(parameterSchema: ["description": "an hour"])
+
+        let converted = convertParameterValue(
+            "5", paramName: "hour", funcName: "weather", tools: tools)
+        #expect(converted as? String == "5")
+    }
+
+    @Test("Recovered XML calls with union-typed parameters become executable")
+    func recoveredUnionTypedCallIsExecutable() throws {
+        let tools = Self.envelopeTools(parameterSchema: ["type": ["integer", "null"]])
+        let processor = ToolCallProcessor(format: .json, tools: tools)
+
+        _ = processor.processChunk("<function=weather><parameter=hour>5</parameter></function>")
+
+        let call = try #require(processor.toolCalls.first)
+        #expect(processor.rejectedToolCalls.isEmpty)
+        #expect(call.function.name == "weather")
+        #expect(call.function.arguments["hour"] == .int(5))
+    }
+
+    @Test("Native Qwen XML calls with union-typed parameters become executable")
+    func nativeUnionTypedCallIsExecutable() throws {
+        let tools = Self.envelopeTools(parameterSchema: ["type": ["integer", "null"]])
+        let processor = ToolCallProcessor(format: .qwen35, tools: tools)
+
+        let text =
+            "<tool_call><function=weather><parameter=hour>7</parameter></function></tool_call>"
+        for character in text {
+            _ = processor.processChunk(String(character))
+        }
+
+        let call = try #require(processor.toolCalls.first)
+        #expect(processor.rejectedToolCalls.isEmpty)
+        #expect(call.function.arguments["hour"] == .int(7))
+    }
+
+    @Test("Definite violations still reject after coercion")
+    func definiteViolationsStillReject() {
+        let tools = Self.envelopeTools(parameterSchema: ["type": ["integer", "null"]])
+        let processor = ToolCallProcessor(
+            format: .json, tools: tools, toolCallPolicy: .init(validation: .strict))
+
+        _ = processor.processChunk(
+            "<function=weather><parameter=hour>Paris</parameter></function>")
+
+        #expect(processor.toolCalls.isEmpty)
+        #expect(processor.rejectedToolCalls.first?.reason == .invalidArguments)
+    }
+}
diff --git a/Tests/MLXLMTests/TextToolCallRecoveryBenchmark.swift b/Tests/MLXLMTests/TextToolCallRecoveryBenchmark.swift
new file mode 100644
index 0000000..6570efc
--- /dev/null
+++ b/Tests/MLXLMTests/TextToolCallRecoveryBenchmark.swift
@@ -0,0 +1,131 @@
+// Copyright © 2026 Apple Inc.
+
+import Foundation
+import Testing
+
+@testable import MLXLMCommon
+
+@Suite(.serialized)
+struct TextToolCallRecoveryBenchmark {
+    private func nanoseconds(_ elapsed: Duration) -> Double {
+        let components = elapsed.components
+        return Double(components.seconds) * 1_000_000_000
+            + Double(components.attoseconds) / 1_000_000_000
+    }
+
+    private func nanosecondsPerChunk(_ elapsed: Duration, iterations: Int) -> Double {
+        nanoseconds(elapsed) / Double(iterations)
+    }
+
+    @Test("Ordinary text recovery overhead")
+    func ordinaryTextOverhead() {
+        let schemas: [[String: any Sendable]] = (0 ..< 16).map { index in
+            ["function": ["name": "tool_\(index)"] as [String: any Sendable]]
+        }
+        let disabled = ToolCallProcessor(format: .lfm2)
+        let enabled = ToolCallProcessor(format: .lfm2, tools: schemas)
+        let chunk = "An ordinary response fragment with no protocol markers. "
+        let iterations = 50_000
+        let clock = ContinuousClock()
+        var consumed = 0
+
+        for _ in 0 ..< 1_000 {
+            consumed += disabled.processChunk(chunk)?.utf8.count ?? 0
+            consumed += enabled.processChunk(chunk)?.utf8.count ?? 0
+        }
+
+        var start = clock.now
+        for _ in 0 ..< iterations {
+            consumed += disabled.processChunk(chunk)?.utf8.count ?? 0
+        }
+        let native = nanosecondsPerChunk(clock.now - start, iterations: iterations)
+
+        start = clock.now
+        for _ in 0 ..< iterations {
+            consumed += enabled.processChunk(chunk)?.utf8.count ?? 0
+        }
+        let recovery = nanosecondsPerChunk(clock.now - start, iterations: iterations)
+
+        #expect(consumed > 0)
+        print(
+            String(
+                format:
+                    "[TOOLHEALBENCH] native %.1f ns/chunk | recovery %.1f ns/chunk | %.2fx",
+                native, recovery, recovery / native))
+    }
+
+    @Test("Incomplete candidate processing scales near-linearly")
+    func incompleteCandidateScaling() {
+        let tools: [[String: any Sendable]] = [
+            ["function": ["name": "weather"] as [String: any Sendable]]
+        ]
+        let clock = ContinuousClock()
+
+        func elapsed(for scalarCount: Int) -> Double {
+            let payload =
+                "<function=weather><parameter=city>"
+                + String(repeating: "x", count: scalarCount)
+            let characters = Array(payload)
+            let chunks = stride(from: 0, to: characters.count, by: 16).map { start in
+                String(characters[start ..< min(start + 16, characters.count)])
+            }
+            let processor = ToolCallProcessor(format: .json, tools: tools)
+            let start = clock.now
+            for chunk in chunks {
+                _ = processor.processChunk(chunk)
+            }
+            return nanoseconds(clock.now - start)
+        }
+
+        // Warm the scanner and allocator before measuring the scaling ratio.
+        _ = elapsed(for: 2_000)
+        // Interleave samples so scheduling noise cannot dominate one measurement.
+        var smallSamples: [Double] = []
+        var largeSamples: [Double] = []
+        for _ in 0 ..< 7 {
+            smallSamples.append(elapsed(for: 16_000))
+            largeSamples.append(elapsed(for: 32_000))
+        }
+        let small = smallSamples.sorted()[3]
+        let large = largeSamples.sorted()[3]
+
+        #expect(large < small * 3.5)
+        print(
+            String(
+                format: "[TOOLHEALBENCH] incomplete 16K %.2f ms | 32K %.2f ms | %.2fx",
+                small / 1_000_000, large / 1_000_000, large / small))
+    }
+
+    @Test("JSON context scanning does not rescan earlier objects on each chunk")
+    func structuredJSONScaling() {
+        let tools: [[String: any Sendable]] = [
+            ["function": ["name": "weather"] as [String: any Sendable]]
+        ]
+        let clock = ContinuousClock()
+        func elapsed(objectCount: Int) -> Double {
+            let text =
+                "[" + Array(repeating: #"{"n":0}"#, count: objectCount).joined(separator: ",") + "]"
+            let characters = Array(text)
+            let chunks = stride(from: 0, to: characters.count, by: 16).map {
+                String(characters[$0 ..< min($0 + 16, characters.count)])
+            }
+            let processor = ToolCallProcessor(format: .lfm2, tools: tools)
+            var visibleBytes = 0
+            let start = clock.now
+            for chunk in chunks {
+                visibleBytes += processor.processChunk(chunk)?.utf8.count ?? 0
+            }
+            let elapsed = nanoseconds(clock.now - start)
+            #expect(visibleBytes == text.utf8.count)
+            #expect(processor.toolCalls.isEmpty)
+            return elapsed
+        }
+        _ = elapsed(objectCount: 100)
+        let small = elapsed(objectCount: 1_000)
+        let large = elapsed(objectCount: 2_000)
+        print(
+            String(
+                format: "[TOOLHEALBENCH] JSON 8K %.2f ms | 16K %.2f ms | %.2fx",
+                small / 1_000_000, large / 1_000_000, large / small))
+    }
+}
diff --git a/Tests/MLXLMTests/TextToolCallRecoveryTests.swift b/Tests/MLXLMTests/TextToolCallRecoveryTests.swift
new file mode 100644
index 0000000..e591f3f
--- /dev/null
+++ b/Tests/MLXLMTests/TextToolCallRecoveryTests.swift
@@ -0,0 +1,422 @@
+// Copyright © 2026 Apple Inc.
+
+import Foundation
+import Testing
+
+@testable import MLXLMCommon
+
+@Suite("Text tool-call recovery")
+struct TextToolCallRecoveryTests {
+    private static let tools: [[String: any Sendable]] = [
+        [
+            "function": [
+                "name": "weather"
+            ] as [String: any Sendable]
+        ]
+    ]
+
+    private struct Dialect {
+        let format: ToolCallFormat
+        let text: String
+    }
+
+    /// Explicitly marked dialects that the conservative default may promote.
+    /// The markerless `name[ARGS]{...}` rehearsal syntax is deliberately not
+    /// in this list: it carries no protocol marker and is promoted only under
+    /// the permissive policy.
+    private static let alternateDialects = [
+        Dialect(
+            format: .lfm2,
+            text: #"<tool_call>{"name":"weather","arguments":{"city":"Paris"}}</tool_call>"#),
+        Dialect(
+            format: .json,
+            text: #"[TOOL_CALLS]weather{"city":"Paris"}"#),
+        Dialect(
+            format: .json,
+            text: "<function=weather><parameter=city>Paris</parameter></function>"),
+        Dialect(
+            format: .json,
+            text: #"<|tool_call>call:weather{city:<|"|>Paris<|"|>}<tool_call|>"#),
+    ]
+
+    private static let markerlessText = #"weather[ARGS]{"city":"Paris"}"#
+
+    private func responseText(_ outputs: [ToolCallProcessor.Output]) -> String {
+        outputs.compactMap { output in
+            if case .response(let text) = output { return text }
+            return nil
+        }.joined()
+    }
+
+    @Test("Every supported alternate dialect promotes a declared call")
+    func promotesAlternateDialects() throws {
+        for dialect in Self.alternateDialects {
+            let processor = ToolCallProcessor(format: dialect.format, tools: Self.tools)
+            _ = processor.processChunk(dialect.text)
+
+            let call = try #require(processor.toolCalls.first, "dialect: \(dialect.text)")
+            #expect(processor.toolCalls.count == 1, "dialect: \(dialect.text)")
+            #expect(call.function.name == "weather")
+            #expect(call.function.arguments["city"] == .string("Paris"))
+            #expect(processor.recoveredToolCallCount == 1)
+            #expect(processor.recoveryEvents.count == 1)
+        }
+    }
+
+    @Test("Recovery is invariant at every streaming boundary")
+    func everyStreamingBoundary() {
+        for dialect in Self.alternateDialects {
+            let characters = Array(dialect.text)
+            for split in 1 ..< characters.count {
+                let processor = ToolCallProcessor(format: dialect.format, tools: Self.tools)
+                _ = processor.processChunk(String(characters[..<split]))
+                _ = processor.processChunk(String(characters[split...]))
+
+                #expect(
+                    processor.toolCalls.count == 1,
+                    "dialect: \(dialect.text), split: \(split)")
+                #expect(processor.toolCalls.first?.function.name == "weather")
+            }
+        }
+    }
+
+    @Test("Markerless rehearsals stay response text under the conservative default")
+    func markerlessStaysTextUnderConservative() {
+        let processor = ToolCallProcessor(format: .json, tools: Self.tools)
+
+        #expect(processor.processChunk(Self.markerlessText) == Self.markerlessText)
+        processor.processEOS()
+
+        #expect(processor.toolCalls.isEmpty)
+        #expect(processor.rejectedToolCalls.isEmpty)
+        #expect(processor.recoveredToolCallCount == 0)
+        #expect(processor.recoveryEvents.isEmpty)
+    }
+
+    @Test("Markerless rehearsals promote only under the permissive policy")
+    func markerlessPromotesUnderPermissive() throws {
+        let processor = ToolCallProcessor(
+            format: .json, tools: Self.tools, toolCallPolicy: .init(recovery: .permissive))
+        _ = processor.processChunk(Self.markerlessText)
+
+        let call = try #require(processor.toolCalls.first)
+        #expect(processor.toolCalls.count == 1)
+        #expect(call.function.name == "weather")
+        #expect(call.function.arguments["city"] == .string("Paris"))
+        #expect(processor.recoveryEvents.first?.dialect == .declaredArgs)
+    }
+
+    @Test("Markerless promotion is invariant at every permissive streaming boundary")
+    func markerlessPermissiveStreamingBoundaries() {
+        let characters = Array(Self.markerlessText)
+        for split in 1 ..< characters.count {
+            let processor = ToolCallProcessor(
+                format: .json, tools: Self.tools, toolCallPolicy: .init(recovery: .permissive))
+            _ = processor.processChunk(String(characters[..<split]))
+            _ = processor.processChunk(String(characters[split...]))
+
+            #expect(processor.toolCalls.count == 1, "split: \(split)")
+            #expect(processor.toolCalls.first?.function.name == "weather")
+        }
+    }
+
+    @Test("EOS recovery never fabricates a Mistral frame around leading prose")
+    func eosRecoveryDoesNotFabricateLeadingFrame() throws {
+        var scanner = try #require(
+            TextToolCallRecoveryScanner(
+                primaryFormat: .mistral,
+                policy: .conservative,
+                tools: Self.tools,
+                allowedToolNames: ["weather"]))
+
+        // Prose before the first marker must never be re-framed as a call,
+        // even when it happens to parse as `name{json}`.
+        let recovered = scanner.recoverEOSPayloads(
+            #"weather{"city":"Paris"}[TOOL_CALLS]weather{"city":"Rome"}"#)
+        #expect(recovered.count == 1)
+        #expect(recovered.first?.function.name == "weather")
+        #expect(recovered.first?.function.arguments["city"] == .string("Rome"))
+
+        // A marker with no payload yields nothing; the prose is not promoted.
+        var trailing = try #require(
+            TextToolCallRecoveryScanner(
+                primaryFormat: .mistral,
+                policy: .conservative,
+                tools: Self.tools,
+                allowedToolNames: ["weather"]))
+        #expect(trailing.recoverEOSPayloads(#"weather{"city":"Paris"}[TOOL_CALLS]"#).isEmpty)
+    }
+
+    @Test("Mistral heals the no-ARGS variant at EOS")
+    func mistralNoArgsAtEOS() throws {
+        let processor = ToolCallProcessor(format: .mistral, tools: Self.tools)
+        #expect(processor.processChunk(#"[TOOL_CALLS]weather{"city":"Paris"}"#) == nil)
+        processor.processEOS()
+
+        let call = try #require(processor.toolCalls.first)
+        #expect(call.function.name == "weather")
+        #expect(call.function.arguments["city"] == .string("Paris"))
+    }
+
+    @Test("Native frames are opaque to alternate markers in argument strings")
+    func nativeFrameIsOpaque() throws {
+        let processor = ToolCallProcessor(format: .qwen35, tools: Self.tools)
+        let text =
+            #"<tool_call>{"name":"weather","arguments":{"city":"literal <function=fake> and weather[ARGS]{}"}}</tool_call>"#
+
+        for character in text {
+            _ = processor.processChunk(String(character))
+        }
+
+        let call = try #require(processor.toolCalls.first)
+        #expect(processor.toolCalls.count == 1)
+        #expect(
+            call.function.arguments["city"]
+                == .string("literal <function=fake> and weather[ARGS]{}"))
+    }
+
+    @Test("Llama's native inline marker remains attached to its JSON payload")
+    func llamaInlineMarkerIsOpaque() {
+        let processor = ToolCallProcessor(format: .llama3, tools: Self.tools)
+        let text =
+            #"<|python_tag|>{"name":"weather","arguments":{"city":"Paris"}}"#
+
+        #expect(processor.processChunk(text) == nil)
+        #expect(processor.toolCalls.count == 1)
+        #expect(processor.toolCalls.first?.function.name == "weather")
+    }
+
+    @Test("Protocol examples inside an ordinary JSON string remain response text")
+    func ordinaryJSONIsOpaque() {
+        let processor = ToolCallProcessor(format: .lfm2, tools: Self.tools)
+        let text =
+            #"{"example":"weather[ARGS]{\"city\":\"Paris\"} and <function=weather><parameter=city>Paris</parameter></function>"}"#
+
+        #expect(processor.processChunk(text) == text)
+        #expect(processor.toolCalls.isEmpty)
+
+        let nativeJSON = ToolCallProcessor(format: .json, tools: Self.tools)
+        let nativeMarkerInData =
+            #"{"example":"<tool_call>{\"name\":\"weather\",\"arguments\":{\"city\":\"Paris\"}}</tool_call>"}"#
+        #expect(nativeJSON.processChunk(nativeMarkerInData) == nativeMarkerInData)
+        #expect(nativeJSON.toolCalls.isEmpty)
+    }
+
+    @Test("Native tool syntax inside reasoning is inert response text")
+    func reasoningCannotDispatchNativeCall() {
+        let processor = ToolCallProcessor(format: .json, tools: Self.tools)
+        let text =
+            #"<think>consider <tool_call>{"name":"weather","arguments":{"city":"Paris"}}</tool_call> carefully</think>"#
+        let outputs = processor.processChunkOutputs(
+            text)
+
+        #expect(responseText(outputs) == text)
+        #expect(processor.toolCalls.isEmpty)
+        #expect(processor.rejectedToolCalls.isEmpty)
+    }
+
+    @Test("Malformed explicit candidates are rejected and never executable")
+    func malformedCandidatesAreRejected() {
+        let processor = ToolCallProcessor(format: .json, tools: Self.tools)
+        let undeclared = #"other[ARGS]{"city":"Paris"}"#
+        let malformed = "<function=weather>not closed"
+
+        #expect(processor.processChunk(undeclared) == undeclared)
+        let visible =
+            (processor.processChunk(malformed) ?? "")
+            + (processor.processEOS(returnBufferedText: true) ?? "")
+        #expect(visible == "not closed")
+        #expect(processor.toolCalls.isEmpty)
+        #expect(processor.rejectedToolCalls.count == 1)
+        #expect(processor.rejectedToolCalls.first?.reason == .malformedSyntax)
+    }
+
+    @Test("Recovery is disabled without a nonempty declared-tool allowlist")
+    func requiresDeclaredTools() {
+        let text = #"weather[ARGS]{"city":"Paris"}"#
+        let unconstrained = ToolCallProcessor(format: .json)
+        let empty = ToolCallProcessor(format: .json, tools: [])
+
+        #expect(unconstrained.processChunk(text) == text)
+        #expect(empty.processChunk(text) == text)
+        #expect(unconstrained.toolCalls.isEmpty)
+        #expect(empty.toolCalls.isEmpty)
+    }
+
+    @Test("Markerless names require an exact lexical boundary across chunks")
+    func markerlessLexicalBoundary() {
+        let processor = ToolCallProcessor(
+            format: .json, tools: Self.tools, toolCallPolicy: .init(recovery: .permissive))
+        let first = processor.processChunk("not")
+        let second = processor.processChunk(#"weather[ARGS]{"city":"Paris"}"#)
+
+        #expect((first ?? "") + (second ?? "") == #"notweather[ARGS]{"city":"Paris"}"#)
+        #expect(processor.toolCalls.isEmpty)
+    }
+
+    @Test("Incomplete recovery buffers are bounded")
+    func boundedBuffer() {
+        // Permissive policy so the post-EOS probe exercises markerless
+        // promotion; the byte limit itself is policy-independent.
+        let processor = ToolCallProcessor(
+            format: .json, tools: Self.tools, toolCallPolicy: .init(recovery: .permissive))
+        // Combining scalars form very few extended grapheme clusters, so this
+        // verifies the limit is a byte limit rather than `String.count`.
+        let text =
+            "<function=weather><parameter=city>"
+            + String(repeating: "\u{0301}", count: 40_000)
+
+        #expect(processor.processChunk(text) == nil)
+        #expect(processor.toolCalls.isEmpty)
+        #expect(processor.rejectedToolCalls.first?.reason == .resourceLimitExceeded)
+
+        // Do not resume execution from the middle of the oversized attempt.
+        _ = processor.processChunk(#"weather[ARGS]{"city":"Paris"}"#)
+        #expect(processor.toolCalls.isEmpty)
+
+        processor.processEOS()
+        _ = processor.processChunk(#"weather[ARGS]{"city":"Paris"}"#)
+        #expect(processor.toolCalls.count == 1)
+    }
+
+    @Test("Complete oversized calls cannot bypass the byte limit")
+    func completeOversizedCallsAreRejected() {
+        let alternate = ToolCallProcessor(format: .json, tools: Self.tools)
+        let hugeValue = String(repeating: "x", count: 66_000)
+        let alternateText =
+            "<function=weather><parameter=city>" + hugeValue
+            + "</parameter></function>"
+
+        _ = alternate.processChunk(alternateText)
+        #expect(alternate.toolCalls.isEmpty)
+        #expect(alternate.rejectedToolCalls.first?.reason == .resourceLimitExceeded)
+
+        let native = ToolCallProcessor(format: .json, tools: Self.tools)
+        let nativeText =
+            #"<tool_call>{"name":"weather","arguments":{"city":""# + hugeValue
+            + #""}}</tool_call>"#
+        _ = native.processChunk(nativeText)
+        #expect(native.toolCalls.isEmpty)
+        #expect(native.rejectedToolCalls.first?.reason == .resourceLimitExceeded)
+    }
+
+    @Test("EOS clears an unfinished native-frame shield before processor reuse")
+    func eosClearsNativeFrameShield() {
+        let processor = ToolCallProcessor(format: .json, tools: Self.tools)
+        #expect(processor.processChunk("<tool_call>") == nil)
+        processor.processEOS()
+
+        _ = processor.processChunk(
+            "<function=weather><parameter=city>Paris</parameter></function>")
+        #expect(processor.toolCalls.count == 1)
+        #expect(processor.toolCalls.first?.function.name == "weather")
+    }
+
+    @Test("Native tool syntax inside Markdown code is inert")
+    func markdownCodeCannotDispatchNativeCall() {
+        let processor = ToolCallProcessor(format: .json, tools: Self.tools)
+        let text =
+            "```json\n"
+            + #"<tool_call>{"name":"weather","arguments":{"city":"Paris"}}</tool_call>"#
+            + "\n```\n"
+
+        let outputs = processor.processChunkOutputs(text)
+        #expect(responseText(outputs) == text)
+        #expect(processor.toolCalls.isEmpty)
+    }
+
+    @Test("Native markers inside JSON arrays and strings are inert")
+    func jsonDataCannotDispatchNativeCall() {
+        let processor = ToolCallProcessor(format: .mistral, tools: Self.tools)
+        let text = #"["[TOOL_CALLS]weather[ARGS]{\"city\":\"Paris\"}"]"#
+
+        #expect(processor.processChunk(text) == text)
+        processor.processEOS()
+        #expect(processor.toolCalls.isEmpty)
+    }
+
+    @Test("Oversized JSON remains fail-closed until EOS")
+    func oversizedJSONCannotReenterExecutableContext() {
+        let processor = ToolCallProcessor(
+            format: .lfm2, tools: Self.tools, toolCallPolicy: .init(recovery: .permissive))
+        let prefix = "[\"" + String(repeating: "a", count: 65_536)
+
+        #expect(processor.processChunk(prefix) == prefix)
+        let candidate = #"weather[ARGS]{"city":"Paris"}"#
+        #expect(processor.processChunk(candidate) == candidate)
+        #expect(processor.toolCalls.isEmpty)
+
+        processor.processEOS()
+        _ = processor.processChunk(candidate)
+        #expect(processor.toolCalls.count == 1)
+    }
+
+    @Test("Qwen JSON preserves literal outer close markers in arguments")
+    func qwenJSONLiteralCloseMarker() throws {
+        let processor = ToolCallProcessor(format: .qwen35, tools: Self.tools)
+        let text =
+            #"<tool_call>{"name":"weather","arguments":{"city":"literal </tool_call> remains data"}}</tool_call>"#
+
+        for character in text {
+            _ = processor.processChunk(String(character))
+        }
+
+        let call = try #require(processor.toolCalls.first)
+        #expect(call.function.arguments["city"] == .string("literal </tool_call> remains data"))
+        #expect(processor.rejectedToolCalls.isEmpty)
+    }
+
+    @Test("Recovery policy is honored by the public processor path")
+    func disabledPolicyDoesNotRecover() {
+        let processor = ToolCallProcessor(
+            format: .json, tools: Self.tools, toolCallPolicy: .init(recovery: .disabled))
+        let text = "<function=weather><parameter=city>Paris</parameter></function>"
+
+        #expect(processor.processChunk(text) == text)
+        #expect(processor.toolCalls.isEmpty)
+        #expect(processor.recoveredToolCallCount == 0)
+
+        let nativeInReasoning =
+            #"<think><tool_call>{"name":"weather","arguments":{"city":"Paris"}}</tool_call></think>"#
+        #expect(processor.processChunk(nativeInReasoning) == nativeInReasoning)
+        #expect(processor.toolCalls.isEmpty)
+
+        _ = processor.processChunk(
+            #"<tool_call>{"name":"weather","arguments":{"city":"Paris"}}</tool_call>"#)
+        #expect(processor.toolCalls.count == 1)
+    }
+
+    @Test("Recovered calls must satisfy required arguments")
+    func requiredArgumentsAreEnforced() {
+        let tools: [[String: any Sendable]] = [
+            [
+                "function": [
+                    "name": "weather",
+                    "parameters": [
+                        "type": "object",
+                        "properties": ["city": ["type": "string"]],
+                        "required": ["city"],
+                    ] as [String: any Sendable],
+                ] as [String: any Sendable]
+            ]
+        ]
+        let processor = ToolCallProcessor(
+            format: .json, tools: tools, toolCallPolicy: .init(validation: .strict))
+
+        _ = processor.processChunk("<function=weather></function>")
+        #expect(processor.toolCalls.isEmpty)
+        #expect(processor.rejectedToolCalls.count == 1)
+        #expect(processor.rejectedToolCalls.first?.reason == .invalidArguments)
+        #expect(processor.rejectedToolCalls.first?.detail == "arguments.city is required")
+        #expect(processor.recoveredToolCallCount == 0)
+        #expect(processor.recoveryEvents.isEmpty)
+
+        let native = ToolCallProcessor(
+            format: .json, tools: tools, toolCallPolicy: .init(validation: .strict))
+        _ = native.processChunk(
+            #"<tool_call>{"name":"weather","arguments":{}}</tool_call>"#)
+        #expect(native.toolCalls.isEmpty)
+        #expect(native.rejectedToolCalls.first?.reason == .invalidArguments)
+        #expect(native.rejectedToolCalls.first?.detail == "arguments.city is required")
+    }
+}
diff --git a/Tests/MLXLMTests/ToolArgumentNormalizationTests.swift b/Tests/MLXLMTests/ToolArgumentNormalizationTests.swift
new file mode 100644
index 0000000..ce82527
--- /dev/null
+++ b/Tests/MLXLMTests/ToolArgumentNormalizationTests.swift
@@ -0,0 +1,170 @@
+// Copyright © 2026 Apple Inc.
+
+import Foundation
+import Testing
+
+@testable import MLXLMCommon
+
+struct ToolArgumentNormalizationTests {
+    private func tools(_ schema: [String: any Sendable]) -> [[String: any Sendable]] {
+        let parameters: [String: any Sendable] = [
+            "type": "object", "properties": ["value": schema], "required": ["value"],
+        ]
+        return [["function": ["name": "read", "parameters": parameters] as [String: any Sendable]]]
+    }
+
+    @Test("JSON, native XML and recovered XML read the same declared values")
+    func dialectParity() throws {
+        let cases: [(String, String, JSONValue)] = [
+            ("integer", "6", .int(6)), ("integer", "1.0", .int(1)),
+            ("int64", "1.0", .int(1)), ("float64", "0.25", .double(0.25)),
+            ("integer", "1.20e2", .int(120)), ("integer", "-0.0", .int(0)),
+            ("integer", "9007199254740993.0", .int(9_007_199_254_740_993)),
+            ("integer", "9223372036854775807.0", .int(Int.max)),
+            ("integer", "-9223372036854775808.0", .int(Int.min)),
+            ("number", "1e100", .double(1e100)), ("number", "0.25", .double(0.25)),
+            ("boolean", "false", .bool(false)), ("boolean", "yes", .bool(true)),
+            ("array", "['SF', 'LA']", .array([.string("SF"), .string("LA")])),
+            ("array", "\"SF\", \"LA\"", .array([.string("SF"), .string("LA")])),
+            ("array", "('SF', 'LA')", .array([.string("SF"), .string("LA")])),
+            ("object", "{'enabled': False}", .object(["enabled": .bool(false)])),
+        ]
+        for (type, text, expected) in cases {
+            let json = String(
+                decoding: try JSONSerialization.data(withJSONObject: [
+                    "name": "read", "arguments": ["value": text],
+                ]), as: UTF8.self)
+            let xml = "<function=read><parameter=value>\(text)</parameter></function>"
+            for (format, payload): (ToolCallFormat, String) in [
+                (.json, "<tool_call>\(json)</tool_call>"),
+                (.xmlFunction, "<tool_call>\(xml)</tool_call>"),
+                (.lfm2, xml),
+            ] {
+                let processor = ToolCallProcessor(format: format, tools: tools(["type": type]))
+                _ = processor.processChunk(payload)
+                processor.processEOS()
+                #expect(
+                    processor.toolCalls.first?.function.arguments["value"] == expected,
+                    "\(type): \(text), \(format)")
+                #expect(processor.rejectedToolCalls.isEmpty)
+            }
+        }
+    }
+
+    @Test("Unconvertible values survive normalization and strict validation rejects them")
+    func invalidValues() {
+        let cases = [
+            ("integer", "1.5"), ("integer", "1.00000000000000000000000000000000000000001"),
+            ("integer", "9223372036854775808"), ("number", "nan"), ("number", "inf"),
+            ("boolean", "maybe"), ("array", "SF, LA"), ("array", "{'a': 1}"),
+            ("object", "[1, 2]"), ("array", "__import__('os').system('x')"),
+        ]
+        for (type, text) in cases {
+            #expect(
+                ToolArgumentNormalization.normalize(.string(text), schema: ["type": type])
+                    == .string(text))
+            for policy in ToolCallValidationPolicy.allCases {
+                let processor = ToolCallProcessor(
+                    format: .lfm2, tools: tools(["type": type]),
+                    toolCallPolicy: .init(validation: policy))
+                _ = processor.processChunk(
+                    "<function=read><parameter=value>\(text)</parameter></function>")
+                processor.processEOS()
+                if policy == .strict {
+                    #expect(processor.toolCalls.isEmpty)
+                    #expect(processor.rejectedToolCalls.first?.reason == .invalidArguments)
+                    #expect(processor.recoveredToolCallCount == 0)
+                } else {
+                    #expect(processor.toolCalls.first?.function.arguments["value"] == .string(text))
+                    #expect(processor.recoveredToolCallCount == 1)
+                }
+            }
+        }
+    }
+
+    @Test("Strings and ambiguous unions retain their spelling")
+    func ambiguity() {
+        let schemas: [[String: any Sendable]] = [
+            ["type": "string"], ["type": ["string", "integer"]],
+            ["type": ["boolean", "integer"]],
+            ["anyOf": [["type": "integer"], ["$ref": "#/$defs/text"]]],
+            ["type": "integer", "$ref": "#/$defs/other"],
+            ["description": "opaque"],
+        ]
+        for schema in schemas {
+            #expect(
+                ToolArgumentNormalization.normalize(.string("001"), schema: schema)
+                    == .string("001"))
+        }
+        #expect(
+            ToolArgumentNormalization.normalize(
+                .string("null"), schema: ["type": ["string", "null"]]) == .string("null"))
+    }
+
+    @Test("Numeric unions and intersections respect integer subtyping")
+    func numericCombinators() {
+        let intersection: [String: any Sendable] = [
+            "allOf": [["type": "number"], ["type": "integer"]]
+        ]
+        #expect(
+            ToolArgumentNormalization.normalize(.string("6.0"), schema: intersection) == .int(6))
+        let union: [String: any Sendable] = ["type": ["integer", "number"]]
+        #expect(ToolArgumentNormalization.normalize(.string("1.5"), schema: union) == .double(1.5))
+    }
+
+    @Test("Normalization descends into declared objects and arrays and preserves IDs")
+    func nestedArguments() {
+        let item: [String: any Sendable] = [
+            "type": "object", "properties": ["count": ["type": "integer"]],
+        ]
+        let schema: [String: any Sendable] = ["type": "array", "items": item]
+        let call = ToolCall(
+            function: .init(name: "read", arguments: ["value": .string("[{'count': '2'}]")]),
+            id: "keep-me")
+        let normalized = ToolArgumentNormalization.normalize(call, tools: tools(schema))
+        #expect(normalized.id == call.id)
+        #expect(normalized.function.arguments["value"] == .array([.object(["count": .int(2)])]))
+        #expect(ToolArgumentNormalization.normalize(normalized, tools: tools(schema)) == normalized)
+    }
+
+    @Test("Permissive schema validation never bypasses name authorization or syntax")
+    func authorization() {
+        for recovery in ToolCallRecoveryPolicy.allCases {
+            let processor = ToolCallProcessor(
+                format: .json, tools: tools(["type": "integer"]),
+                toolCallPolicy: .init(recovery: recovery, validation: .permissive))
+            _ = processor.processChunk(
+                #"<tool_call>{"name":"other","arguments":{"value":"6"}}</tool_call>"#)
+            processor.processEOS()
+            #expect(processor.toolCalls.isEmpty)
+            #expect(processor.rejectedToolCalls.first?.reason == .undeclaredTool)
+        }
+    }
+
+    @Test("Extreme exponents and non-integral decimals cannot overflow or round into integers")
+    func extremeIntegers() {
+        for text in [
+            "1e9223372036854775807", "1e-9223372036854775808",
+            "1.0e-9223372036854775808", "1e-999999999999999999999999",
+            "-9223372036854775809.0", "99999999999999999999.1", "0.00000000000000000001",
+        ] {
+            #expect(
+                ToolArgumentNormalization.normalize(.string(text), schema: ["type": "integer"])
+                    == .string(text))
+        }
+        for (text, value) in [("0e10000", 0), ("1200e-2", 12), (".000e-300", 0)] {
+            #expect(
+                ToolArgumentNormalization.normalize(.string(text), schema: ["type": "integer"])
+                    == .int(value))
+        }
+    }
+
+    @Test("Python container parsing is bounded and rejects incomplete structure")
+    func boundedLiterals() {
+        #expect(
+            tryParsePythonLiteral(
+                String(repeating: "[", count: 64) + "0" + String(repeating: "]", count: 64)) == nil)
+        #expect(tryParsePythonLiteral("['SF',") == nil)
+        #expect(tryParsePythonLiteral("[f()]") == nil)
+    }
+}
diff --git a/Tests/MLXLMTests/ToolCallPolicyTests.swift b/Tests/MLXLMTests/ToolCallPolicyTests.swift
new file mode 100644
index 0000000..677688e
--- /dev/null
+++ b/Tests/MLXLMTests/ToolCallPolicyTests.swift
@@ -0,0 +1,148 @@
+// Copyright © 2026 Apple Inc.
+
+import Foundation
+import Testing
+
+@testable import MLXLMCommon
+
+@Suite(.serialized)
+struct ToolCallPolicyTests {
+    @Test(
+        "Generation policies have independent value semantics and permissive validation by default")
+    func defaultsAndCopies() {
+        let defaults = GenerateParameters()
+        #expect(defaults.toolCallPolicy == .init(recovery: .conservative, validation: .permissive))
+        var custom = defaults
+        custom.toolCallPolicy.recovery = .disabled
+        custom.toolCallPolicy.validation = .strict
+        #expect(defaults.toolCallPolicy == ToolCallPolicy())
+        #expect(custom.toolCallPolicy == .init(recovery: .disabled, validation: .strict))
+        #expect(
+            GenerateParameters(toolCallPolicy: custom.toolCallPolicy).toolCallPolicy
+                == custom.toolCallPolicy)
+    }
+
+    @Test("Default processing forwards schema violations but still rejects undeclared tools")
+    func defaultProcessing() {
+        let tools: [[String: any Sendable]] = [
+            [
+                "function": [
+                    "name": "read",
+                    "parameters": [
+                        "type": "object", "properties": ["value": ["type": "integer"]],
+                        "required": ["value"],
+                    ] as [String: any Sendable],
+                ] as [String: any Sendable]
+            ]
+        ]
+        for arguments: [String: JSONValue] in [["value": .string("six")], [:]] {
+            let call = ToolCall(function: .init(name: "read", arguments: arguments))
+            let json = arguments.isEmpty ? "{}" : #"{"value":"six"}"#
+            for format: ToolCallFormat in [.json, .lfm2] {
+                let processor = ToolCallProcessor(format: format, tools: tools)
+                _ = processor.processChunk(
+                    "<tool_call>{\"name\":\"read\",\"arguments\":\(json)}</tool_call>")
+                processor.processEOS()
+                #expect(processor.toolCalls.first?.function == call.function)
+                #expect(processor.rejectedToolCalls.isEmpty)
+            }
+        }
+        let processor = ToolCallProcessor(format: .json, tools: tools)
+        _ = processor.processChunk(#"<tool_call>{"name":"other","arguments":{}}</tool_call>"#)
+        processor.processEOS()
+        #expect(processor.toolCalls.isEmpty)
+        #expect(processor.rejectedToolCalls.first?.reason == .undeclaredTool)
+    }
+
+    @Test(
+        "Generation and token recording preserve both policies and rejection telemetry",
+        arguments: ToolCallRecoveryPolicy.allCases, ToolCallValidationPolicy.allCases)
+    func generation(recovery: ToolCallRecoveryPolicy, validation: ToolCallValidationPolicy)
+        async throws
+    {
+        let policy = ToolCallPolicy(recovery: recovery, validation: validation)
+        let parameters: [String: any Sendable] = [
+            "type": "object", "properties": ["value": ["type": "integer"]],
+            "required": ["value"],
+        ]
+        let tools: [[String: any Sendable]] = [
+            ["function": ["name": "read", "parameters": parameters] as [String: any Sendable]]
+        ]
+        for native in [true, false] {
+            for value in ["6", "six"] {
+                for recordTokens in [false, true] {
+                    let text =
+                        native
+                        ? "<tool_call>{\"name\":\"read\",\"arguments\":{\"value\":\"\(value)\"}}</tool_call>"
+                        : "<function=read><parameter=value>\(value)</parameter></function>"
+                    let tokenizer = PolicyTokenizer()
+                    let tokens = tokenizer.encode(text: text)
+                    let iterator = PolicyIterator(tokens: tokens)
+                    let configuration = ModelConfiguration(id: "policy-test", toolCallFormat: .json)
+                    var events: [Generation] = []
+                    if recordTokens {
+                        let (stream, task) = generateTaskRecordingTokens(
+                            promptTokenCount: 0, modelConfiguration: configuration,
+                            tokenizer: tokenizer, iterator: iterator, tools: tools,
+                            toolCallPolicy: policy)
+                        for await event in stream { events.append(event) }
+                        #expect(await task.value == tokens)
+                    } else {
+                        let (stream, task) = generateTask(
+                            promptTokenCount: 0, modelConfiguration: configuration,
+                            tokenizer: tokenizer, iterator: iterator, tools: tools,
+                            toolCallPolicy: policy)
+                        for await event in stream { events.append(event) }
+                        await task.value
+                    }
+                    let parsed = native || recovery != .disabled
+                    let accepted = parsed && (value == "6" || validation == .permissive)
+                    let calls = events.compactMap(\.toolCall)
+                    let rejected = events.compactMap(\.rejectedToolCall)
+                    #expect(calls.count == (accepted ? 1 : 0))
+                    if accepted {
+                        #expect(
+                            calls.first?.function.arguments["value"]
+                                == (value == "6" ? .int(6) : .string(value)))
+                    }
+                    #expect(rejected.count == (parsed && !accepted ? 1 : 0))
+                    #expect(rejected.allSatisfy { $0.reason == .invalidArguments })
+                    let info = try #require(events.compactMap(\.info).last)
+                    #expect(info.rejectedToolCallCount == rejected.count)
+                    #expect(info.recoveredToolCallCount == (!native && accepted ? 1 : 0))
+                }
+            }
+        }
+    }
+}
+
+/// One Unicode scalar per token makes every syntax boundary a streaming boundary.
+private struct PolicyTokenizer: Tokenizer {
+    func encode(text: String, addSpecialTokens: Bool) -> [Int] {
+        text.unicodeScalars.map { Int($0.value) }
+    }
+    func decode(tokenIds: [Int], skipSpecialTokens: Bool) -> String {
+        String(String.UnicodeScalarView(tokenIds.compactMap(Unicode.Scalar.init)))
+    }
+    func convertTokenToId(_ token: String) -> Int? { nil }
+    func convertIdToToken(_ id: Int) -> String? { Unicode.Scalar(id).map(String.init) }
+    var bosToken: String? { nil }
+    var eosToken: String? { nil }
+    var unknownToken: String? { nil }
+    func applyChatTemplate(
+        messages: [[String: any Sendable]], tools: [[String: any Sendable]]?,
+        additionalContext: [String: any Sendable]?
+    ) throws -> [Int] { [] }
+}
+
+private struct PolicyIterator: TokenIteratorProtocol {
+    let tokens: [Int]
+    var tokenCount = 0
+    var maxTokens: Int? { nil }
+    var promptPrefillTime: TimeInterval { 0 }
+    mutating func next() -> Int? {
+        guard tokenCount < tokens.count else { return nil }
+        defer { tokenCount += 1 }
+        return tokens[tokenCount]
+    }
+}
diff --git a/Tests/MLXLMTests/ToolCallProcessorStreamingTests.swift b/Tests/MLXLMTests/ToolCallProcessorStreamingTests.swift
new file mode 100644
index 0000000..7612c6b
--- /dev/null
+++ b/Tests/MLXLMTests/ToolCallProcessorStreamingTests.swift
@@ -0,0 +1,201 @@
+import Foundation
+import MLXLMCommon
+import Testing
+
+struct ToolCallProcessorStreamingTests {
+    private static let tools: [[String: any Sendable]] = [
+        ["function": ["name": "weather"] as [String: any Sendable]]
+    ]
+    private static let function = ToolCall.Function(
+        name: "weather", arguments: ["city": JSONValue.string("Paris")])
+    private static let xml =
+        "<tool_call><function=weather><parameter=city>Paris</parameter></function></tool_call>"
+    private static let json =
+        #"<tool_call>{"name":"weather","arguments":{"city":"Paris"}}</tool_call>"#
+
+    private enum Event: Equatable {
+        case response(String)
+        case call(ToolCall.Function)
+        case rejected(RejectedToolCall.Reason)
+    }
+
+    private struct Result: Equatable {
+        var text = ""
+        var calls: [ToolCall.Function] = []
+        var rejections: [RejectedToolCall.Reason] = []
+        var events: [Event] = []
+    }
+
+    // Use nil tools to exercise the native scanner without recovery preprocessing.
+    private func process(
+        _ chunks: [String], format: ToolCallFormat = .xmlFunction,
+        tools: [[String: any Sendable]]? = nil, ordered: Bool
+    ) -> Result {
+        let processor = ToolCallProcessor(format: format, tools: tools)
+        var result = Result()
+        if ordered {
+            var outputs = chunks.flatMap { processor.processChunkOutputs($0) }
+            outputs += processor.processEOSOutputs()
+            for output in outputs {
+                switch output {
+                case .response(let text):
+                    result.text += text
+                    if case .response(let previous) = result.events.last {
+                        result.events[result.events.count - 1] = .response(previous + text)
+                    } else {
+                        result.events.append(.response(text))
+                    }
+                case .toolCall(let call):
+                    result.calls.append(call.function)
+                    result.events.append(.call(call.function))
+                case .rejectedToolCall(let rejection):
+                    result.rejections.append(rejection.reason)
+                    result.events.append(.rejected(rejection.reason))
+                }
+            }
+        } else {
+            for chunk in chunks {
+                result.text += processor.processChunk(chunk) ?? ""
+            }
+            result.text += processor.processEOS(returnBufferedText: true) ?? ""
+            result.calls = processor.drainToolCalls().map(\.function)
+            result.rejections = processor.drainRejectedToolCalls().map(\.reason)
+        }
+        return result
+    }
+
+    private func chunkings(_ text: String) -> [[String]] {
+        [[text], text.map(String.init)]
+            + text.indices.map { [String(text[..<$0]), String(text[$0...])] }
+            + [[text, ""]]
+    }
+
+    @Test("A non-tool marker must not hide a later native call", arguments: [false, true])
+    func ordinaryMarkerBeforeCall(ordered: Bool) {
+        let result = process(["</think>\n" + Self.xml + "done"], ordered: ordered)
+        #expect(result.text == "</think>\ndone")
+        #expect(result.calls == [Self.function])
+        #expect(result.rejections.isEmpty)
+        if ordered {
+            #expect(
+                result.events == [.response("</think>\n"), .call(Self.function), .response("done")])
+        }
+    }
+
+    @Test("False openers preserve text and calls at every split", arguments: [false, true])
+    func falseOpenersAtEverySplit(ordered: Bool) {
+        let dialects: [(ToolCallFormat, String)] = [
+            (.xmlFunction, Self.xml), (.json, Self.json), (.qwen35, Self.xml),
+        ]
+        for (format, call) in dialects {
+            for tools in [nil, Self.tools] {
+                for prefix in [
+                    "</think>\n", "a < b < c\n", "<note>hi</note>", "<", "<t", "🧪 e\u{301} < b\n",
+                ] {
+                    let text = prefix + call + "after"
+                    for chunks in chunkings(text) {
+                        let result = process(chunks, format: format, tools: tools, ordered: ordered)
+                        #expect(result.text == prefix + "after", "\(format): \(chunks)")
+                        #expect(result.calls == [Self.function], "\(format): \(chunks)")
+                        #expect(result.rejections.isEmpty, "\(format): \(chunks)")
+                        if ordered {
+                            #expect(
+                                result.events == [
+                                    .response(prefix), .call(Self.function), .response("after"),
+                                ])
+                        }
+                    }
+                }
+            }
+        }
+    }
+
+    @Test("Text before a partial marker is emitted immediately", arguments: [false, true])
+    func partialMarkerRetainsOnlyTheCandidate(ordered: Bool) {
+        let processor = ToolCallProcessor(format: .xmlFunction)
+        let prefix = "before < b "
+        if ordered {
+            let leading = processor.processChunkOutputs(prefix + "<tool_")
+            #expect(leading.allSatisfy { if case .response = $0 { true } else { false } })
+            #expect(
+                leading.compactMap { if case .response(let text) = $0 { text } else { nil } }
+                    .joined() == prefix)
+            let outputs = processor.processChunkOutputs(String(Self.xml.dropFirst(6)))
+            #expect(outputs.count == 1)
+            if case .toolCall(let call) = outputs.first {
+                #expect(call.function == Self.function)
+            } else {
+                Issue.record("Expected the completed call")
+            }
+            #expect(processor.processEOSOutputs().isEmpty)
+        } else {
+            #expect(processor.processChunk(prefix + "<tool_") == prefix)
+            #expect(processor.processChunk(String(Self.xml.dropFirst(6))) == nil)
+            #expect(processor.toolCalls.map(\.function) == [Self.function])
+            #expect(processor.processEOS(returnBufferedText: true) == nil)
+        }
+    }
+
+    @Test("False openers preserve ordinary text and EOS rejection rules", arguments: [false, true])
+    func residualTextAndRejections(ordered: Bool) {
+        for suffix in ["", "<", "<t", "<tool_call>"] {
+            let prefix = "a < b "
+            for chunks in chunkings(prefix + suffix) {
+                let result = process(chunks, ordered: ordered)
+                #expect(result.calls.isEmpty)
+                if suffix == "<tool_call>" {
+                    #expect(result.text == prefix)
+                    #expect(result.rejections == [.incompleteOutput])
+                } else {
+                    #expect(result.text == prefix + suffix)
+                    #expect(result.rejections.isEmpty)
+                }
+            }
+        }
+    }
+
+    @Test(
+        "Malformed markers and undeclared names still reject before later calls",
+        arguments: [false, true])
+    func rejectionsBeforeLaterCalls(ordered: Bool) {
+        let malformed = process(["<tool_calx>after</tool_call>"], ordered: ordered)
+        #expect(malformed.text == "after")
+        #expect(malformed.calls.isEmpty)
+        #expect(malformed.rejections == [.malformedSyntax])
+
+        for tools in [nil, Self.tools] {
+            let result = process(
+                ["a < b <tool_calx>between" + Self.xml + "after"], tools: tools, ordered: ordered)
+            #expect(result.text == "a < b betweenafter")
+            #expect(result.calls == [Self.function])
+            #expect(result.rejections == [.malformedSyntax])
+            if ordered {
+                #expect(
+                    result.events == [
+                        .response("a < b "), .rejected(.malformedSyntax), .response("between"),
+                        .call(Self.function), .response("after"),
+                    ])
+            }
+        }
+        for tools in [Self.tools, []] {
+            let unknown = Self.xml.replacingOccurrences(of: "weather", with: "unknown")
+            for chunks in chunkings("<" + unknown + "between < b " + Self.xml) {
+                let result = process(chunks, tools: tools, ordered: ordered)
+                #expect(result.text == "<between < b ")
+                #expect(result.calls == (tools.isEmpty ? [] : [Self.function]))
+                #expect(
+                    result.rejections
+                        == (tools.isEmpty ? [.undeclaredTool, .undeclaredTool] : [.undeclaredTool]))
+            }
+        }
+    }
+
+    @Test("Many false candidates do not require recursive parsing")
+    func manyFalseCandidates() {
+        let prefix = String(repeating: "<x ", count: 10_000)
+        let result = process([prefix + Self.xml], ordered: true)
+        #expect(result.text == prefix)
+        #expect(result.calls == [Self.function])
+        #expect(result.rejections.isEmpty)
+    }
+}
diff --git a/Tests/MLXLMTests/ToolCallRecoveryRegressionTests.swift b/Tests/MLXLMTests/ToolCallRecoveryRegressionTests.swift
new file mode 100644
index 0000000..55bdfb3
--- /dev/null
+++ b/Tests/MLXLMTests/ToolCallRecoveryRegressionTests.swift
@@ -0,0 +1,120 @@
+// Copyright © 2026 Apple Inc.
+
+import Foundation
+import Testing
+
+@testable import MLXLMCommon
+
+struct ToolCallRecoveryRegressionTests {
+    private let tools: [[String: any Sendable]] = [
+        ["function": ["name": "weather"] as [String: any Sendable]]
+    ]
+    private let call = #"<tool_call>{"name":"weather","arguments":{"city":"Paris"}}</tool_call>"#
+
+    @Test("Native syntax survives recovery under every policy and chunk boundary")
+    func nativeSyntax() {
+        let cases: [(ToolCallFormat, String, String)] = [
+            (
+                .glm4,
+                "<tool_call>weather<arg_key>city</arg_key><arg_value>Paris</arg_value></tool_call>",
+                ""
+            ),
+            (.llama3, #"{"name":"weather","parameters":{"city":"Paris"}}"#, ""),
+            (.json, "The 12\" model. " + call, "The 12\" model. "),
+            (.json, "„Ready\". " + call, "„Ready\". "),
+            (.json, "[for example, see below. " + call, "[for example, see below. "),
+            (.json, "[not an array. " + call, "[not an array. "),
+        ]
+        for (format, text, prefix) in cases {
+            let characters = Array(text)
+            for policy in ToolCallRecoveryPolicy.allCases {
+                for split in 0 ... characters.count {
+                    let chunks = [String(characters[..<split]), String(characters[split...])]
+                    let processor = ToolCallProcessor(
+                        format: format, tools: tools, toolCallPolicy: .init(recovery: policy))
+                    let visible =
+                        chunks.compactMap { processor.processChunk($0) }.joined()
+                        + (processor.processEOS(returnBufferedText: true) ?? "")
+                    #expect(visible == prefix, "\(format), \(policy), split \(split)")
+                    #expect(processor.toolCalls.count == 1)
+                    #expect(
+                        processor.toolCalls.first?.function.arguments["city"] == .string("Paris"))
+                    #expect(processor.rejectedToolCalls.isEmpty)
+                    #expect(processor.recoveredToolCallCount == 0)
+
+                    let ordered = ToolCallProcessor(
+                        format: format, tools: tools, toolCallPolicy: .init(recovery: policy))
+                    let outputs =
+                        chunks.flatMap { ordered.processChunkOutputs($0) }
+                        + ordered.processEOSOutputs()
+                    #expect(
+                        outputs.compactMap {
+                            if case .response(let text) = $0 { text } else { nil }
+                        }.joined() == prefix)
+                    #expect(
+                        outputs.filter { if case .toolCall = $0 { true } else { false } }.count == 1
+                    )
+                    #expect(
+                        outputs.last.map { if case .toolCall = $0 { true } else { false } } == true)
+                }
+            }
+        }
+    }
+
+    @Test("Structured data remains inert, with an executable call only after the value")
+    func structuredData() throws {
+        let payloads: [Any] = [
+            call, ["example": call], [true, false, NSNull(), 1.25e-8, call],
+            ["nested": [["quote": "\\\"🦋", "example": call]]],
+        ]
+        for payload in payloads {
+            let data = try JSONSerialization.data(
+                withJSONObject: payload, options: [.fragmentsAllowed, .sortedKeys])
+            let text = String(decoding: data, as: UTF8.self)
+            for format: ToolCallFormat in [.json, .llama3, .lfm2] {
+                let processor = ToolCallProcessor(format: format, tools: tools)
+                var outputs: [ToolCallProcessor.Output] = []
+                for character in text + " " + call {
+                    outputs += processor.processChunkOutputs(String(character))
+                }
+                outputs += processor.processEOSOutputs()
+                #expect(
+                    outputs.compactMap { if case .response(let text) = $0 { text } else { nil } }
+                        .joined() == text + " ")
+                #expect(
+                    outputs.filter { if case .toolCall = $0 { true } else { false } }.count == 1)
+            }
+        }
+    }
+
+    @Test("JSON syntax tracking rejects impossible prefixes and bounds nesting")
+    func jsonPrefixes() {
+        for text in ["[for", "[nullx", "[01", "[1e+z", "{\"a\" 1", "[true,]", "{\"a\":1]", "\"\\q"]
+        {
+            var scanner = JSONPrefixScanner()
+            if case .invalid = scanner.scan(text) {
+            } else {
+                Issue.record("Accepted impossible prefix: \(text)")
+            }
+        }
+        var scanner = JSONPrefixScanner()
+        if case .depthLimit = scanner.scan(String(repeating: "[", count: 257)) {
+        } else {
+            Issue.record("Missing nesting bound")
+        }
+    }
+
+    @Test("EOS clears prose context before a new generation")
+    func reuseAfterEOS() throws {
+        let processor = ToolCallProcessor(format: .lfm2, tools: tools)
+        _ = processor.processChunk("word")
+        processor.processEOS()
+        let data = try JSONSerialization.data(withJSONObject: call, options: .fragmentsAllowed)
+        let quoted = String(decoding: data, as: UTF8.self)
+        let visible =
+            (processor.processChunk(quoted) ?? "")
+            + (processor.processEOS(returnBufferedText: true) ?? "")
+        #expect(visible == quoted)
+        #expect(processor.toolCalls.isEmpty)
+    }
+}
diff --git a/Tests/MLXLMTests/ToolSchemaValidatorTests.swift b/Tests/MLXLMTests/ToolSchemaValidatorTests.swift
new file mode 100644
index 0000000..3e5e8f8
--- /dev/null
+++ b/Tests/MLXLMTests/ToolSchemaValidatorTests.swift
@@ -0,0 +1,575 @@
+// Copyright © 2026 Apple Inc.
+
+import Foundation
+import MLXLMCommon
+import Testing
+
+/// A partial schema evaluator is safe only when it distinguishes a proven
+/// result from one that depends on unsupported semantics. These tests pin all
+/// three outcomes and the executable-call boundary that consumes them.
+struct ToolSchemaValidatorTests {
+
+    private func tool(
+        _ name: String, parameters: [String: any Sendable]? = nil
+    ) -> [String: any Sendable] {
+        var function: [String: any Sendable] = ["name": name]
+        if let parameters { function["parameters"] = parameters }
+        return ["type": "function", "function": function]
+    }
+
+    private var weatherSchema: [String: any Sendable] {
+        [
+            "type": "object",
+            "properties": [
+                "city": ["type": "string", "minLength": 1] as [String: any Sendable],
+                "limit": ["type": "integer", "minimum": 1, "maximum": 50]
+                    as [String: any Sendable],
+                "units": ["type": "string", "enum": ["celsius", "fahrenheit"]]
+                    as [String: any Sendable],
+            ],
+            "required": ["city"],
+        ]
+    }
+
+    private func descriptions(_ result: ToolSchemaValidator.Result) -> [String] {
+        guard case .invalid(let violations) = result else { return [] }
+        return violations.map(\.description)
+    }
+
+    // MARK: - Types and objects
+
+    @Test("Arguments that satisfy every understood assertion are valid")
+    func validArgumentsPass() {
+        #expect(
+            ToolSchemaValidator.validate(
+                arguments: [
+                    "city": .string("Paris"), "limit": .int(5),
+                    "units": .string("celsius"),
+                ],
+                against: weatherSchema) == .valid)
+    }
+
+    @Test("A wrong type is a proven violation at the argument path")
+    func wrongTypeIsReported() {
+        let result = ToolSchemaValidator.validate(
+            arguments: ["city": .string("Paris"), "limit": .string("five")],
+            against: weatherSchema)
+        #expect(descriptions(result) == ["arguments.limit must be an integer"])
+    }
+
+    @Test("An integral double satisfies integer while a fractional value does not")
+    func integerAcceptsIntegralDoubles() {
+        let schema: [String: any Sendable] = ["type": "integer"]
+        #expect(ToolSchemaValidator.validate(.int(3), against: schema) == .valid)
+        #expect(ToolSchemaValidator.validate(.double(3.0), against: schema) == .valid)
+        #expect(
+            descriptions(ToolSchemaValidator.validate(.double(3.5), against: schema))
+                == ["$ must be an integer"])
+    }
+
+    @Test("A type list accepts any declared type")
+    func typeList() {
+        let schema: [String: any Sendable] = ["type": ["string", "null"]]
+        #expect(ToolSchemaValidator.validate(.string("x"), against: schema) == .valid)
+        #expect(ToolSchemaValidator.validate(.null, against: schema) == .valid)
+        #expect(
+            descriptions(ToolSchemaValidator.validate(.int(1), against: schema))
+                == ["$ must be one of these types: string, null"])
+    }
+
+    @Test("A missing required argument is reported by name")
+    func missingRequiredIsReported() {
+        let result = ToolSchemaValidator.validate(
+            arguments: ["limit": .int(3)], against: weatherSchema)
+        #expect(descriptions(result) == ["arguments.city is required"])
+    }
+
+    @Test("Nested objects report a stable full path")
+    func nestedPathIsReported() {
+        let schema: [String: any Sendable] = [
+            "type": "object",
+            "properties": [
+                "filters": [
+                    "type": "object",
+                    "properties": ["limit": ["type": "integer"]],
+                    "required": ["limit"],
+                ] as [String: any Sendable]
+            ],
+        ]
+        #expect(
+            descriptions(
+                ToolSchemaValidator.validate(
+                    arguments: ["filters": .object([:])], against: schema))
+                == ["arguments.filters.limit is required"])
+        #expect(
+            descriptions(
+                ToolSchemaValidator.validate(
+                    arguments: ["filters": .object(["limit": .string("x")])],
+                    against: schema))
+                == ["arguments.filters.limit must be an integer"])
+    }
+
+    @Test("Diagnostic paths quote property names that are not identifiers")
+    func nonIdentifierPath() {
+        let schema: [String: any Sendable] = [
+            "properties": ["postal-code": ["type": "integer"]]
+        ]
+        #expect(
+            descriptions(
+                ToolSchemaValidator.validate(
+                    arguments: ["postal-code": .string("x")], against: schema))
+                == [#"arguments["postal-code"] must be an integer"#])
+    }
+
+    @Test("Diagnostic paths JSON-escape control and punctuation characters")
+    func pathEscaping() {
+        let key = "line\n\"\\"
+        let schema: [String: any Sendable] = [
+            "properties": [key: ["type": "integer"]]
+        ]
+        let description = descriptions(
+            ToolSchemaValidator.validate(
+                arguments: [key: .string("x")], against: schema)
+        ).first
+        #expect(description == #"arguments["line\n\"\\"] must be an integer"#)
+        #expect(description?.contains("\n") == false)
+    }
+
+    @Test("additionalProperties false applies without a properties keyword")
+    func additionalPropertiesWithoutProperties() {
+        let schema: [String: any Sendable] = [
+            "type": "object", "additionalProperties": false,
+        ]
+        #expect(
+            descriptions(
+                ToolSchemaValidator.validate(arguments: ["extra": .int(1)], against: schema))
+                == ["arguments.extra is not a declared property"])
+    }
+
+    @Test("additionalProperties checks undeclared values against its schema")
+    func additionalPropertiesSchema() {
+        let schema: [String: any Sendable] = [
+            "properties": ["city": ["type": "string"]],
+            "additionalProperties": ["type": "integer"],
+        ]
+        #expect(
+            ToolSchemaValidator.validate(arguments: ["count": .int(2)], against: schema)
+                == .valid)
+        #expect(
+            descriptions(
+                ToolSchemaValidator.validate(
+                    arguments: ["count": .string("two")], against: schema))
+                == ["arguments.count must be an integer"])
+    }
+
+    @Test("Malformed properties make additional-property classification unknown")
+    func malformedPropertiesAreUnknown() {
+        let schema: [String: any Sendable] = [
+            "properties": "not an object", "additionalProperties": false,
+        ]
+        #expect(
+            ToolSchemaValidator.validate(arguments: ["x": .int(1)], against: schema)
+                == .unknown)
+    }
+
+    @Test("Malformed nested schema values are unknown even when not traversed")
+    func malformedSubschemasAreUnknown() {
+        let cases: [(JSONValue, [String: any Sendable])] = [
+            (.object([:]), ["properties": ["unused": "not a schema"]]),
+            (.object([:]), ["additionalProperties": "not a schema"]),
+            (.array([]), ["items": "not a schema"]),
+        ]
+        for (value, schema) in cases {
+            #expect(ToolSchemaValidator.validate(value, against: schema) == .unknown)
+        }
+    }
+
+    @Test("patternProperties prevents an unproven additional-property rejection")
+    func patternPropertiesInteractionIsUnknown() {
+        let schema: [String: any Sendable] = [
+            "patternProperties": ["^x-": ["type": "integer"]],
+            "additionalProperties": false,
+        ]
+        #expect(
+            ToolSchemaValidator.validate(arguments: ["x-count": .int(1)], against: schema)
+                == .unknown)
+    }
+
+    // MARK: - Arrays and strings
+
+    @Test("Array items, count limits, and uniqueness are enforced")
+    func arrayRules() {
+        let schema: [String: any Sendable] = [
+            "type": "array", "items": ["type": "string"],
+            "minItems": 1, "maxItems": 3, "uniqueItems": true,
+        ]
+        #expect(ToolSchemaValidator.validate(.array([.string("a")]), against: schema) == .valid)
+        #expect(
+            descriptions(ToolSchemaValidator.validate(.array([]), against: schema))
+                == ["$ must have at least 1 item"])
+        #expect(
+            descriptions(
+                ToolSchemaValidator.validate(.array([.string("a"), .int(1)]), against: schema))
+                == ["$[1] must be a string"])
+        #expect(
+            descriptions(
+                ToolSchemaValidator.validate(
+                    .array([.string("a"), .string("a")]), against: schema))
+                == ["$ must not contain duplicate items"])
+    }
+
+    @Test("JSON numeric equality detects 1 and 1.0 as duplicate items")
+    func uniqueItemsUsesJSONNumberEquality() {
+        let schema: [String: any Sendable] = ["uniqueItems": true]
+        #expect(
+            descriptions(
+                ToolSchemaValidator.validate(.array([.int(1), .double(1.0)]), against: schema))
+                == ["$ must not contain duplicate items"])
+
+        let first: JSONValue = .object([
+            "a": .int(1), "b": .array([.bool(true), .null]),
+        ])
+        let reordered: JSONValue = .object([
+            "b": .array([.bool(true), .null]), "a": .double(1.0),
+        ])
+        #expect(
+            descriptions(
+                ToolSchemaValidator.validate(
+                    .array([first, reordered]), against: schema))
+                == ["$ must not contain duplicate items"])
+    }
+
+    @Test("uniqueItems handles a large distinct array without quadratic scanning")
+    func uniqueItemsScalesWithDistinctValues() {
+        let values = (0 ..< 4_096).map(JSONValue.int)
+        #expect(
+            ToolSchemaValidator.validate(
+                .array(values), against: ["uniqueItems": true]) == .valid)
+    }
+
+    @Test("Tuple-form items are unknown rather than approximated")
+    func tupleItemsAreUnknown() {
+        let schema: [String: any Sendable] = [
+            "items": [["type": "string"], ["type": "integer"]]
+        ]
+        #expect(
+            ToolSchemaValidator.validate(.array([.string("x"), .int(1)]), against: schema)
+                == .unknown)
+    }
+
+    @Test("prefixItems prevents items from being applied to prefix elements")
+    func prefixItemsInteractionIsUnknown() {
+        let schema: [String: any Sendable] = [
+            "prefixItems": [["type": "string"]], "items": ["type": "integer"],
+        ]
+        #expect(
+            ToolSchemaValidator.validate(
+                .array([.string("prefix"), .int(1)]), against: schema) == .unknown)
+    }
+
+    @Test("String bounds count Unicode code points rather than grapheme clusters")
+    func stringLengthUsesUnicodeCodePoints() {
+        let exactlyTwo: [String: any Sendable] = [
+            "type": "string", "minLength": 2, "maxLength": 2,
+        ]
+        let decomposed = "e\u{301}"
+        #expect(decomposed.count == 1)
+        #expect(decomposed.unicodeScalars.count == 2)
+        #expect(ToolSchemaValidator.validate(.string(decomposed), against: exactlyTwo) == .valid)
+    }
+
+    @Test("Malformed count limits are unknown and never trap")
+    func malformedCountLimitsAreUnknown() {
+        let cases: [(JSONValue, [String: any Sendable])] = [
+            (.array([]), ["minItems": -1]),
+            (.array([]), ["maxItems": Double.infinity]),
+            (.string(""), ["minLength": "two"]),
+        ]
+        for (value, schema) in cases {
+            #expect(ToolSchemaValidator.validate(value, against: schema) == .unknown)
+        }
+    }
+
+    // MARK: - Numbers and constants
+
+    @Test("Inclusive and exclusive bounds support modern and draft-4 forms")
+    func numberBounds() {
+        let inclusive: [String: any Sendable] = ["minimum": 1, "maximum": 10]
+        #expect(ToolSchemaValidator.validate(.int(1), against: inclusive) == .valid)
+        #expect(
+            descriptions(ToolSchemaValidator.validate(.int(0), against: inclusive))
+                == ["$ must be at least 1"])
+
+        let modern: [String: any Sendable] = [
+            "exclusiveMinimum": 0, "exclusiveMaximum": 1,
+        ]
+        #expect(ToolSchemaValidator.validate(.double(0.5), against: modern) == .valid)
+        #expect(
+            descriptions(ToolSchemaValidator.validate(.int(0), against: modern))
+                == ["$ must be greater than 0"])
+
+        let draft4: [String: any Sendable] = ["minimum": 0, "exclusiveMinimum": true]
+        #expect(
+            descriptions(ToolSchemaValidator.validate(.int(0), against: draft4))
+                == ["$ must be greater than 0"])
+        #expect(ToolSchemaValidator.validate(.int(1), against: draft4) == .valid)
+    }
+
+    @Test("A modern exclusive bound does not replace its inclusive sibling")
+    func simultaneousBoundsBothApply() {
+        let schema: [String: any Sendable] = ["minimum": 10, "exclusiveMinimum": 0]
+        #expect(
+            descriptions(ToolSchemaValidator.validate(.int(5), against: schema))
+                == ["$ must be at least 10"])
+    }
+
+    @Test("Large integer comparisons do not lose precision through Double")
+    func largeIntegerBoundsRemainExact() {
+        let maximum = 9_007_199_254_740_992
+        let schema: [String: any Sendable] = ["maximum": maximum]
+        #expect(
+            descriptions(ToolSchemaValidator.validate(.int(maximum + 1), against: schema))
+                == ["$ must be at most \(maximum)"])
+    }
+
+    @Test("Finite numbers outside Decimal's range are unknown")
+    func numbersOutsideDecimalRangeAreUnknown() {
+        let value = JSONValue.double(Double.greatestFiniteMagnitude)
+        #expect(
+            ToolSchemaValidator.validate(value, against: ["maximum": 1]) == .unknown)
+        #expect(
+            ToolSchemaValidator.validate(
+                value, against: ["const": Double.greatestFiniteMagnitude]) == .unknown)
+        #expect(
+            ToolSchemaValidator.validate(
+                .array([value, value]), against: ["uniqueItems": true]) == .unknown)
+    }
+
+    @Test("enum keeps Boolean and numeric identity distinct")
+    func enumDoesNotConfuseBoolAndInt() {
+        let schema: [String: any Sendable] = ["enum": [true]]
+        #expect(ToolSchemaValidator.validate(.bool(true), against: schema) == .valid)
+        #expect(
+            descriptions(ToolSchemaValidator.validate(.int(1), against: schema))
+                == ["$ must be one of the allowed values"])
+    }
+
+    @Test("A malformed enum member prevents a proof even when another member matches")
+    func malformedEnumIsUnknown() {
+        let members: [any Sendable] = ["match", Date()]
+        let schema: [String: any Sendable] = ["enum": members]
+        #expect(ToolSchemaValidator.validate(.string("match"), against: schema) == .unknown)
+    }
+
+    @Test("enum and const compare JSON numbers by mathematical value")
+    func numericEquality() {
+        #expect(
+            ToolSchemaValidator.validate(.double(1.0), against: ["const": 1]) == .valid)
+        #expect(
+            ToolSchemaValidator.validate(.int(1), against: ["enum": [1.0]]) == .valid)
+    }
+
+    // MARK: - Proof and uncertainty
+
+    @Test("Unsupported assertions produce unknown")
+    func unsupportedAssertionsAreUnknown() {
+        let schemas: [[String: any Sendable]] = [
+            ["type": "string", "pattern": "[0-9]+"],
+            ["$ref": "#/$defs/Address"],
+            ["not": ["type": "null"] as [String: any Sendable]],
+        ]
+        for schema in schemas {
+            #expect(ToolSchemaValidator.validate(.string("anything"), against: schema) == .unknown)
+        }
+    }
+
+    @Test("A reference makes sibling assertions unknown across schema dialects")
+    func referenceSiblingIsUnknown() {
+        let schema: [String: any Sendable] = [
+            "$ref": "#/$defs/value", "type": "integer",
+            "$defs": ["value": ["type": "string"]],
+        ]
+        #expect(ToolSchemaValidator.validate(.string("x"), against: schema) == .unknown)
+    }
+
+    @Test("Annotations and schema definitions do not create uncertainty")
+    func annotationsAreNonAssertive() {
+        let schema: [String: any Sendable] = [
+            "type": "string", "description": "value", "default": "x",
+            "$defs": ["Unused": ["type": "integer"]], "x-order": ["value"],
+        ]
+        #expect(ToolSchemaValidator.validate(.string("x"), against: schema) == .valid)
+    }
+
+    @Test("A known sibling violation remains invalid beside an unknown assertion")
+    func provenViolationDominatesUnknown() {
+        let schema: [String: any Sendable] = [
+            "type": "integer", "pattern": "unsupported here",
+        ]
+        #expect(
+            descriptions(ToolSchemaValidator.validate(.string("x"), against: schema))
+                == ["$ must be an integer"])
+    }
+
+    @Test("oneOf branches with unsupported distinctions remain unknown")
+    func oneOfDoesNotInventMatches() {
+        let schema: [String: any Sendable] = [
+            "oneOf": [
+                ["type": "string", "pattern": "^a"],
+                ["type": "string", "pattern": "^b"],
+            ]
+        ]
+        #expect(ToolSchemaValidator.validate(.string("apple"), against: schema) == .unknown)
+    }
+
+    @Test("oneOf is invalid when two branches are proven matches")
+    func oneOfProvenMultipleMatches() {
+        let schema: [String: any Sendable] = [
+            "oneOf": [
+                ["type": "integer"], ["type": "number"], ["pattern": "unknown"],
+            ]
+        ]
+        #expect(
+            descriptions(ToolSchemaValidator.validate(.int(1), against: schema))
+                == ["$ must satisfy exactly one of the allowed schemas"])
+    }
+
+    @Test("anyOf and allOf propagate proof and uncertainty correctly")
+    func combinatorProofRules() {
+        let validAnyOf: [String: any Sendable] = [
+            "anyOf": [["type": "string"], ["pattern": "unknown"]]
+        ]
+        #expect(ToolSchemaValidator.validate(.string("x"), against: validAnyOf) == .valid)
+
+        let unknownAnyOf: [String: any Sendable] = [
+            "anyOf": [["type": "integer"], ["pattern": "unknown"]]
+        ]
+        #expect(ToolSchemaValidator.validate(.string("x"), against: unknownAnyOf) == .unknown)
+
+        let invalidAllOf: [String: any Sendable] = [
+            "allOf": [["type": "integer"], ["pattern": "unknown"]]
+        ]
+        #expect(
+            descriptions(ToolSchemaValidator.validate(.string("x"), against: invalidAllOf))
+                == ["$ must be an integer"])
+    }
+
+    @Test("Boolean and malformed schemas preserve the proof boundary")
+    func schemaShapes() {
+        #expect(ToolSchemaValidator.validate(.int(1), against: true) == .valid)
+        #expect(
+            descriptions(ToolSchemaValidator.validate(.int(1), against: false))
+                == ["$ is not permitted"])
+        #expect(ToolSchemaValidator.validate(.int(1), against: "not a schema") == .unknown)
+        #expect(
+            ToolSchemaValidator.validate(.int(1), against: ["type": "unsupported"])
+                == .unknown)
+    }
+
+    @Test("Excessive schema nesting becomes unknown rather than recursing without bound")
+    func schemaDepthIsBounded() {
+        var schema: [String: any Sendable] = ["type": "integer"]
+        for _ in 0 ... 64 {
+            schema = ["allOf": [schema]]
+        }
+        #expect(ToolSchemaValidator.validate(.int(1), against: schema) == .unknown)
+    }
+
+    // MARK: - Lookup, diagnostics, and executable boundary
+
+    @Test("Both tool declaration shapes expose their parameters schema")
+    func parametersSchemaLookup() {
+        let openAI = tool("f", parameters: ["type": "object"])
+        let flat: [String: any Sendable] = ["name": "g", "parameters": ["type": "object"]]
+        #expect(ToolSchemaValidator.parametersSchema(ofToolNamed: "f", in: [openAI]) != nil)
+        #expect(ToolSchemaValidator.parametersSchema(ofToolNamed: "g", in: [flat]) != nil)
+        #expect(ToolSchemaValidator.parametersSchema(ofToolNamed: "h", in: [openAI]) == nil)
+    }
+
+    @Test("A malformed declared parameters schema is unknown, not absent")
+    func malformedParametersSchemaIsUnknown() {
+        let malformed: [String: any Sendable] = [
+            "function": ["name": "f", "parameters": "not a schema"]
+                as [String: any Sendable]
+        ]
+        #expect(
+            ToolSchemaValidator.validate(
+                arguments: [:], forToolNamed: "f", in: [malformed]) == .unknown)
+    }
+
+    @Test("describe is bounded and never includes argument values")
+    func describeBounds() {
+        let result = ToolSchemaValidator.validate(
+            arguments: [
+                "city": .int(1), "limit": .string("secret-value"),
+                "units": .string("kelvin"),
+            ],
+            against: weatherSchema)
+        guard case .invalid(let violations) = result else {
+            Issue.record("Expected schema violations, got \(result)")
+            return
+        }
+        let summary = ToolSchemaValidator.describe(violations, limit: 2)
+        #expect(summary.hasSuffix("; and \(violations.count - 2) more"))
+        #expect(!summary.contains("secret-value"))
+        #expect(!summary.contains("kelvin"))
+        #expect(ToolSchemaValidator.describe(violations, limit: -1) == "3 schema violations")
+    }
+
+    @Test("describe bounds a single adversarially long path")
+    func describeBoundsLongPaths() {
+        let key = String(repeating: "x", count: 2_048)
+        let result = ToolSchemaValidator.validate(
+            arguments: [key: .int(1)],
+            against: ["additionalProperties": false])
+        guard case .invalid(let violations) = result else {
+            Issue.record("Expected a schema violation, got \(result)")
+            return
+        }
+        let summary = ToolSchemaValidator.describe(violations)
+        #expect(summary.unicodeScalars.count == 512)
+        #expect(summary.hasSuffix("…"))
+    }
+
+    @Test("The processor rejects only a proven schema violation")
+    func processorProofBoundary() {
+        let invalid = ToolCallProcessor(
+            format: .json, tools: [tool("weather", parameters: weatherSchema)],
+            toolCallPolicy: .init(validation: .strict))
+        _ = invalid.processChunk(
+            #"<tool_call>{"name":"weather","arguments":{"city":"Paris","limit":"five"}}</tool_call>"#
+        )
+        #expect(invalid.toolCalls.isEmpty)
+        #expect(invalid.rejectedToolCalls.first?.reason == .invalidArguments)
+        #expect(invalid.rejectedToolCallCount == 1)
+
+        let uncertainSchema: [String: any Sendable] = [
+            "type": "object",
+            "properties": ["code": ["type": "string", "pattern": "^[0-9]+$"]],
+        ]
+        let uncertain = ToolCallProcessor(
+            format: .json, tools: [tool("submit", parameters: uncertainSchema)],
+            toolCallPolicy: .init(validation: .strict))
+        _ = uncertain.processChunk(
+            #"<tool_call>{"name":"submit","arguments":{"code":"abc"}}</tool_call>"#)
+        #expect(uncertain.toolCalls.map(\.function.name) == ["submit"])
+        #expect(uncertain.rejectedToolCalls.isEmpty)
+    }
+
+    @Test("A missing schema or tool declaration preserves existing fail-open behavior")
+    func absentSchemaPasses() {
+        #expect(
+            ToolSchemaValidator.validate(arguments: ["x": .int(1)], against: nil) == .valid)
+
+        let withoutParameters = ToolCallProcessor(
+            format: .json, tools: [tool("free_form")])
+        _ = withoutParameters.processChunk(
+            #"<tool_call>{"name":"free_form","arguments":{"anything":true}}</tool_call>"#)
+        #expect(withoutParameters.toolCalls.count == 1)
+
+        let withoutTools = ToolCallProcessor(format: .json)
+        _ = withoutTools.processChunk(
+            #"<tool_call>{"name":"any","arguments":{"x":"y"}}</tool_call>"#)
+        #expect(withoutTools.toolCalls.count == 1)
+    }
+}
diff --git a/Tests/MLXLMTests/XMLFunctionParserStrictnessTests.swift b/Tests/MLXLMTests/XMLFunctionParserStrictnessTests.swift
new file mode 100644
index 0000000..ce8fc33
--- /dev/null
+++ b/Tests/MLXLMTests/XMLFunctionParserStrictnessTests.swift
@@ -0,0 +1,396 @@
+// Copyright © 2026 Apple Inc.
+
+import Foundation
+import MLXLMCommon
+import Testing
+
+/// Structural strictness of the native `.xmlFunction` protocol.
+///
+/// `XMLFunctionParser` previously accepted a structurally degraded payload and
+/// returned a call with silently missing arguments. The only thing preventing
+/// execution was schema-level required-argument validation, so a tool whose
+/// schema omitted `required` could be invoked with no arguments at all from a
+/// truncated frame. These tests pin the parser to the shared
+/// `QwenXMLPayloadScanner` grammar and deliberately declare **no** `required`
+/// list, so structural validity alone must carry the rejection.
+struct XMLFunctionParserStrictnessTests {
+
+    private let parser = XMLFunctionParser(startTag: "<tool_call>", endTag: "</tool_call>")
+
+    /// Schemas without a `required` list: required-argument validation cannot
+    /// mask a structural parser flaw here.
+    private func toolSchemas(_ names: String...) -> [[String: any Sendable]] {
+        names.map { name in
+            ["function": ["name": name] as [String: any Sendable]]
+        }
+    }
+
+    // MARK: - Structural rejection
+
+    @Test("An unclosed <parameter> never becomes a call")
+    func unclosedParameterIsRejected() {
+        let payloads = [
+            "<function=weather><parameter=city>Paris</function>",
+            "<tool_call><function=weather><parameter=city>Paris</function></tool_call>",
+            """
+            <tool_call>
+            <function=weather>
+            <parameter=city>Paris
+            </function>
+            </tool_call>
+            """,
+            // First parameter closes, second does not: partial success is still
+            // a structurally invalid payload.
+            "<function=weather><parameter=city>Paris</parameter><parameter=unit>c</function>",
+        ]
+
+        for payload in payloads {
+            #expect(
+                parser.parse(content: payload, tools: nil) == nil,
+                "expected structural rejection of: \(payload)")
+        }
+    }
+
+    @Test("A missing </function> never becomes a call")
+    func missingFunctionCloseIsRejected() {
+        let payloads = [
+            "<function=weather>",
+            "<function=weather><parameter=city>Paris</parameter>",
+            "<tool_call><function=weather><parameter=city>Paris</parameter></tool_call>",
+        ]
+
+        for payload in payloads {
+            #expect(
+                parser.parse(content: payload, tools: nil) == nil,
+                "expected structural rejection of: \(payload)")
+        }
+    }
+
+    @Test("Malformed function and parameter names never become a call")
+    func malformedNamesAreRejected() {
+        let payloads = [
+            "<function=><parameter=city>Paris</parameter></function>",
+            "<function=get weather><parameter=city>Paris</parameter></function>",
+            "<function=weather><parameter=>Paris</parameter></function>",
+        ]
+
+        for payload in payloads {
+            #expect(
+                parser.parse(content: payload, tools: nil) == nil,
+                "expected structural rejection of: \(payload)")
+        }
+    }
+
+    @Test("Content beyond the payload is never silently discarded")
+    func trailingContentIsRejected() {
+        let payloads = [
+            // A second call in one frame must not silently collapse to the first.
+            "<function=a><parameter=x>1</parameter></function><function=b></function>",
+            "<function=weather></function>trailing text",
+            // A complete frame followed by text: the streaming processor splits
+            // this, so a direct parse must not quietly drop the remainder.
+            "<tool_call><function=weather></function></tool_call>trailing",
+        ]
+
+        for payload in payloads {
+            #expect(
+                parser.parse(content: payload, tools: nil) == nil,
+                "expected rejection of payload with trailing content: \(payload)")
+        }
+    }
+
+    // MARK: - Literal markers inside values are data
+
+    @Test("A literal </function> inside a parameter value is preserved")
+    func literalFunctionCloseIsPreserved() throws {
+        let content = """
+            <tool_call>
+            <function=weather>
+            <parameter=city>
+            literal </function> text
+            </parameter>
+            </function>
+            </tool_call>
+            """
+
+        let call = try #require(parser.parse(content: content, tools: nil))
+
+        #expect(call.function.name == "weather")
+        #expect(call.function.arguments["city"] == .string("literal </function> text"))
+    }
+
+    @Test("A literal </tool_call> inside a parameter value is preserved")
+    func literalFrameCloseIsPreserved() throws {
+        let content =
+            "<tool_call><function=weather><parameter=city>a</tool_call>b</parameter>"
+            + "</function></tool_call>"
+
+        let call = try #require(parser.parse(content: content, tools: nil))
+
+        #expect(call.function.arguments["city"] == .string("a</tool_call>b"))
+    }
+
+    // MARK: - Canonical payloads keep working
+
+    @Test("Canonical payloads still parse unchanged")
+    func canonicalPayloadsStillParse() throws {
+        let unframed = try #require(
+            parser.parse(
+                content:
+                    "<function=get_weather><parameter=location>Tokyo</parameter>"
+                    + "<parameter=unit>celsius</parameter></function>",
+                tools: nil))
+        #expect(unframed.function.name == "get_weather")
+        #expect(unframed.function.arguments["location"] == .string("Tokyo"))
+        #expect(unframed.function.arguments["unit"] == .string("celsius"))
+
+        let framedMultiline = try #require(
+            parser.parse(
+                content: """
+                    <tool_call>
+                    <function=get_current_datetime>
+                    </function>
+                    </tool_call>
+                    """,
+                tools: nil))
+        #expect(framedMultiline.function.name == "get_current_datetime")
+        #expect(framedMultiline.function.arguments.isEmpty)
+
+        let multilineValue = try #require(
+            parser.parse(
+                content: """
+                    <function=get_weather>
+                    <parameter=location>
+                    Tokyo
+                    </parameter>
+                    </function>
+                    """,
+                tools: nil))
+        #expect(multilineValue.function.arguments["location"] == .string("Tokyo"))
+    }
+
+    @Test("Schema-driven type conversion is unchanged")
+    func typeConversionIsUnchanged() throws {
+        let tools: [[String: any Sendable]] = [
+            [
+                "function": [
+                    "name": "search",
+                    "parameters": [
+                        "properties": [
+                            "page": ["type": "integer"],
+                            "filters": ["type": "object"],
+                        ]
+                    ],
+                ] as [String: any Sendable]
+            ]
+        ]
+        let content =
+            "<tool_call><function=search><parameter=page>1</parameter>"
+            + #"<parameter=filters>{"archived": false, "limit": 1}</parameter></function></tool_call>"#
+
+        let call = try #require(parser.parse(content: content, tools: tools))
+
+        #expect(call.function.arguments["page"] == .int(1))
+        #expect(
+            call.function.arguments["filters"]
+                == .object(["archived": .bool(false), "limit": .int(1)]))
+    }
+
+    // MARK: - End-to-end through ToolCallProcessor
+
+    @Test("Native XML rejects an unclosed parameter at EOS")
+    func nativeXMLRejectsUnclosedParameterAtEOS() {
+        let processor = ToolCallProcessor(
+            format: .xmlFunction,
+            tools: toolSchemas("weather"))
+
+        _ = processor.processChunk(
+            "<tool_call><function=weather><parameter=city>Paris</function></tool_call>")
+        processor.processEOS()
+
+        #expect(processor.toolCalls.isEmpty)
+        #expect(processor.rejectedToolCalls.count == 1)
+    }
+
+    @Test("A truncated frame is rejected at every chunk boundary")
+    func truncatedFrameRejectedAtEveryChunkBoundary() {
+        let payload = """
+            <tool_call>
+            <function=weather>
+            <parameter=city>Paris
+            </function>
+            </tool_call>
+            """
+
+        for splitOffset in 0 ... payload.count {
+            let split = payload.index(payload.startIndex, offsetBy: splitOffset)
+            let processor = ToolCallProcessor(
+                format: .xmlFunction,
+                tools: toolSchemas("weather"))
+
+            _ = processor.processChunk(String(payload[..<split]))
+            _ = processor.processChunk(String(payload[split...]))
+            processor.processEOS()
+
+            #expect(
+                processor.toolCalls.isEmpty,
+                "executed a truncated frame when split at \(splitOffset)")
+            #expect(
+                processor.rejectedToolCalls.count == 1,
+                "expected exactly one rejection when split at \(splitOffset)")
+        }
+    }
+
+    @Test("A canonical call still executes at every chunk boundary")
+    func canonicalCallExecutesAtEveryChunkBoundary() throws {
+        let payload = """
+            <tool_call>
+            <function=weather>
+            <parameter=city>
+            Paris
+            </parameter>
+            </function>
+            </tool_call>
+            """
+
+        for splitOffset in 0 ... payload.count {
+            let split = payload.index(payload.startIndex, offsetBy: splitOffset)
+            let processor = ToolCallProcessor(
+                format: .xmlFunction,
+                tools: toolSchemas("weather"))
+
+            _ = processor.processChunk(String(payload[..<split]))
+            _ = processor.processChunk(String(payload[split...]))
+            processor.processEOS()
+
+            #expect(
+                processor.rejectedToolCalls.isEmpty,
+                "rejected a canonical call when split at \(splitOffset)")
+            #expect(
+                processor.toolCalls.count == 1,
+                "lost a canonical call when split at \(splitOffset)")
+            let call = try #require(processor.toolCalls.first)
+            #expect(call.function.name == "weather")
+            #expect(
+                call.function.arguments["city"] == .string("Paris"),
+                "dropped arguments when split at \(splitOffset)")
+        }
+    }
+
+    @Test("A literal </function> argument survives streaming at every chunk boundary")
+    func literalFunctionCloseSurvivesStreaming() throws {
+        let payload = """
+            <tool_call>
+            <function=weather>
+            <parameter=city>
+            literal </function> text
+            </parameter>
+            </function>
+            </tool_call>
+            """
+
+        for splitOffset in 0 ... payload.count {
+            let split = payload.index(payload.startIndex, offsetBy: splitOffset)
+            let processor = ToolCallProcessor(
+                format: .xmlFunction,
+                tools: toolSchemas("weather"))
+
+            _ = processor.processChunk(String(payload[..<split]))
+            _ = processor.processChunk(String(payload[split...]))
+            processor.processEOS()
+
+            #expect(
+                processor.toolCalls.count == 1,
+                "lost the call when split at \(splitOffset)")
+            let call = try #require(processor.toolCalls.first)
+            #expect(
+                call.function.arguments["city"] == .string("literal </function> text"),
+                "corrupted the argument when split at \(splitOffset)")
+        }
+    }
+
+    @Test("Text following a canonical call is still emitted")
+    func trailingTextAfterCallIsPreserved() {
+        let processor = ToolCallProcessor(
+            format: .xmlFunction,
+            tools: toolSchemas("weather"))
+
+        var response = ""
+        response +=
+            processor.processChunk(
+                "<tool_call><function=weather><parameter=city>Paris</parameter>"
+                    + "</function></tool_call>done") ?? ""
+        response += processor.processEOS(returnBufferedText: true) ?? ""
+
+        #expect(processor.toolCalls.count == 1)
+        #expect(processor.rejectedToolCalls.isEmpty)
+        #expect(response.contains("done"))
+    }
+
+    @Test("Consecutive canonical calls are all executed")
+    func consecutiveCallsAreExecuted() {
+        let processor = ToolCallProcessor(
+            format: .xmlFunction,
+            tools: toolSchemas("weather", "clock"))
+
+        _ = processor.processChunk(
+            "<tool_call><function=weather><parameter=city>Paris</parameter></function></tool_call>"
+                + "<tool_call><function=clock></function></tool_call>")
+        processor.processEOS()
+
+        #expect(processor.rejectedToolCalls.isEmpty)
+        #expect(processor.toolCalls.map(\.function.name) == ["weather", "clock"])
+    }
+
+    // MARK: - Cross-parser parity
+
+    @Test("Both Qwen XML dialect parsers agree on structural validity")
+    func dialectParsersAgree() {
+        let qwen35 = Qwen35ToolCallParser(startTag: "<tool_call>", endTag: "</tool_call>")
+        let tools = toolSchemas("weather")
+
+        let malformed = [
+            "<tool_call><function=weather><parameter=city>Paris</function></tool_call>",
+            "<tool_call><function=weather><parameter=city>Paris</parameter></tool_call>",
+            "<tool_call><function=></function></tool_call>",
+        ]
+        for payload in malformed {
+            #expect(parser.parse(content: payload, tools: tools) == nil, "xmlFunction: \(payload)")
+            #expect(qwen35.parse(content: payload, tools: tools) == nil, "qwen35: \(payload)")
+        }
+
+        let canonical =
+            "<tool_call><function=weather><parameter=city>Paris</parameter></function></tool_call>"
+        #expect(parser.parse(content: canonical, tools: tools) != nil)
+        #expect(qwen35.parse(content: canonical, tools: tools) != nil)
+    }
+
+    /// Before this fix the schema's `required` list was the only defense: the
+    /// same truncated frame was executed as `weather()` without one and
+    /// rejected with one. Both must now be rejected structurally.
+    @Test("Rejection no longer depends on a declared required list")
+    func rejectionIsIndependentOfRequiredList() {
+        let withoutRequired: [[String: any Sendable]] = toolSchemas("weather")
+        let withRequired: [[String: any Sendable]] = [
+            [
+                "function": [
+                    "name": "weather",
+                    "parameters": [
+                        "type": "object",
+                        "required": ["city"],
+                    ] as [String: any Sendable],
+                ] as [String: any Sendable]
+            ]
+        ]
+
+        for tools in [withoutRequired, withRequired] {
+            let processor = ToolCallProcessor(format: .xmlFunction, tools: tools)
+            _ = processor.processChunk(
+                "<tool_call><function=weather><parameter=city>Paris</function></tool_call>")
+            processor.processEOS()
+
+            #expect(processor.toolCalls.isEmpty)
+            #expect(processor.rejectedToolCalls.count == 1)
+        }
+    }
+}
diff --git a/skills/mlx-swift-lm/references/tool-calling.md b/skills/mlx-swift-lm/references/tool-calling.md
index afa9e86..4f54cc6 100644
--- a/skills/mlx-swift-lm/references/tool-calling.md
+++ b/skills/mlx-swift-lm/references/tool-calling.md
@@ -185,6 +185,29 @@ let processor = ToolCallProcessor(
 )
 ```
 
+### Schema Validation
+
+When you supply tool schemas, the processor checks calls before dispatch:
+
+1. The function name must be in the declared tools.
+2. With `toolCallPolicy: .init(validation: .strict)`, arguments must not
+   definitively violate the tool's `parameters` schema. The default is
+   `.permissive`, which leaves schema validation to the application.
+
+A call that fails a check is not dispatched. It is reported as a
+`RejectedToolCall` with the reason `undeclaredTool` or `invalidArguments`.
+The `detail` of a schema violation says where the problem is and what the
+schema requires, for example `arguments.limit must be an integer`.
+
+The package validates the JSON Schema keywords that tool declarations commonly use:
+`type`, `properties`, `required`, `additionalProperties`, `items`,
+`minItems`, `maxItems`, `uniqueItems`, `minLength`, `maxLength`, `minimum`,
+`maximum`, `exclusiveMinimum`, `exclusiveMaximum`, `enum`, `const`, `anyOf`,
+`oneOf`, and `allOf`. Validation is conservative: an unsupported assertion such
+as `pattern` or `$ref` makes the result uncertain and cannot reject a call on
+its own. A tool without a `parameters` schema accepts all arguments. Without
+tool declarations, all parsed calls pass.
+
 ## Format Resolution
 
 When a model is loaded, the factories resolve the format in this order:

commit 604fae710a4e3324346fc59e3845952350acd4b7
Author: Alessio Pollero <alessio.pollero@gmail.com>
Date:   Fri Sep 11 07:52:23 2026 +0400

    RotatingKVCache: make trim wrap-aware instead of corrupting the ring (#584)
    
    RotatingKVCache: make trim wrap-aware instead of corrupting the ring
    
    Speculative decoding rewinds rejected drafts by trimming, but trimming a wrapped ring previously left dead rows in the logical timeline. Trimming now linearizes the ring to temporal order and discards the newest rows, clamped to the non-pinned span.
    
    • Direct callers (speculative iterators): Accept documented, bounded window-edge loss rather than silent corruption when overwrites have occurred.
    • Exact callers (isTrimmable): Retain strict offset + positions < maxSize semantics for staged rounds, restore points, and prompt cache reuse.
    • State & layout: Decouple offset == fill by tracking live rows via idx and an explicit wrapped flag (serialized as a 7th metaState value; backward-compatible with 5/6-value legacy states).
    • Includes a fix for rotating cache trim following legacy restore.

diff --git a/Libraries/MLXLMCommon/KVCache.swift b/Libraries/MLXLMCommon/KVCache.swift
index 6d78b45..42dd2f0 100644
--- a/Libraries/MLXLMCommon/KVCache.swift
+++ b/Libraries/MLXLMCommon/KVCache.swift
@@ -568,6 +568,17 @@ public class RotatingKVCache: BaseKVCache, CustomDebugStringConvertible {
     private var step: Int
     private var idx: Int = 0
 
+    /// In ring layout all rows are live, with `idx...` preceding `keep ..< idx`.
+    /// At the end of the buffer the ring is already in temporal order. Otherwise,
+    /// temporal layout holds only the first `idx` rows, even when `offset` is larger.
+    /// `nil` defers legacy inference until arrays and metadata have both been restored.
+    /// Every write or trim resolves it before changing either buffers or counters.
+    private var wrappedFlag: Bool? = false
+
+    private var wrapped: Bool {
+        wrappedFlag ?? (idx < (keys?.dim(2) ?? 0) && offset > idx)
+    }
+
     /// Model-native sliding-window caches deliberately keep their architectural
     /// window and do not participate in requested-capacity validation.
     package var capacityOrigin = CapacityOrigin.modelNative
@@ -607,10 +618,13 @@ public class RotatingKVCache: BaseKVCache, CustomDebugStringConvertible {
     }
 
     private func temporalOrder(_ array: MLXArray) -> MLXArray {
-        // Rearrange the cache into temporal order, slicing off the end if unused
+        // Rearrange the cache into temporal order, slicing off the end if unused.
+        // `idx` bounds the live rows: after a post-wrap trim the logical `offset`
+        // exceeds the rows actually held, so the layout question is `wrapped`,
+        // never an `idx`/`offset` comparison.
         if idx == array.dim(2) {
             return array
-        } else if idx < offset {
+        } else if wrapped {
             return concatenated(
                 [
                     array[.ellipsis, ..<keep, 0...],
@@ -694,6 +708,7 @@ public class RotatingKVCache: BaseKVCache, CustomDebugStringConvertible {
 
         offset += keys.dim(2)
         idx = self.keys!.dim(2)
+        wrappedFlag = false
 
         return (self.keys!, self.values!)
     }
@@ -704,13 +719,13 @@ public class RotatingKVCache: BaseKVCache, CustomDebugStringConvertible {
         let S = keys.dim(2)
         let kHeadDim = keys.dim(3)
         let vHeadDim = values.dim(3)
-        let prev = offset
 
-        // May not have hit the max size yet, so potentially keep growing the cache
-        if self.keys == nil
-            || (prev >= self.keys!.dim(2) && self.keys!.dim(2) < maxCacheSize)
-        {
-            let newSize = min(step, maxCacheSize - prev)
+        // May not have hit the max size yet, so potentially keep growing the cache.
+        // Fill is tracked by `idx`, not `offset`: after a post-wrap trim the logical
+        // offset exceeds the rows actually held, and growth must resume from the rows.
+        let filled = self.keys?.dim(2) ?? 0
+        if self.keys == nil || (!wrapped && idx >= filled && filled < maxCacheSize) {
+            let newSize = min(step, maxCacheSize - filled)
 
             let kShape = [B, nKVHeads, newSize, kHeadDim]
             let vShape = [B, nKVHeads, newSize, vHeadDim]
@@ -724,7 +739,6 @@ public class RotatingKVCache: BaseKVCache, CustomDebugStringConvertible {
                 self.keys = newK
                 self.values = newV
             }
-            idx = prev
         }
 
         // Trim if needed
@@ -738,6 +752,7 @@ public class RotatingKVCache: BaseKVCache, CustomDebugStringConvertible {
         // Rotate if we've hit the end
         if idx == maxCacheSize {
             idx = keep
+            wrappedFlag = true
         }
 
         // Assign
@@ -746,17 +761,19 @@ public class RotatingKVCache: BaseKVCache, CustomDebugStringConvertible {
         offset += S
         idx += S
 
-        // Return the appropriate cache slice
-        if offset < maxCacheSize {
+        // Return the appropriate cache slice: live rows are bounded by `idx` in
+        // temporal layout, while a wrapped ring is fully live.
+        if !wrapped, idx < self.keys!.dim(2) {
             return (
-                self.keys![.ellipsis, ..<offset, 0...],
-                self.values![.ellipsis, ..<offset, 0...]
+                self.keys![.ellipsis, ..<idx, 0...],
+                self.values![.ellipsis, ..<idx, 0...]
             )
         }
         return (self.keys!, self.values!)
     }
 
     public override func update(keys: MLXArray, values: MLXArray) -> (MLXArray, MLXArray) {
+        wrappedFlag = wrapped
         let result =
             if keys.dim(2) == 1 {
                 updateInPlace(keys: keys, values: values)
@@ -769,10 +786,10 @@ public class RotatingKVCache: BaseKVCache, CustomDebugStringConvertible {
     public override var state: [MLXArray] {
         get {
             guard let keys = self.keys, let values = self.values else { return [] }
-            if offset < keys.dim(2) {
+            if !wrapped, idx < keys.dim(2) {
                 return [
-                    keys[.ellipsis, ..<offset, 0...],
-                    values[.ellipsis, ..<offset, 0...],
+                    keys[.ellipsis, ..<idx, 0...],
+                    values[.ellipsis, ..<idx, 0...],
                 ]
             } else {
                 return [keys, values]
@@ -793,12 +810,12 @@ public class RotatingKVCache: BaseKVCache, CustomDebugStringConvertible {
         get {
             return [
                 String(keep), String(maxCacheSize), String(step), String(offset), String(idx),
-                capacityOrigin.rawValue,
+                capacityOrigin.rawValue, String(wrapped),
             ]
         }
         set {
-            guard newValue.count == 5 || newValue.count == 6 else {
-                fatalError("RotatingKVCache metaState must have 5 or 6 values")
+            guard (5 ... 7).contains(newValue.count) else {
+                fatalError("RotatingKVCache metaState must have 5 to 7 values")
             }
             guard let keepVal = Int(newValue[0]),
                 let stepVal = Int(newValue[2]),
@@ -820,7 +837,7 @@ public class RotatingKVCache: BaseKVCache, CustomDebugStringConvertible {
             self.step = stepVal
             self.offset = offsetVal
             self.idx = idxVal
-            if newValue.count == 6 {
+            if newValue.count >= 6 {
                 guard let origin = CapacityOrigin(rawValue: newValue[5]) else {
                     fatalError("Invalid RotatingKVCache capacity origin '\(newValue[5])'")
                 }
@@ -828,6 +845,16 @@ public class RotatingKVCache: BaseKVCache, CustomDebugStringConvertible {
             } else {
                 self.capacityOrigin = .modelNative
             }
+            if newValue.count == 7 {
+                guard let wrappedValue = Bool(newValue[6]) else {
+                    fatalError("Invalid RotatingKVCache wrapped flag '\(newValue[6])'")
+                }
+                self.wrappedFlag = wrappedValue
+            } else {
+                // Either setter may run first. Defer inference until the restored
+                // arrays are available, then freeze the layout before any mutation.
+                self.wrappedFlag = nil
+            }
         }
     }
 
@@ -836,14 +863,46 @@ public class RotatingKVCache: BaseKVCache, CustomDebugStringConvertible {
     }
 
     public override func isTrimmable(after positions: Int) -> Bool {
+        // This is the *exact rewind* predicate: past the window a trim is merely
+        // consistent (see `trim`), because rows the rewound writes overwrote are
+        // gone. Consumers that must undo writes exactly -- the staged-round and
+        // prompt-cache-reuse machinery -- key off this and fall back to staging,
+        // snapshots, or a rebuild once it turns false.
         offset + positions < maxCacheSize
     }
 
+    /// Rewind the newest `n` positions.
+    ///
+    /// Before the ring wraps this is exact bookkeeping. After it wraps, the ring is
+    /// linearized and the newest rows are cut: the cache stays consistent and the
+    /// logical offset rewinds, but rows the rewound writes overwrote at the old edge
+    /// of the window cannot come back, so the window is up to `n` rows short until
+    /// it refills. Callers that need an exact rewind must gate on
+    /// ``isTrimmable(after:)`` instead of calling this unconditionally.
+    /// Once older rows have been evicted, trimming stops at the pinned `keep` prefix.
     @discardableResult
     public override func trim(_ n: Int) -> Int {
-        let trimmed = min(offset, n)
+        guard n > 0, let keys, let values else { return 0 }
+        wrappedFlag = wrapped
+        let live = wrapped ? keys.dim(2) : idx
+        // A gap between history and live rows means eviction has occurred. Preserve
+        // the pinned prefix regardless of layout, including after repeated trims.
+        // Without a gap, an exact rewind can still remove any of the original rows.
+        let minimum = offset > live ? Swift.min(keep, live) : 0
+        let trimmed = Swift.min(n, live - minimum)
+        guard trimmed > 0 else { return 0 }
+        let bound = live - trimmed
+
+        if wrapped || keys.dim(2) > maxCacheSize {
+            // Linearize a ring before cutting its newest rows. Also shrink oversized
+            // prefill buffers: the next single-token write compacts those buffers to
+            // maxCacheSize and must not treat a discarded suffix as live history.
+            self.keys = temporalOrder(keys)[.ellipsis, ..<bound, 0...]
+            self.values = temporalOrder(values)[.ellipsis, ..<bound, 0...]
+        }
+        idx = bound
         offset -= trimmed
-        idx -= trimmed
+        wrappedFlag = false
         return trimmed
     }
 
@@ -852,9 +911,12 @@ public class RotatingKVCache: BaseKVCache, CustomDebugStringConvertible {
         n: Int, windowSize: Int?, returnArray: Bool
     ) -> MLXFast.ScaledDotProductAttentionMaskMode {
         if n > 1 {
-            // Multi-token case
+            // Multi-token case. The mask must span the rows the write will present:
+            // in temporal layout that is the live rows (`idx`), which fall below the
+            // logical offset after a post-wrap trim.
             let actualWindowSize = windowSize ?? maxCacheSize
-            let cappedOffset = min(maxCacheSize - 1, offset)
+            let liveRows = wrapped ? maxCacheSize : idx
+            let cappedOffset = min(maxCacheSize - 1, liveRows)
 
             // Decide if we need an array mask
             if cappedOffset + n > actualWindowSize || returnArray {
@@ -875,7 +937,7 @@ public class RotatingKVCache: BaseKVCache, CustomDebugStringConvertible {
                     currentIdx = 0
                 }
 
-                let maskSize = offset < maxCacheSize ? offset + 1 : maxCacheSize
+                let maskSize = (!wrapped && idx < maxCacheSize) ? idx + 1 : maxCacheSize
                 let mask = MLXArray(0 ..< Int32(maskSize)) .>= Int32(maskSize - windowSize)
 
                 // Roll the mask to account for rotation
@@ -888,7 +950,7 @@ public class RotatingKVCache: BaseKVCache, CustomDebugStringConvertible {
     }
 
     public var debugDescription: String {
-        "\(String(describing: Self.self)) offset: \(offset), maxSize: \(maxCacheSize.description), keep: \(keep), idx: \(idx)"
+        "\(String(describing: Self.self)) offset: \(offset), maxSize: \(maxCacheSize.description), keep: \(keep), idx: \(idx), wrapped: \(wrapped)"
     }
 
     public override func copy() -> any KVCache {
@@ -2071,9 +2133,9 @@ private func restoreCacheFromMetaState(
     case "RotatingKVCache":
         try validatePromptCache(
             className: className, state: state, stateCounts: [0, 2],
-            metadata: metaState, metadataCounts: [5, 6])
+            metadata: metaState, metadataCounts: [5, 6, 7])
         let values = try promptCacheIntegers(metaState.prefix(5), className: className)
-        if metaState.count == 6,
+        if metaState.count >= 6,
             RotatingKVCache.CapacityOrigin(rawValue: metaState[5]) == nil
         {
             throw KVCacheError(
@@ -2081,6 +2143,12 @@ private func restoreCacheFromMetaState(
                     "Corrupt prompt cache: invalid RotatingKVCache capacity origin '\(metaState[5])'."
             )
         }
+        if metaState.count == 7, Bool(metaState[6]) == nil {
+            throw KVCacheError(
+                message:
+                    "Corrupt prompt cache: invalid RotatingKVCache wrapped flag '\(metaState[6])'."
+            )
+        }
 
         let cache = RotatingKVCache(maxSize: values[1])
         if !state.isEmpty {
diff --git a/Tests/MLXLMTests/KVCacheTests.swift b/Tests/MLXLMTests/KVCacheTests.swift
index c3a14db..5d4c303 100644
--- a/Tests/MLXLMTests/KVCacheTests.swift
+++ b/Tests/MLXLMTests/KVCacheTests.swift
@@ -160,6 +160,9 @@ private final class ProtocolDefaultTrimmabilityCache: KVCache {
 }
 
 @Test func testRotatingKVCacheIsNotTrimmableAtOrPastWindow() {
+    // `isTrimmable` is the *exact rewind* predicate. Past the window a trim is
+    // merely consistent (the window loses its oldest rows), so this must stay
+    // false to keep the staged-round and prompt-cache-reuse machinery exact.
     let cache = RotatingKVCache(maxSize: 8)
 
     cache.offset = 8
@@ -630,7 +633,9 @@ func testCacheSerialization(creator: (() -> any KVCache)) async throws {
     let rotating = try #require(restored.first as? RotatingKVCache)
 
     #expect(rotating.capacityOrigin == .modelNative)
-    #expect(rotating.metaState == ["0", "32", "256", "1", "1", "modelNative"])
+    // Legacy metadata has no wrapped flag; the restored cache derives it (an
+    // unwrapped layout here) and re-serializes with the flag appended.
+    #expect(rotating.metaState == ["0", "32", "256", "1", "1", "modelNative", "false"])
 }
 
 @Test func testPromptCacheRoundTripPreservesEmptyCaches() throws {
@@ -2078,3 +2083,411 @@ private func fillOneAtATime(_ cache: RotatingKVCache, positions: Range<Int>) {
     #expect(varn.sinkhornIterations == 8)
     #expect(varn.compressionStart == 8)
 }
+
+// MARK: - RotatingKVCache wrap-aware trim
+//
+// Trimming a wrapped ring used to silently corrupt it (the ring invariants cannot
+// express a hole in the timeline). A wrapped trim now linearizes the ring to temporal
+// order and cuts the newest rows: consistent and clamped, though not exact -- rows the
+// rewound writes overwrote at the old edge of the window cannot come back, which is why
+// `isTrimmable` stays false past the window for the exact-rewind machinery. Every
+// consumer of the buffer (writes, masks, state) now bounds live rows by `idx` instead
+// of assuming the logical `offset` still equals the fill.
+
+@Test func testRotatingTrimAfterWrapCutsNewestAndKeepsChronology() throws {
+    let cache = RotatingKVCache(maxSize: 8, keep: 0)
+    fillOneAtATime(cache, positions: 0 ..< 20)  // wrapped ring holding 12 ..< 20
+
+    let trimmed = cache.trim(3)  // rewind 17, 18, 19
+
+    #expect(trimmed == 3)
+    #expect(cache.offset == 17)
+    let view = try #require(cache.logicalView(tail: 8))
+    #expect(encodedPositions(view.0) == Array(12 ..< 17), "trim did not cut the newest rows")
+    #expect(encodedPositions(view.1).map { -$0 } == Array(12 ..< 17), "values diverged from keys")
+}
+
+@Test func testRotatingTrimAfterWrapClampsToNonPinnedSpan() throws {
+    let cache = RotatingKVCache(maxSize: 8, keep: 2)
+    fillOneAtATime(cache, positions: 0 ..< 13)  // pinned [0, 1], ring holds 7 ..< 13
+
+    let trimmed = cache.trim(100)
+
+    #expect(trimmed == 6, "the pinned prefix must bound the cut")
+    #expect(cache.offset == 7)
+    let view = try #require(cache.logicalView(tail: 8))
+    #expect(encodedPositions(view.0) == [0, 1], "the pinned prefix must survive a maximal trim")
+}
+
+@Test func testRotatingSingleTokenRegrowthAfterWrapTrimPresentsOnlyLiveRows() throws {
+    let cache = RotatingKVCache(maxSize: 8, keep: 0)
+    fillOneAtATime(cache, positions: 0 ..< 20)
+    cache.trim(3)  // holds 12 ..< 17
+
+    // The buffer regrows from 5 rows; the presentation must never include the
+    // freshly allocated (dead) rows.
+    let (k, v) = positionedKV(17 ..< 18)
+    let presented = cache.update(keys: k, values: v)
+    #expect(encodedPositions(presented.0) == Array(12 ..< 18))
+    #expect(cache.offset == 18)
+
+    // Refill through the rotation boundary and verify chronology survives re-wrapping.
+    fillOneAtATime(cache, positions: 18 ..< 25)
+    #expect(cache.offset == 25)
+    let view = try #require(cache.logicalView(tail: 8))
+    #expect(encodedPositions(view.0) == Array(17 ..< 25))
+}
+
+@Test func testRotatingMultiTokenWriteAfterWrapTrimStaysChronological() throws {
+    let cache = RotatingKVCache(maxSize: 8, keep: 0)
+    fillOneAtATime(cache, positions: 0 ..< 20)
+    cache.trim(3)  // holds 12 ..< 17
+
+    // The speculative verify shape: a multi-token write straight after a rewind.
+    let (k, v) = positionedKV(17 ..< 21)
+    let presented = cache.update(keys: k, values: v)
+    #expect(encodedPositions(presented.0) == Array(12 ..< 21))
+    #expect(cache.offset == 21)
+
+    fillOneAtATime(cache, positions: 21 ..< 24)
+    let view = try #require(cache.logicalView(tail: 8))
+    #expect(encodedPositions(view.0) == Array(16 ..< 24))
+}
+
+@Test func testRotatingRepeatedTrimAfterWrapTakesTemporalPath() throws {
+    let cache = RotatingKVCache(maxSize: 8, keep: 0)
+    fillOneAtATime(cache, positions: 0 ..< 20)
+
+    #expect(cache.trim(2) == 2)  // ring path: holds 12 ..< 18
+    #expect(cache.trim(2) == 2)  // temporal path: holds 12 ..< 16
+
+    #expect(cache.offset == 16)
+    let view = try #require(cache.logicalView(tail: 8))
+    #expect(encodedPositions(view.0) == Array(12 ..< 16))
+}
+
+@Test func testRotatingWrapTrimSurvivesCopyAndMetaStateRoundTrip() throws {
+    let cache = RotatingKVCache(maxSize: 8, keep: 0)
+    fillOneAtATime(cache, positions: 0 ..< 20)
+
+    let copied = try #require(cache.copy() as? RotatingKVCache)
+    #expect(copied.trim(3) == 3)
+    let view = try #require(copied.logicalView(tail: 8))
+    #expect(encodedPositions(view.0) == Array(12 ..< 17))
+    #expect(cache.offset == 20, "trimming the copy must not touch the original")
+}
+
+@Test func testRotatingLegacyMetaStateDerivesRingLayout() throws {
+    let cache = RotatingKVCache(maxSize: 8, keep: 0)
+    fillOneAtATime(cache, positions: 0 ..< 20)
+
+    // A cache saved before the wrapped flag existed has 6 metaState values; the
+    // ring layout must be derived, not assumed away.
+    let legacyMetaState = Array(cache.metaState.dropLast())
+    #expect(legacyMetaState.count == 6)
+
+    let restored = RotatingKVCache(maxSize: 8, keep: 0)
+    restored.state = cache.state.map { $0[.ellipsis] }
+    restored.metaState = legacyMetaState
+
+    let view = try #require(restored.logicalView(tail: 8))
+    #expect(encodedPositions(view.0) == Array(12 ..< 20), "legacy restore lost the ring layout")
+    #expect(restored.trim(3) == 3)
+    let trimmedView = try #require(restored.logicalView(tail: 8))
+    #expect(encodedPositions(trimmedView.0) == Array(12 ..< 17))
+}
+
+@Test(arguments: [5, 6, 7])
+func testRotatingRestoredTrimAtRingBoundary(metadataCount: Int) throws {
+    let source = RotatingKVCache(maxSize: 8)
+    fillOneAtATime(source, positions: 0 ..< 16)
+
+    let restored = RotatingKVCache(maxSize: 8)
+    restored.state = source.state.map { $0[.ellipsis] }
+    restored.metaState = Array(source.metaState.prefix(metadataCount))
+
+    #expect(restored.trim(3) == 3)
+    #expect(restored.offset == 13)
+    let view = try #require(restored.logicalView(tail: 8))
+    #expect(encodedPositions(view.0) == Array(8 ..< 13))
+    #expect(encodedPositions(view.1) == Array(8 ..< 13).map { -$0 })
+    #expect(restored.state.allSatisfy { $0.dim(2) == 5 })
+}
+
+@Test(arguments: [5, 6, 7])
+func testRotatingRestoredTrimKeepsKeysAndValuesAligned(metadataCount: Int) throws {
+    let source = RotatingKVCache(maxSize: 8)
+    fillOneAtATime(source, positions: 0 ..< 20)
+
+    let restored = RotatingKVCache(maxSize: 8)
+    restored.state = source.state.map { $0[.ellipsis] }
+    restored.metaState = Array(source.metaState.prefix(metadataCount))
+
+    // The shortened key buffer ends before the old write index. Its new shape
+    // must not change how the value buffer is ordered during the same trim.
+    #expect(restored.trim(5) == 5)
+    #expect(restored.offset == 15)
+    let view = try #require(restored.logicalView(tail: 8))
+    #expect(encodedPositions(view.0) == Array(12 ..< 15))
+    #expect(encodedPositions(view.1) == Array(12 ..< 15).map { -$0 })
+}
+
+private func expectRotatingContents(
+    _ cache: RotatingKVCache, _ positions: [Int],
+    sourceLocation: SourceLocation = #_sourceLocation
+) throws {
+    let view = try #require(cache.logicalView(tail: Int.max), sourceLocation: sourceLocation)
+    #expect(view.0.dim(2) == positions.count, sourceLocation: sourceLocation)
+    #expect(view.1.dim(2) == positions.count, sourceLocation: sourceLocation)
+    #expect(
+        cache.state.allSatisfy { $0.dim(2) == positions.count }, sourceLocation: sourceLocation)
+    // Empty MLX arrays need no host readback.
+    if !positions.isEmpty {
+        #expect(encodedPositions(view.0) == positions, sourceLocation: sourceLocation)
+        #expect(encodedPositions(view.1) == positions.map { -$0 }, sourceLocation: sourceLocation)
+    }
+}
+
+@Test(arguments: [5, 6, 7], [false, true])
+func testRotatingRestorationAcceptsEitherSetterOrder(
+    metadataCount: Int, metadataFirst: Bool
+) throws {
+    for count in [3, 8, 9, 16, 20] {
+        for prefill in [false, true] {
+            let source = RotatingKVCache(maxSize: 8, step: 4)
+            if prefill {
+                let (k, v) = positionedKV(0 ..< count)
+                _ = source.update(keys: k, values: v)
+            } else {
+                fillOneAtATime(source, positions: 0 ..< count)
+            }
+            let metadata = Array(source.metaState.prefix(metadataCount))
+            let arrays = source.state.map { $0[.ellipsis] }
+            // The saved capacity must replace the constructor's capacity before inference.
+            let restored = RotatingKVCache(maxSize: 1)
+            if metadataFirst {
+                restored.metaState = metadata
+                restored.state = arrays
+            } else {
+                restored.state = arrays
+                restored.metaState = metadata
+            }
+
+            let start = prefill ? 0 : max(0, count - 8)
+            try expectRotatingContents(restored, Array(start ..< count))
+            #expect(restored.trim(2) == 2)
+            #expect(restored.offset == count - 2)
+            try expectRotatingContents(restored, Array(start ..< (count - 2)))
+        }
+    }
+}
+
+@Test(arguments: [5, 6, 7], [false, true])
+func testRotatingRestoredShortChronologicalBufferCanGrow(
+    metadataCount: Int, metadataFirst: Bool
+) throws {
+    let source = RotatingKVCache(maxSize: 8)
+    fillOneAtATime(source, positions: 0 ..< 20)
+    // Legacy updateConcat could leave maxSize - 1 chronological rows when given
+    // an empty append. idx < maxSize && offset > idx cannot identify its layout.
+    let empty = positionedKV(20 ..< 20)
+    _ = source.update(keys: empty.0, values: empty.1)
+    try expectRotatingContents(source, Array(13 ..< 20))
+
+    let restored = RotatingKVCache(maxSize: 8)
+    let metadata = Array(source.metaState.prefix(metadataCount))
+    let arrays = source.state.map { $0[.ellipsis] }
+    if metadataFirst {
+        restored.metaState = metadata
+        restored.state = arrays
+    } else {
+        restored.state = arrays
+        restored.metaState = metadata
+    }
+    #expect(restored.metaState.last == "false")
+    fillOneAtATime(restored, positions: 20 ..< 21)
+    try expectRotatingContents(restored, Array(13 ..< 21))
+    #expect(restored.trim(3) == 3)
+    try expectRotatingContents(restored, Array(13 ..< 18))
+}
+
+@Test(arguments: [5, 6, 7], [13, 14, 20])
+func testRotatingRestoredTrimPreservesPinnedPrefix(metadataCount: Int, count: Int) throws {
+    let source = RotatingKVCache(maxSize: 8, keep: 2)
+    fillOneAtATime(source, positions: 0 ..< count)
+
+    for firstTrim in [3, 100] {
+        let restored = RotatingKVCache(maxSize: 8)
+        restored.state = source.state.map { $0[.ellipsis] }
+        restored.metaState = Array(source.metaState.prefix(metadataCount))
+        let removed = min(firstTrim, 6)
+        #expect(restored.trim(firstTrim) == removed)
+        try expectRotatingContents(
+            restored, [0, 1] + Array((count - 6) ..< (count - removed)))
+        // The second trim operates on temporal storage, even if the first used a ring.
+        #expect(restored.trim(100) == 6 - removed)
+        #expect(restored.trim(1) == 0)
+        #expect(restored.offset == count - 6)
+        try expectRotatingContents(restored, [0, 1])
+
+        let next = restored.offset
+        fillOneAtATime(restored, positions: next ..< (next + 8))
+        try expectRotatingContents(restored, [0, 1] + Array((next + 2) ..< (next + 8)))
+    }
+    try expectRotatingContents(source, [0, 1] + Array((count - 6) ..< count))
+}
+
+@Test(arguments: [1, 2, 5, 8])
+func testRotatingTrimBeforeEvictionCanRewindThroughPrefix(count: Int) throws {
+    let cache = RotatingKVCache(maxSize: 8, keep: 2)
+    fillOneAtATime(cache, positions: 0 ..< count)
+    let metadata = cache.metaState
+    #expect(cache.trim(0) == 0)
+    #expect(cache.trim(-1) == 0)
+    #expect(cache.metaState == metadata)
+    #expect(cache.trim(100) == count)
+    #expect(cache.offset == 0)
+    try expectRotatingContents(cache, [])
+    fillOneAtATime(cache, positions: 0 ..< 3)
+    try expectRotatingContents(cache, [0, 1, 2])
+}
+
+@Test(arguments: [0, 2], [1, 3])
+func testRotatingTrimOversizedPrefillThenResume(keep: Int, nextCount: Int) throws {
+    let cache = RotatingKVCache(maxSize: 8, keep: keep, step: 4)
+    fillOneAtATime(cache, positions: 0 ..< 20)
+    let (k, v) = positionedKV(20 ..< 23)
+    _ = cache.update(keys: k, values: v)  // ten chronological rows
+    #expect(cache.trim(5) == 5)
+    #expect(cache.offset == 18)
+    let prefix = Array(0 ..< keep)
+    try expectRotatingContents(cache, prefix + Array((13 + keep) ..< 18))
+
+    let mask = cache.makeMask(n: nextCount, windowSize: 8, returnArray: true)
+    let next = positionedKV(18 ..< (18 + nextCount))
+    let presented = cache.update(keys: next.0, values: next.1)
+    let expected = prefix + Array((13 + keep) ..< (18 + nextCount))
+    #expect(encodedPositions(presented.0) == expected)
+    #expect(encodedPositions(presented.1) == expected.map { -$0 })
+    if case .array(let array) = mask {
+        #expect(array.dim(-1) == presented.0.dim(2))
+    }
+    fillOneAtATime(cache, positions: (18 + nextCount) ..< 30)
+    try expectRotatingContents(cache, prefix + Array((22 + keep) ..< 30))
+}
+
+@Test(arguments: [5, 6, 7])
+func testRotatingTrimSurvivesPromptCachePersistenceAndCopy(metadataCount: Int) throws {
+    let source = RotatingKVCache(maxSize: 8)
+    fillOneAtATime(source, positions: 0 ..< 16)
+    let url = tempURL()
+    let legacyURL = tempURL()
+    let roundTripURL = tempURL()
+    defer {
+        for file in [url, legacyURL, roundTripURL] {
+            try? FileManager.default.removeItem(at: file)
+        }
+    }
+    try savePromptCache(url: url, cache: [source])
+    // Exercise the real file loader with each historical metadata format.
+    let (arrays, savedMetadata) = try loadArraysAndMetadata(url: url)
+    var metadata = savedMetadata
+    for index in metadataCount ..< 7 {
+        metadata.removeValue(forKey: "0.0.\(index)")
+    }
+    // MLX loads lazily, so keep the source files intact while their arrays are live.
+    try save(arrays: arrays, metadata: metadata, url: legacyURL)
+    let (loaded, _) = try loadPromptCache(url: legacyURL)
+    let restored = try #require(loaded.first as? RotatingKVCache)
+    #expect(restored.trim(3) == 3)
+    try expectRotatingContents(restored, Array(8 ..< 13))
+
+    // A post-trim cache has more history than live rows; its explicit false flag
+    // must survive serialization instead of being inferred from those counters.
+    try savePromptCache(url: roundTripURL, cache: [restored])
+    let (reloaded, _) = try loadPromptCache(url: roundTripURL)
+    let roundTrip = try #require(reloaded.first as? RotatingKVCache)
+    let copied = try #require(roundTrip.copy() as? RotatingKVCache)
+    #expect(copied.trim(2) == 2)
+    fillOneAtATime(copied, positions: 11 ..< 20)
+    try expectRotatingContents(copied, Array(12 ..< 20))
+    try expectRotatingContents(roundTrip, Array(8 ..< 13))
+    try expectRotatingContents(restored, Array(8 ..< 13))
+    try expectRotatingContents(source, Array(8 ..< 16))
+    #expect(roundTrip.offset == 13)
+    #expect(source.offset == 16)
+}
+
+@Test(arguments: [5, 6, 7], [1, 3])
+func testRotatingRestoredTrimAttentionMatchesSurvivingContext(
+    metadataCount: Int, queryCount: Int
+) throws {
+    let keys = deterministicTensor(shape: [1, 2, 20, 4], salt: 1).asType(.float32)
+    let values = deterministicTensor(shape: [1, 2, 20, 4], salt: 2).asType(.float32)
+    let queries = deterministicTensor(shape: [1, 2, queryCount, 4], salt: 3).asType(.float32)
+    let source = RotatingKVCache(maxSize: 8)
+    for p in 0 ..< 20 {
+        _ = source.update(
+            keys: keys[.ellipsis, p ..< (p + 1), 0...],
+            values: values[.ellipsis, p ..< (p + 1), 0...])
+    }
+    let restored = RotatingKVCache(maxSize: 8)
+    restored.state = source.state.map { $0[.ellipsis] }
+    restored.metaState = Array(source.metaState.prefix(metadataCount))
+    #expect(restored.trim(5) == 5)  // only positions 12, 13, 14 survive
+    let mask = restored.makeMask(n: queryCount, windowSize: 4, returnArray: false)
+    let (cachedKeys, cachedValues) = restored.update(
+        keys: keys[.ellipsis, 15 ..< (15 + queryCount), 0...],
+        values: values[.ellipsis, 15 ..< (15 + queryCount), 0...])
+    let output = MLXFast.scaledDotProductAttention(
+        queries: queries, keys: cachedKeys, values: cachedValues, scale: 0.5, mask: mask)
+    let reference = MLXFast.scaledDotProductAttention(
+        queries: queries,
+        keys: keys[.ellipsis, 12 ..< (15 + queryCount), 0...],
+        values: values[.ellipsis, 12 ..< (15 + queryCount), 0...],
+        scale: 0.5,
+        mask: .array(createCausalMask(n: queryCount, offset: 3, windowSize: 4)))
+    #expect(allClose(output, reference, rtol: 1e-5, atol: 1e-5).item(Bool.self))
+}
+
+@Test func testRotatingSingleTokenMaskAfterWrapTrimMatchesEquivalentFreshCache() throws {
+    // After a wrapped trim the cache holds 5 live rows; the sliding-window mask for
+    // the next single-token step must match a fresh cache holding the same rows.
+    let windowSize = 4
+
+    let trimmedCache = RotatingKVCache(maxSize: 8, keep: 0)
+    fillOneAtATime(trimmedCache, positions: 0 ..< 20)
+    trimmedCache.trim(3)  // 5 live rows
+
+    let freshCache = RotatingKVCache(maxSize: 8, keep: 0)
+    fillOneAtATime(freshCache, positions: 0 ..< 5)  // 5 live rows
+
+    let trimmedMask = trimmedCache.makeMask(n: 1, windowSize: windowSize, returnArray: false)
+    let freshMask = freshCache.makeMask(n: 1, windowSize: windowSize, returnArray: false)
+
+    guard case .array(let trimmedArray) = trimmedMask, case .array(let freshArray) = freshMask
+    else {
+        Issue.record("expected array masks, got \(trimmedMask) and \(freshMask)")
+        return
+    }
+    #expect(trimmedArray.shape == freshArray.shape)
+    #expect((trimmedArray .== freshArray).all().item(Bool.self))
+}
+
+@Test func testRotatingMultiTokenMaskWidthMatchesPresentationAfterWrapTrim() throws {
+    let cache = RotatingKVCache(maxSize: 8, keep: 0)
+    fillOneAtATime(cache, positions: 0 ..< 20)
+    cache.trim(3)  // 5 live rows
+
+    // Models build the mask before the write; its key width must equal the rows the
+    // write presents, or attention shapes diverge.
+    let mask = cache.makeMask(n: 3, windowSize: 4, returnArray: true)
+    let (k, v) = positionedKV(17 ..< 20)
+    let presented = cache.update(keys: k, values: v)
+
+    guard case .array(let maskArray) = mask else {
+        Issue.record("expected an array mask, got \(mask)")
+        return
+    }
+    #expect(maskArray.dim(-1) == presented.0.dim(2))
+}

commit 238ad74b8a56e9ddc78c08d9ebffa07cebdf7842
Author: Alessio Pollero <alessio.pollero@gmail.com>
Date:   Fri Sep 11 01:46:10 2026 +0400

    Add configuration-based LoRA metadata discovery (#597)
    
    * Add configuration-based LoRA metadata discovery
    * Share LoRA metadata discovery across LLM and VLM factories

diff --git a/Libraries/MLXLLM/Documentation.docc/using-model.md b/Libraries/MLXLLM/Documentation.docc/using-model.md
index e4d4f40..e1cbc60 100644
--- a/Libraries/MLXLLM/Documentation.docc/using-model.md
+++ b/Libraries/MLXLLM/Documentation.docc/using-model.md
@@ -56,6 +56,27 @@ public class LLMModelFactory: ModelFactory {
 Callers with specialized requirements can use these individual components to manually
 load models, if needed.
 
+### Inspecting LoRA Metadata
+
+Use ``LLMModelFactory/loraMetadata(configurationData:)`` to discover the model's LoRA
+layer count and default runtime module paths without loading checkpoint weights:
+
+```swift
+let configurationURL = modelDirectory.appending(component: "config.json")
+let configurationData = try Data(contentsOf: configurationURL)
+
+if let metadata = try await LLMModelFactory.shared.loraMetadata(
+    configurationData: configurationData
+) {
+    print(metadata.layerCount)
+    print(metadata.defaultKeys)
+}
+```
+
+The returned `LoRAModelMetadata.defaultKeys` come from the registered model architecture,
+not from safetensors names. This accounts for models that rename or reshape checkpoint weights
+while loading.
+
 ## Evaluation Flow
 
 - Load the Model
diff --git a/Libraries/MLXLLM/LLMModelFactory.swift b/Libraries/MLXLLM/LLMModelFactory.swift
index f3713a8..45751ee 100644
--- a/Libraries/MLXLLM/LLMModelFactory.swift
+++ b/Libraries/MLXLLM/LLMModelFactory.swift
@@ -658,6 +658,14 @@ public final class LLMModelFactory: GenericModelFactory {
     /// by the model itself, e.g. DeepSeek-R1
     public let conventionsRegistry: ChatConventionsRegistry
 
+    /// Returns the model's LoRA metadata from its configuration without loading weights.
+    ///
+    /// The registered model architecture is instantiated so custom `LoRAModel.loraDefaultKeys`
+    /// implementations remain authoritative. No checkpoint files are read.
+    public func loraMetadata(configurationData: Data) async throws -> LoRAModelMetadata? {
+        try await typeRegistry.loraMetadata(configurationData: configurationData)
+    }
+
     public func _load(
         configuration: ResolvedModelConfiguration,
         tokenizerLoader: any TokenizerLoader
diff --git a/Libraries/MLXLMCommon/Adapters/LoRA/LoRAModel.swift b/Libraries/MLXLMCommon/Adapters/LoRA/LoRAModel.swift
index 072e2f4..36bb7b8 100644
--- a/Libraries/MLXLMCommon/Adapters/LoRA/LoRAModel.swift
+++ b/Libraries/MLXLMCommon/Adapters/LoRA/LoRAModel.swift
@@ -9,6 +9,36 @@ import Foundation
 import MLX
 import MLXNN
 
+/// Metadata describing where a model applies LoRA adapters.
+public struct LoRAModelMetadata: Sendable, Equatable {
+    /// Number of model layers that support LoRA adapters.
+    public let layerCount: Int
+
+    /// Default module paths, relative to each LoRA layer, that receive adapters.
+    public let defaultKeys: [String]
+
+    public init(layerCount: Int, defaultKeys: [String]) {
+        self.layerCount = layerCount
+        self.defaultKeys = defaultKeys
+    }
+}
+
+extension ModelTypeRegistry where T == any LanguageModel {
+    /// Inspects the registered model's LoRA layers without loading checkpoint weights.
+    ///
+    /// Model construction and metadata access use an independent random state.
+    /// Returns `nil` if the model does not conform to ``LoRAModel``.
+    public func loraMetadata(configurationData: Data) throws -> LoRAModelMetadata? {
+        try withRandomState(MLXRandom.RandomState(seed: 0)) {
+            let configuration = try JSONDecoder.json5().decode(
+                BaseConfiguration.self, from: configurationData)
+            let model = try createModel(
+                configuration: configurationData, modelType: configuration.modelType)
+            return (model as? LoRAModel)?.loraMetadata
+        }
+    }
+}
+
 public protocol LoRAModel {
 
     /// Return the layers to apply LoRA adapters to.
@@ -26,6 +56,14 @@ public protocol LoRAModel {
 
 extension LoRAModel {
 
+    /// Metadata for configuring LoRA without inspecting checkpoint weight names.
+    public var loraMetadata: LoRAModelMetadata {
+        LoRAModelMetadata(
+            layerCount: loraLayers.count,
+            defaultKeys: loraDefaultKeys.sorted()
+        )
+    }
+
     /// By default we apply LoRA to all Linear layers.
     /// This is aligned with `mlx-lm` Python logic.
     public var loraDefaultKeys: [String] {
diff --git a/Libraries/MLXVLM/VLMModelFactory.swift b/Libraries/MLXVLM/VLMModelFactory.swift
index c22555a..9874e24 100644
--- a/Libraries/MLXVLM/VLMModelFactory.swift
+++ b/Libraries/MLXVLM/VLMModelFactory.swift
@@ -360,6 +360,13 @@ public final class VLMModelFactory: GenericModelFactory {
     /// resolvers for processor metadata that is absent or incorrect in a checkpoint
     public let processorLoadingRegistry: VLMProcessorLoadingRegistry
 
+    /// Returns the model's LoRA metadata without loading checkpoint weights or a processor.
+    ///
+    /// Uses the registered model's `LoRAModel` conformance to select adapter targets.
+    public func loraMetadata(configurationData: Data) async throws -> LoRAModelMetadata? {
+        try await typeRegistry.loraMetadata(configurationData: configurationData)
+    }
+
     public func _load(
         configuration: ResolvedModelConfiguration,
         tokenizerLoader: any TokenizerLoader
diff --git a/Tests/MLXLMTests/LoRAModelMetadataTests.swift b/Tests/MLXLMTests/LoRAModelMetadataTests.swift
new file mode 100644
index 0000000..1d9fb64
--- /dev/null
+++ b/Tests/MLXLMTests/LoRAModelMetadataTests.swift
@@ -0,0 +1,191 @@
+// Copyright © 2026 Apple Inc.
+
+import Foundation
+import MLX
+import MLXLMCommon
+import MLXNN
+import MLXVLM
+import XCTest
+
+@testable import MLXLLM
+
+final class LoRAModelMetadataTests: XCTestCase {
+    func testVLMMetadataUsesLanguageLayers() async throws {
+        let configuration = Data(
+            """
+            {
+              "model_type": "gemma3",
+              "mm_tokens_per_image": 4,
+              "text_config": {
+                "model_type": "gemma3_text",
+                "hidden_size": 16,
+                "num_hidden_layers": 2,
+                "intermediate_size": 32,
+                "sliding_window": 16,
+                "num_attention_heads": 2,
+                "num_key_value_heads": 1,
+                "head_dim": 8
+              },
+              "vision_config": {
+                "model_type": "siglip_vision_model",
+                "hidden_size": 16,
+                "num_hidden_layers": 1,
+                "intermediate_size": 32,
+                "num_attention_heads": 2,
+                "patch_size": 2,
+                "image_size": 4
+              }
+            }
+            """.utf8
+        )
+        let result = try await VLMModelFactory.shared.loraMetadata(
+            configurationData: configuration)
+        let metadata = try XCTUnwrap(result)
+
+        XCTAssertEqual(metadata.layerCount, 2)
+        XCTAssertEqual(metadata.defaultKeys, Self.defaultKeys)
+    }
+
+    func testMetadataPreservesCallerRandomSequence() async throws {
+        let registry = ModelTypeRegistry<LanguageModel>()
+        await registry.registerModelType("metadata_test") { _ in MetadataTestModel() }
+        await registry.registerModelType("throwing_test") { _ in
+            _ = MLXRandom.uniform()
+            throw TestError.construction
+        }
+        let factory = LLMModelFactory(
+            typeRegistry: registry, modelRegistry: AbstractModelRegistry())
+        let expected = MLXRandom.RandomState(seed: 42)
+
+        try await withRandomState(MLXRandom.RandomState(seed: 42)) {
+            XCTAssertEqual(resolve().asArray(UInt32.self), expected.next().asArray(UInt32.self))
+            for _ in 0 ..< 2 {
+                _ = try await factory.loraMetadata(
+                    configurationData: Data(#"{"model_type":"metadata_test"}"#.utf8))
+                XCTAssertEqual(
+                    resolve().asArray(UInt32.self), expected.next().asArray(UInt32.self))
+            }
+
+            do {
+                _ = try await factory.loraMetadata(
+                    configurationData: Data(#"{"model_type":"throwing_test"}"#.utf8))
+                XCTFail("Expected the constructor error")
+            } catch TestError.construction {
+                XCTAssertEqual(
+                    resolve().asArray(UInt32.self), expected.next().asArray(UInt32.self))
+            }
+        }
+    }
+
+    func testModelWithoutLoRAConformanceReturnsNil() async throws {
+        let registry = ModelTypeRegistry<LanguageModel>()
+        await registry.registerModelType("plain_test") { _ in PlainTestModel() }
+        let result = try await registry.loraMetadata(
+            configurationData: Data(#"{"model_type":"plain_test"}"#.utf8))
+        XCTAssertNil(result)
+    }
+
+    func testUnknownModelTypeThrows() async throws {
+        let registry = ModelTypeRegistry<LanguageModel>()
+        do {
+            _ = try await registry.loraMetadata(
+                configurationData: Data(#"{"model_type":"unknown"}"#.utf8))
+            XCTFail("Expected an unsupported model type error")
+        } catch ModelFactoryError.unsupportedModelType(let type) {
+            XCTAssertEqual(type, "unknown")
+        }
+    }
+
+    func testInvalidConfigurationThrows() async throws {
+        do {
+            _ = try await LLMModelFactory.shared.loraMetadata(
+                configurationData: Data(#"{"model_type":"qwen3"}"#.utf8))
+            XCTFail("Expected a configuration decoding error")
+        } catch is DecodingError {
+        }
+    }
+
+    func testFactoryUsesRegisteredModelLoRAMetadata() async throws {
+        let typeRegistry = ModelTypeRegistry<LanguageModel>()
+        await typeRegistry.registerModelType("metadata_test") { _ in
+            MetadataTestModel()
+        }
+        let factory = LLMModelFactory(
+            typeRegistry: typeRegistry,
+            modelRegistry: AbstractModelRegistry()
+        )
+
+        let result = try await factory.loraMetadata(
+            configurationData: Data(#"{"model_type":"metadata_test"}"#.utf8)
+        )
+        let metadata = try XCTUnwrap(result)
+
+        XCTAssertEqual(metadata.layerCount, 1)
+        XCTAssertEqual(metadata.defaultKeys, ["runtime.a_proj", "runtime.z_proj"])
+    }
+
+    func testBuiltInModelMetadataUsesRuntimeModulePaths() async throws {
+        let configuration = Data(
+            """
+            {
+              "model_type": "qwen3",
+              "hidden_size": 16,
+              "num_hidden_layers": 2,
+              "intermediate_size": 32,
+              "num_attention_heads": 2,
+              "num_key_value_heads": 1,
+              "head_dim": 8,
+              "rms_norm_eps": 1e-5,
+              "vocab_size": 64
+            }
+            """.utf8
+        )
+
+        let result = try await LLMModelFactory.shared.loraMetadata(
+            configurationData: configuration
+        )
+        let metadata = try XCTUnwrap(result)
+
+        XCTAssertEqual(metadata.layerCount, 2)
+        XCTAssertEqual(metadata.defaultKeys, Self.defaultKeys)
+    }
+
+    private static let defaultKeys = [
+        "mlp.down_proj",
+        "mlp.gate_proj",
+        "mlp.up_proj",
+        "self_attn.k_proj",
+        "self_attn.o_proj",
+        "self_attn.q_proj",
+        "self_attn.v_proj",
+    ]
+
+    private enum TestError: Error {
+        case construction
+    }
+}
+
+private class PlainTestModel: Module, LanguageModel, KVCacheDimensionProvider {
+    let kvHeads: [Int] = []
+
+    func prepare(
+        _ input: LMInput, cache: [KVCache], state: LMOutput.State?, prefill: PrefillParameters
+    ) throws -> PrepareResult {
+        .tokens(input.text)
+    }
+
+    func callAsFunction(_ inputs: MLXArray, cache: [KVCache]?) -> MLXArray {
+        inputs
+    }
+}
+
+private final class MetadataTestModel: PlainTestModel, LoRAModel {
+    private let layer = Linear(4, 4)
+
+    var loraLayers: [Module] { [layer] }
+    var loraDefaultKeys: [String] {
+        // Exercise random-state isolation during metadata access as well as construction.
+        _ = MLXRandom.uniform()
+        return ["runtime.z_proj", "runtime.a_proj"]
+    }
+}

commit 9ce5b4f9f4bf58b2c5178acb3ec1ff253e4954a8
Author: Alessio Pollero <alessio.pollero@gmail.com>
Date:   Fri Sep 11 01:21:28 2026 +0400

    Fix generation loop blocking Swift cooperative workers (#611)

diff --git a/Libraries/MLXLMCommon/Evaluate.swift b/Libraries/MLXLMCommon/Evaluate.swift
index 685fc04..4ab8ecc 100644
--- a/Libraries/MLXLMCommon/Evaluate.swift
+++ b/Libraries/MLXLMCommon/Evaluate.swift
@@ -2324,9 +2324,11 @@ private func generateLoopTask<
     let handler = SendableBox(handler)
     let tokenCollector = consume tokenCollector
 
-    // Launch a Task to perform iteration asynchronously.
+    // Keep task cancellation and task-local values while moving blocking MLX work
+    // onto a separate queue for each generation.
     let task = Task {
-        let performIteration = {
+        let worker = GenerationWorker()
+        let performIteration = { @Sendable in
             var iterator = iterator.consume()
             var handler = handler.consume()
             var tokenCollector = tokenCollector
@@ -2452,10 +2454,10 @@ private func generateLoopTask<
 
         if let ticket = wiredMemoryTicket {
             return await WiredMemoryTicket.withWiredLimit(ticket) {
-                performIteration()
+                await worker.run(performIteration)
             }
         } else {
-            return performIteration()
+            return await worker.run(performIteration)
         }
     }
 
@@ -2746,7 +2748,7 @@ private enum TokenLoopDisposition {
     }
 }
 
-private protocol TokenLoopHandler {
+private protocol TokenLoopHandler: SendableMetatype {
     associatedtype Output
 
     /// Semantic boundaries contributed by the response protocol handled by
diff --git a/Libraries/MLXLMCommon/Utilities/GenerationWorker.swift b/Libraries/MLXLMCommon/Utilities/GenerationWorker.swift
new file mode 100644
index 0000000..eca5530
--- /dev/null
+++ b/Libraries/MLXLMCommon/Utilities/GenerationWorker.swift
@@ -0,0 +1,18 @@
+// Copyright © 2026 Apple Inc.
+
+import Dispatch
+
+/// Runs one generation's blocking work outside Swift's cooperative pool.
+actor GenerationWorker {
+    private nonisolated let queue = DispatchSerialQueue(
+        label: "ml-explore.mlx-swift-lm.generation")
+
+    nonisolated var unownedExecutor: UnownedSerialExecutor {
+        queue.asUnownedSerialExecutor()
+    }
+
+    // Keep the body synchronous so all evaluation and cleanup stay on this executor.
+    func run<R: Sendable>(_ body: @Sendable () -> R) -> R {
+        body()
+    }
+}
diff --git a/Tests/MLXLMTests/GenerationExecutionTests.swift b/Tests/MLXLMTests/GenerationExecutionTests.swift
new file mode 100644
index 0000000..7e904fc
--- /dev/null
+++ b/Tests/MLXLMTests/GenerationExecutionTests.swift
@@ -0,0 +1,303 @@
+// Copyright © 2026 Apple Inc.
+
+import Dispatch
+import MLX
+import XCTest
+
+@testable import MLXLMCommon
+
+final class GenerationExecutionTests: XCTestCase {
+    private enum Context {
+        @TaskLocal static var value = 0
+    }
+
+    private struct CancellingPolicy: WiredMemoryPolicy {
+        let identifier = UUID()
+        var id: AnyHashable { identifier }
+
+        func limit(baseline: Int, activeSizes: [Int]) -> Int { baseline }
+
+        func canAdmit(baseline: Int, activeSizes: [Int], newSize: Int) -> Bool {
+            withUnsafeCurrentTask { $0?.cancel() }
+            return true
+        }
+    }
+
+    private struct Iterator: GenerationFinalizingTokenIterator {
+        var maxTokens: Int? = 1
+        var tokenCount = 0
+        var promptPrefillTime: TimeInterval { 0 }
+        var onNext: @Sendable () -> Void = {}
+        var onFinalize: @Sendable () -> Void = {}
+
+        mutating func next() -> Int? {
+            guard tokenCount < (maxTokens ?? Int.max) else { return nil }
+            onNext()
+            tokenCount += 1
+            return 42
+        }
+
+        mutating func finalizeGeneration() {
+            onFinalize()
+        }
+    }
+
+    // Run with LIBDISPATCH_COOPERATIVE_POOL_STRICT=1 to expose pool starvation
+    // deterministically. The timeout also lets a regressed implementation finish.
+    func testBlockingIteratorLeavesCooperativeWorkerAvailable() async {
+        for useTicket in [false, true] {
+            let iterator = Iterator(
+                onNext: Self.assertCooperativeProgress,
+                onFinalize: Self.assertCooperativeProgress)
+            let ticket = useTicket ? MLX.WiredSumPolicy().ticket(size: 0) : nil
+            let (stream, task) = generateTask(
+                promptTokenCount: 1, modelConfiguration: .init(id: "test"),
+                tokenizer: TestTokenizer(), iterator: iterator, wiredMemoryTicket: ticket)
+            for await _ in stream {}
+            await task.value
+        }
+    }
+
+    private static func assertCooperativeProgress() {
+        let resumed = DispatchSemaphore(value: 0)
+        Task { resumed.signal() }
+        XCTAssertEqual(resumed.wait(timeout: .now() + 5), .success)
+    }
+
+    func testGenerationPreservesDeviceOverrideAndCooperativeProgress() async {
+        await Device.withDefaultDevice(.cpu) {
+            let (stream, task) = generateTaskRecordingTokens(
+                promptTokenCount: 1, modelConfiguration: .init(id: "test"),
+                tokenizer: TestTokenizer(),
+                iterator: Iterator(
+                    maxTokens: 3,
+                    onNext: {
+                        XCTAssertEqual(Device.defaultDevice().deviceType, .cpu)
+                        Self.assertCooperativeProgress()
+                    },
+                    onFinalize: {
+                        XCTAssertEqual(Device.defaultDevice().deviceType, .cpu)
+                        Self.assertCooperativeProgress()
+                    }))
+            var completion: GenerateCompletionInfo?
+            for await event in stream {
+                if case .info(let info) = event { completion = info }
+            }
+            let tokens = await task.value
+            XCTAssertEqual(tokens, [42, 42, 42])
+            XCTAssertEqual(completion?.generationTokenCount, 3)
+            XCTAssertEqual(completion?.stopReason, .length)
+        }
+    }
+
+    func testCancellingOneGenerationDoesNotCancelAnother() async {
+        let firstEntered = expectation(description: "first generation entered next")
+        let secondEntered = expectation(description: "second generation entered next")
+        let resumeFirst = DispatchSemaphore(value: 0)
+        let resumeSecond = DispatchSemaphore(value: 0)
+        let (firstStream, first) = generateTaskRecordingTokens(
+            promptTokenCount: 1, modelConfiguration: .init(id: "test"),
+            tokenizer: TestTokenizer(),
+            iterator: Iterator(
+                maxTokens: 10,
+                onNext: {
+                    firstEntered.fulfill()
+                    XCTAssertEqual(resumeFirst.wait(timeout: .now() + 5), .success)
+                    XCTAssertTrue(Task.isCancelled)
+                },
+                onFinalize: { XCTAssertTrue(Task.isCancelled) }))
+        let (secondStream, second) = generateTaskRecordingTokens(
+            promptTokenCount: 1, modelConfiguration: .init(id: "test"),
+            tokenizer: TestTokenizer(),
+            iterator: Iterator(
+                onNext: {
+                    secondEntered.fulfill()
+                    XCTAssertEqual(resumeSecond.wait(timeout: .now() + 5), .success)
+                    XCTAssertFalse(Task.isCancelled)
+                },
+                onFinalize: { XCTAssertFalse(Task.isCancelled) }))
+
+        await fulfillment(of: [firstEntered, secondEntered], timeout: 5)
+        first.cancel()
+        resumeFirst.signal()
+        let firstTokens = await first.value
+        XCTAssertEqual(firstTokens, [42])
+        XCTAssertFalse(second.isCancelled)
+        resumeSecond.signal()
+        let secondTokens = await second.value
+        XCTAssertEqual(secondTokens, [42])
+
+        var firstCompletion: GenerateCompletionInfo?
+        for await event in firstStream {
+            if case .info(let info) = event { firstCompletion = info }
+        }
+        var secondCompletion: GenerateCompletionInfo?
+        for await event in secondStream {
+            if case .info(let info) = event { secondCompletion = info }
+        }
+        XCTAssertEqual(firstCompletion?.stopReason, .cancelled)
+        XCTAssertEqual(secondCompletion?.stopReason, .length)
+    }
+
+    func testIndependentGenerationsCanMakeProgressConcurrently() async {
+        let firstStarted = DispatchSemaphore(value: 0)
+        let secondStarted = DispatchSemaphore(value: 0)
+        let (firstStream, first) = generateTask(
+            promptTokenCount: 1, modelConfiguration: .init(id: "test"),
+            tokenizer: TestTokenizer(),
+            iterator: Iterator(onNext: {
+                firstStarted.signal()
+                XCTAssertEqual(secondStarted.wait(timeout: .now() + 5), .success)
+            }))
+        let (secondStream, second) = generateTask(
+            promptTokenCount: 1, modelConfiguration: .init(id: "test"),
+            tokenizer: TestTokenizer(),
+            iterator: Iterator(onNext: {
+                XCTAssertEqual(firstStarted.wait(timeout: .now() + 5), .success)
+                secondStarted.signal()
+            }))
+        await first.value
+        await second.value
+        withExtendedLifetime((firstStream, secondStream)) {}
+    }
+
+    func testCancellationDuringNextStillFinalizesBeforeTaskCompletes() async {
+        let entered = expectation(description: "entered next")
+        let resume = DispatchSemaphore(value: 0)
+        let finalized = expectation(description: "finalized after cancellation")
+        let (stream, task) = generateTaskRecordingTokens(
+            promptTokenCount: 1, modelConfiguration: .init(id: "test"),
+            tokenizer: TestTokenizer(),
+            iterator: Iterator(
+                maxTokens: 10,
+                onNext: {
+                    entered.fulfill()
+                    XCTAssertEqual(resume.wait(timeout: .now() + 5), .success)
+                    XCTAssertTrue(Task.isCancelled)
+                },
+                onFinalize: {
+                    XCTAssertTrue(Task.isCancelled)
+                    finalized.fulfill()
+                }))
+        await fulfillment(of: [entered], timeout: 5)
+        task.cancel()
+        resume.signal()
+        var completion: GenerateCompletionInfo?
+        for await event in stream {
+            if case .info(let info) = event { completion = info }
+        }
+        let tokens = await task.value
+        XCTAssertEqual(tokens, [42])
+        XCTAssertEqual(completion?.stopReason, .cancelled)
+        XCTAssertEqual(completion?.generationTokenCount, 1)
+        await fulfillment(of: [finalized], timeout: 0)
+    }
+
+    func testCancellationDuringTicketAdmissionSkipsNextAndFinalizes() async throws {
+        try XCTSkipIf(Device.defaultDevice().deviceType != .gpu, "Admission requires a GPU backend")
+        let finalized = expectation(description: "cancelled iterator finalized")
+        let ticket = CancellingPolicy().ticket(size: 0)
+        let (stream, task) = generateTaskRecordingTokens(
+            promptTokenCount: 1, modelConfiguration: .init(id: "test"),
+            tokenizer: TestTokenizer(),
+            iterator: Iterator(
+                onNext: { XCTFail("Cancelled generation must not call next") },
+                onFinalize: {
+                    XCTAssertTrue(Task.isCancelled)
+                    finalized.fulfill()
+                }),
+            wiredMemoryTicket: ticket)
+        var completion: GenerateCompletionInfo?
+        for await event in stream {
+            if case .info(let info) = event { completion = info }
+        }
+        let tokens = await task.value
+        XCTAssertEqual(tokens, [])
+        XCTAssertEqual(completion?.stopReason, .cancelled)
+        await fulfillment(of: [finalized], timeout: 0)
+    }
+
+    func testConsumerCancellationReachesBlockedGeneration() async {
+        let entered = expectation(description: "entered next")
+        let resume = DispatchSemaphore(value: 0)
+        let finalized = expectation(description: "consumer cancellation finalized")
+        let (stream, task) = generateTask(
+            promptTokenCount: 1, modelConfiguration: .init(id: "test"),
+            tokenizer: TestTokenizer(),
+            iterator: Iterator(
+                onNext: {
+                    entered.fulfill()
+                    XCTAssertEqual(resume.wait(timeout: .now() + 5), .success)
+                    XCTAssertTrue(Task.isCancelled)
+                },
+                onFinalize: { finalized.fulfill() }))
+        let consumer = Task {
+            for await _ in stream {}
+        }
+        await fulfillment(of: [entered], timeout: 5)
+        consumer.cancel()
+        await consumer.value
+        resume.signal()
+        await task.value
+        XCTAssertTrue(task.isCancelled)
+        await fulfillment(of: [finalized], timeout: 0)
+    }
+
+    @MainActor
+    func testMainActorCallerDoesNotRunIteratorOnMainThread() async {
+        let (stream, task) = generateTask(
+            promptTokenCount: 1, modelConfiguration: .init(id: "test"),
+            tokenizer: TestTokenizer(),
+            iterator: Iterator(onNext: {
+                XCTAssertFalse(Thread.isMainThread)
+                Self.assertCooperativeProgress()
+            }))
+        for await _ in stream {}
+        await task.value
+    }
+
+    func testEmptyGenerationStillFinalizes() async {
+        let finalized = expectation(description: "empty iterator finalized")
+        let (stream, task) = generateTaskRecordingTokens(
+            promptTokenCount: 1, modelConfiguration: .init(id: "test"),
+            tokenizer: TestTokenizer(),
+            iterator: Iterator(
+                maxTokens: 0, onNext: { XCTFail("Empty iterator must not produce a token") },
+                onFinalize: { finalized.fulfill() }))
+        var completion: GenerateCompletionInfo?
+        for await event in stream {
+            if case .info(let info) = event { completion = info }
+        }
+        let tokens = await task.value
+        XCTAssertEqual(tokens, [])
+        XCTAssertEqual(completion?.stopReason, .length)
+        XCTAssertEqual(completion?.generationTokenCount, 0)
+        await fulfillment(of: [finalized], timeout: 0)
+    }
+
+    func testTaskContextAndRecordedTokensSurviveExecutionHop() async {
+        let finalized = expectation(description: "iterator finalized")
+        let (stream, task) = Context.$value.withValue(123) {
+            generateTaskRecordingTokens(
+                promptTokenCount: 1, modelConfiguration: .init(id: "test"),
+                tokenizer: TestTokenizer(),
+                iterator: Iterator(
+                    onNext: {
+                        XCTAssertEqual(Context.value, 123)
+                        XCTAssertTrue(withUnsafeCurrentTask { $0 != nil })
+                    },
+                    onFinalize: {
+                        XCTAssertEqual(Context.value, 123)
+                        finalized.fulfill()
+                    }))
+        }
+        var completion: GenerateCompletionInfo?
+        for await event in stream {
+            if case .info(let info) = event { completion = info }
+        }
+        let tokens = await task.value
+        XCTAssertEqual(tokens, [42])
+        XCTAssertEqual(completion?.stopReason, .length)
+        await fulfillment(of: [finalized], timeout: 5)
+    }
+}

commit 10122302f0df7a691c02e503278f9446ffef6972
Author: Alessio Pollero <alessio.pollero@gmail.com>
Date:   Fri Sep 11 00:55:08 2026 +0400

    Gemma 4 VLM: fuse float32 logit softcapping (#615)

diff --git a/Libraries/MLXLMCommon/Gemma4Fusions.swift b/Libraries/MLXLMCommon/Gemma4Fusions.swift
new file mode 100644
index 0000000..cff38c1
--- /dev/null
+++ b/Libraries/MLXLMCommon/Gemma4Fusions.swift
@@ -0,0 +1,14 @@
+import MLX
+
+private let compiledGemma4Softcap = compile(shapeless: true) {
+    (logits: MLXArray, cap: MLXArray) in tanh(logits / cap) * cap
+}
+
+package func gemma4LogitSoftcap(_ logits: MLXArray, _ cap: MLXArray) -> MLXArray {
+    guard cap.dtype == .float32 else { return tanh(logits / cap) * cap }
+    // Promote before tracing: mixed float16/float32 division can round differently inside compile.
+    if logits.dtype == .float16 || logits.dtype == .bfloat16 {
+        return compiledGemma4Softcap(logits.asType(.float32), cap)
+    }
+    return compiledGemma4Softcap(logits, cap)
+}
diff --git a/Libraries/MLXVLM/Models/Gemma4.swift b/Libraries/MLXVLM/Models/Gemma4.swift
index 4b21c26..b219a2c 100644
--- a/Libraries/MLXVLM/Models/Gemma4.swift
+++ b/Libraries/MLXVLM/Models/Gemma4.swift
@@ -1425,7 +1425,7 @@ final class Gemma4TextLanguageModel: Module, KVCacheDimensionProvider {
         let softcappedLogits: MLXArray
         if let finalLogitSoftcapping, finalLogitSoftcapping > 0 {
             let scale = MLXArray(finalLogitSoftcapping)
-            softcappedLogits = tanh(logits / scale) * scale
+            softcappedLogits = gemma4LogitSoftcap(logits, scale)
         } else {
             softcappedLogits = logits
         }
diff --git a/Tests/MLXLMTests/Gemma4FusionTests.swift b/Tests/MLXLMTests/Gemma4FusionTests.swift
new file mode 100644
index 0000000..71775ac
--- /dev/null
+++ b/Tests/MLXLMTests/Gemma4FusionTests.swift
@@ -0,0 +1,74 @@
+import Foundation
+import MLX
+import MLXLMCommon
+import XCTest
+
+final class Gemma4FusionTests: XCTestCase {
+    private func assertIdentical(
+        _ actual: MLXArray, _ expected: MLXArray,
+        file: StaticString = #filePath, line: UInt = #line
+    ) {
+        XCTAssertEqual(actual.shape, expected.shape, file: file, line: line)
+        XCTAssertEqual(actual.dtype, expected.dtype, file: file, line: line)
+        XCTAssertEqual(
+            actual.asType(.float32).asArray(Float.self).map(\.bitPattern),
+            expected.asType(.float32).asArray(Float.self).map(\.bitPattern),
+            file: file, line: line)
+    }
+
+    func testSoftcapPreservesScalarPromotionAndRuntimeCaps() {
+        for dtype in [DType.float16, .bfloat16, .float32] {
+            let x = MLX.linspace(Float(-100), Float(100), count: 4096).reshaped(1, 4096)
+                .asType(dtype)
+            for value: Float in [30, 7.25, 1] {
+                for cap in [MLXArray(value), value.asMLXArray(dtype: dtype)] {
+                    assertIdentical(gemma4LogitSoftcap(x, cap), tanh(x / cap) * cap)
+                    let strided = x[.ellipsis, .stride(by: 2)]
+                    assertIdentical(
+                        gemma4LogitSoftcap(strided, cap), tanh(strided / cap) * cap)
+                }
+            }
+        }
+    }
+
+    func testGradientsMatchOriginal() {
+        let cap = MLXArray(Float(30))
+        for dtype in [DType.float16, .bfloat16, .float32] {
+            let logits = MLX.linspace(Float(-3), Float(3), count: 64)
+                .reshaped(1, 1, 64).asType(dtype)
+            assertIdentical(
+                grad({ sum(gemma4LogitSoftcap($0, cap)) })(logits),
+                grad({ sum(tanh($0 / cap) * cap) })(logits))
+        }
+    }
+
+    func testFusionLatency() throws {
+        guard ProcessInfo.processInfo.environment["MLX_BENCHMARK_GEMMA4_FUSIONS"] == "1" else {
+            throw XCTSkip("Set MLX_BENCHMARK_GEMMA4_FUSIONS=1 to benchmark")
+        }
+        let logits = MLXRandom.normal([1, 1, 262144]).asType(.bfloat16)
+        let cap = MLXArray(Float(30))
+        eval(logits, cap)
+        let cases: [(String, () -> MLXArray, () -> MLXArray)] = [
+            ("VLM softcap", { tanh(logits / cap) * cap }, { gemma4LogitSoftcap(logits, cap) })
+        ]
+        for (name, original, fused) in cases {
+            assertIdentical(fused(), original())
+            for _ in 0 ..< 10 { eval(original(), fused()) }
+            var samples = [[Double]](repeating: [], count: 2)
+            for round in 0 ..< 10 {
+                for arm in (round.isMultiple(of: 2) ? [0, 1] : [1, 0]) {
+                    let body = arm == 0 ? original : fused
+                    let start = ProcessInfo.processInfo.systemUptime
+                    for _ in 0 ..< 100 { eval(body()) }
+                    samples[arm].append((ProcessInfo.processInfo.systemUptime - start) * 10000)
+                }
+            }
+            let medians = samples.map { values in
+                let sorted = values.sorted()
+                return (sorted[4] + sorted[5]) / 2
+            }
+            print("[Gemma4 fusion] \(name): original \(medians[0]) µs, fused \(medians[1]) µs")
+        }
+    }
+}

commit 4c3d793eff745fe210bed4f282dcbde0888e0f09
Author: spokvulcan <ivanchenko.b@gmail.com>
Date:   Thu Sep 10 18:33:11 2026 +0300

    Emit only the new scalars when a token extends the previous character (#613)
    
    NaiveStreamingDetokenizer.next() measured the common prefix between the
    previous decode and the new one in Characters, so a token that appended a
    combining scalar (U+FE0F, a zero-width joiner, an accent) to the previous
    character re-emitted the whole merged cluster: a ZWJ flag sequence
    streamed as its base flag repeated, a quote followed by a variation
    selector as two quotes. The prefix is now measured in Unicode scalars,
    which compares exactly and keeps the fallback for tokenizers whose decode
    is not append-only.
    
    Four tests in StreamingDetokenizerTests stream a ZWJ flag sequence, a
    variation selector after an ASCII quote, a combining accent, and a
    variation selector after a multi-byte character split across two tokens,
    and compare the scalar sequence with the full decode.

diff --git a/Libraries/MLXLMCommon/Tokenizer.swift b/Libraries/MLXLMCommon/Tokenizer.swift
index c08383e..0b376a0 100644
--- a/Libraries/MLXLMCommon/Tokenizer.swift
+++ b/Libraries/MLXLMCommon/Tokenizer.swift
@@ -113,8 +113,21 @@ public struct NaiveStreamingDetokenizer: StreamingDetokenizer {
         // boundary, so that holds; a decode that rewrote an already-emitted
         // interior character would re-emit the tail (no worse than the old
         // behavior, and not observed in practice).
-        let common = newSegment.commonPrefix(with: segment)
-        let new = newSegment.dropFirst(common.count)
+        //
+        // The prefix is measured in Unicode scalars, not `Character`s. A
+        // `Character` is a grapheme cluster, and a token routinely appends a
+        // combining scalar to the cluster the previous token ended: a
+        // variation selector (`🏳` then U+FE0F), a zero-width joiner, a
+        // combining accent (`e` then U+0301). Compared as `Character`s the
+        // old text's last cluster no longer equals the merged cluster, so a
+        // `Character`-level prefix (`commonPrefix(with:)`) stops one cluster
+        // early and the whole merged cluster is emitted a second time — the
+        // consumer receives `🏳🏳️`, `''️`, `eé`. Scalars compare exactly (no
+        // canonical equivalence), and the emitted tail is precisely the
+        // scalars the new token added.
+        let common = zip(newSegment.unicodeScalars, segment.unicodeScalars)
+            .prefix { $0 == $1 }.count
+        let new = String(newSegment.unicodeScalars.dropFirst(common))
 
         // if the new segment ends with REPLACEMENT CHARACTER this means
         // that the token didn't produce a complete unicode character
@@ -128,6 +141,6 @@ public struct NaiveStreamingDetokenizer: StreamingDetokenizer {
             self.segment = newSegment
         }
 
-        return String(new)
+        return new
     }
 }
diff --git a/Tests/MLXLMTests/StreamingDetokenizerTests.swift b/Tests/MLXLMTests/StreamingDetokenizerTests.swift
index 6fe8a80..bc3748e 100644
--- a/Tests/MLXLMTests/StreamingDetokenizerTests.swift
+++ b/Tests/MLXLMTests/StreamingDetokenizerTests.swift
@@ -78,6 +78,7 @@ private struct SplitMultibyteTokenizer: MLXLMCommon.Tokenizer {
                 out += "\u{fffd}"  // incomplete: only the first half so far
             case 51:
                 out += "\u{fffd}"  // second half without its first half
+            case 60: out += "\u{FE0F}"  // VARIATION SELECTOR-16, its own token
             case 65: out += "a"
             case 66: out += "b"
             default: break
@@ -166,4 +167,59 @@ final class StreamingDetokenizerTests: XCTestCase {
             streamed.contains(","),
             "comma dropped across a newline segment reset: \(streamed.debugDescription)")
     }
+
+    // MARK: grapheme clusters that grow across a token boundary
+
+    /// Exact scalar sequences: `String ==` compares under canonical
+    /// equivalence, which would let `e` + U+0301 equal `é`.
+    private func scalars(_ text: String) -> [UInt32] {
+        text.unicodeScalars.map(\.value)
+    }
+
+    /// A token that appends a combining scalar to the previous token's
+    /// character must emit only that scalar. A `Character`-level common
+    /// prefix treats `🏳` and `🏳️` as different characters and re-emits the
+    /// base, so `🏳️‍🌈` streamed as `🏳🏳️🏳️‍🏳️‍🌈`.
+    func testCombiningScalarAppendedToPreviousCharacterIsEmittedOnce() {
+        let tokenizer = AppendOnlyTokenizer(pieces: [
+            1: "\u{1F3F3}",  // 🏳 WAVING WHITE FLAG
+            2: "\u{FE0F}",  // VARIATION SELECTOR-16
+            3: "\u{200D}",  // ZERO WIDTH JOINER
+            4: "\u{1F308}",  // 🌈 RAINBOW
+        ])
+        let tokens = [1, 2, 3, 4]
+        let streamed = stream(tokens, tokenizer)
+        XCTAssertEqual(
+            scalars(streamed), [0x1F3F3, 0xFE0F, 0x200D, 0x1F308],
+            "base character re-emitted: \(streamed.debugDescription)")
+        XCTAssertEqual(
+            streamed, tokenizer.decode(tokenIds: tokens, skipSpecialTokens: false))
+    }
+
+    /// The same growth on an ASCII base: `'` then U+FE0F then `'` is three
+    /// scalars, not four.
+    func testVariationSelectorAfterASCIIDoesNotRepeatTheBase() {
+        let tokenizer = AppendOnlyTokenizer(pieces: [1: "'", 2: "\u{FE0F}", 3: "'"])
+        let streamed = stream([1, 2, 3], tokenizer)
+        XCTAssertEqual(scalars(streamed), [0x27, 0xFE0F, 0x27], streamed.debugDescription)
+    }
+
+    /// A combining accent arriving as its own token: `e` + U+0301 + `x`.
+    func testCombiningAccentDoesNotRepeatTheBase() {
+        let tokenizer = AppendOnlyTokenizer(pieces: [1: "e", 2: "\u{0301}", 3: "x"])
+        let streamed = stream([1, 2, 3], tokenizer)
+        XCTAssertEqual(scalars(streamed), [0x65, 0x0301, 0x78], streamed.debugDescription)
+    }
+
+    /// The REPLACEMENT CHARACTER hold-back and the cluster growth compose:
+    /// a multi-byte character completed across two tokens, then a variation
+    /// selector token joining it, emits each scalar exactly once.
+    func testVariationSelectorAfterSplitMultibyteCharacterIsEmittedOnce() {
+        let tokenizer = SplitMultibyteTokenizer()
+        let tokens = [65, 50, 51, 60, 66]  // "a", 中(first half), 中(second half), U+FE0F, "b"
+        let streamed = stream(tokens, tokenizer)
+        XCTAssertEqual(scalars(streamed), [0x61, 0x4E2D, 0xFE0F, 0x62], streamed.debugDescription)
+        XCTAssertEqual(
+            streamed, tokenizer.decode(tokenIds: tokens, skipSpecialTokens: false))
+    }
 }

commit db052907b0ecd83048b88109c68ba3354fec8708
Author: John <jhancock1975@gmail.com>
Date:   Wed Sep 9 19:10:52 2026 -0400

    Let training differentiate the gated-delta recurrence (#616)
    
      Support differentiation and activation checkpointing in gated-delta recurrence
    
        • Enable training via ops fallback: The fused Metal CustomKernel lacks a VJP, causing fatal aborts during backward passes (e.g., in Qwen3.5/Qwen3-Next). Added a useKernel flag to gatedDeltaUpdate (defaults to true), passing !training from calling models to fall back to the differentiable ops path, matching Python mlx-lm. Added gradient sanity and numerical parity tests.
        • Chunked activation recomputation: The step-by-step ops graph retains all intermediate states, consuming unviable amounts of memory at scale (~4 MB/step for Qwen3.5-27B). Wrapped recurrence in 16-step chunks via CustomFunction to recompute states during backward passes, mimicking mx.checkpoint.
        • Inference unchanged: Continues using the fused kernel by default.

diff --git a/Libraries/MLXLLM/Models/Qwen35.swift b/Libraries/MLXLLM/Models/Qwen35.swift
index 7d9e6c1..630c078 100644
--- a/Libraries/MLXLLM/Models/Qwen35.swift
+++ b/Libraries/MLXLLM/Models/Qwen35.swift
@@ -421,7 +421,8 @@ final class Qwen35GatedDeltaNet: Module {
                 aLog: aLog,
                 dtBias: dtBias,
                 state: recState,
-                mask: prefixMask)
+                mask: prefixMask,
+                useKernel: !training)
             let (suffixOut, suffixState) = gatedDeltaUpdate(
                 q: qNormed[0..., split..., 0..., 0...],
                 k: kNormed[0..., split..., 0..., 0...],
@@ -431,7 +432,8 @@ final class Qwen35GatedDeltaNet: Module {
                 aLog: aLog,
                 dtBias: dtBias,
                 state: prefixState,
-                mask: suffixMask)
+                mask: suffixMask,
+                useKernel: !training)
             out = concatenated([prefixOut, suffixOut], axis: 1)
             newRecState = suffixState
 
@@ -455,7 +457,8 @@ final class Qwen35GatedDeltaNet: Module {
                 aLog: aLog,
                 dtBias: dtBias,
                 state: recState,
-                mask: mask)
+                mask: mask,
+                useKernel: !training)
             checkpoint = nil
         }
 
diff --git a/Libraries/MLXLLM/Models/Qwen3Next.swift b/Libraries/MLXLLM/Models/Qwen3Next.swift
index aa83cc4..8ab1ddf 100644
--- a/Libraries/MLXLLM/Models/Qwen3Next.swift
+++ b/Libraries/MLXLLM/Models/Qwen3Next.swift
@@ -323,7 +323,8 @@ public final class Qwen3NextGatedDeltaNet: Module {
             aLog: aLog,
             dtBias: dtBias,
             state: recState,
-            mask: mask
+            mask: mask,
+            useKernel: !training
         )
 
         let normalized = norm(out, gate: z)
diff --git a/Libraries/MLXLMCommon/GatedDelta.swift b/Libraries/MLXLMCommon/GatedDelta.swift
index 58335e5..9e248a1 100644
--- a/Libraries/MLXLMCommon/GatedDelta.swift
+++ b/Libraries/MLXLMCommon/GatedDelta.swift
@@ -230,6 +230,59 @@ private func gatedDeltaStepOps(
     return (y.asType(q.dtype), state)
 }
 
+/// Steps per recompute chunk in `gatedDeltaOps`.
+///
+/// The ops path is the one that can be trained through (the fused kernel
+/// has no gradient), and a recurrence run as plain ops keeps every step's
+/// state for the backward pass: at Qwen3.5-27B's shapes (48 heads of
+/// 128x128 fp32) that is about 4 MB a step, gigabytes per layer at a
+/// thousand tokens. Each chunk is run through a custom function whose
+/// backward recomputes the chunk instead, so only the chunk boundaries are
+/// kept - what `mx.checkpoint` does for the Python trainer. Inference is
+/// unaffected: the forward is the same ops in the same order.
+let gatedDeltaRecomputeChunk = 16
+
+private enum GatedDeltaRecompute {
+    /// `inputs` = [q, k, v, g, beta, state] plus the mask when there is one,
+    /// each sliced to the chunk; returns [y, state].
+    static func steps(_ inputs: [MLXArray], masked: Bool) -> [MLXArray] {
+        let (q, k, v, g, beta) = (inputs[0], inputs[1], inputs[2], inputs[3], inputs[4])
+        var state = inputs[5]
+        let mask = masked ? inputs[6] : nil
+        var ys = [MLXArray]()
+        ys.reserveCapacity(q.dim(1))
+        for t in 0 ..< q.dim(1) {
+            let (y, newState) = gatedDeltaStepOps(
+                q: q[0..., t],
+                k: k[0..., t],
+                v: v[0..., t],
+                g: g[0..., t],
+                beta: beta[0..., t],
+                state: state,
+                mask: mask.map { $0[0..., t] }
+            )
+            ys.append(y)
+            state = newState
+        }
+        return [MLX.stacked(ys, axis: 1), state]
+    }
+
+    // The closure holds a locked state object; two callers serialise on it.
+    nonisolated(unsafe) static let unmasked: ([MLXArray]) -> [MLXArray] = CustomFunction {
+        Forward { steps($0, masked: false) }
+        VJP { primals, cotangents in
+            vjp({ steps($0, masked: false) }, primals: primals, cotangents: cotangents).1
+        }
+    }
+
+    nonisolated(unsafe) static let masked: ([MLXArray]) -> [MLXArray] = CustomFunction {
+        Forward { steps($0, masked: true) }
+        VJP { primals, cotangents in
+            vjp({ steps($0, masked: true) }, primals: primals, cotangents: cotangents).1
+        }
+    }
+}
+
 func gatedDeltaOps(
     q: MLXArray,
     k: MLXArray,
@@ -258,30 +311,27 @@ func gatedDeltaOps(
     var state = state ?? MLXArray.zeros([B, Hv, Dv, Dk], dtype: .float32)
 
     var ys = [MLXArray]()
-    ys.reserveCapacity(T)
-
-    for t in 0 ..< T {
-        let qT = q[0..., t]
-        let kT = k[0..., t]
-        let vT = v[0..., t]
-        let gT = g[0..., t]
-        let betaT = beta[0..., t]
-        let maskT = mask == nil ? nil : mask![0..., t]
-
-        let (y, newState) = gatedDeltaStepOps(
-            q: qT,
-            k: kT,
-            v: vT,
-            g: gT,
-            beta: betaT,
-            state: state,
-            mask: maskT
-        )
-        ys.append(y)
-        state = newState
+    ys.reserveCapacity((T + gatedDeltaRecomputeChunk - 1) / gatedDeltaRecomputeChunk)
+
+    for start in stride(from: 0, to: T, by: gatedDeltaRecomputeChunk) {
+        let steps = start ..< min(start + gatedDeltaRecomputeChunk, T)
+        var inputs = [
+            q[0..., steps], k[0..., steps], v[0..., steps], g[0..., steps], beta[0..., steps],
+            state,
+        ]
+        let run: ([MLXArray]) -> [MLXArray]
+        if let mask {
+            inputs.append(mask[0..., steps])
+            run = GatedDeltaRecompute.masked
+        } else {
+            run = GatedDeltaRecompute.unmasked
+        }
+        let out = run(inputs)
+        ys.append(out[0])
+        state = out[1]
     }
 
-    let y = MLX.stacked(ys, axis: 1)
+    let y = ys.count == 1 ? ys[0] : MLX.concatenated(ys, axis: 1)
     return (y, state)
 }
 
@@ -296,7 +346,8 @@ public func gatedDeltaUpdate(
     aLog: MLXArray,
     dtBias: MLXArray,
     state: MLXArray? = nil,
-    mask: MLXArray? = nil
+    mask: MLXArray? = nil,
+    useKernel: Bool = true
 ) -> (MLXArray, MLXArray) {
     let beta = sigmoid(b).asType(.float32)
     let g = computeGatedDeltaG(aLog, a, dtBias)
@@ -320,7 +371,11 @@ public func gatedDeltaUpdate(
     // Dk = 192 (a multiple of 32), but the value is config-driven, so route any
     // non-multiple-of-32 Dk to the ops fallback, which handles an arbitrary key
     // dimension correctly (slower, but never truncating).
-    if GatedDeltaKernelManager.shared.kernel != nil, Dk % 32 == 0 {
+    //
+    // `useKernel: false` is for training: the kernel is a custom Metal
+    // kernel and has no gradient, so a model in training mode passes
+    // `!training` here, as the Python model does with `use_kernel`.
+    if useKernel, GatedDeltaKernelManager.shared.kernel != nil, Dk % 32 == 0 {
         return gatedDeltaKernel(q: q, k: k, v: v, g: g, beta: beta, state: state, mask: mask)
     }
 
diff --git a/Libraries/MLXVLM/Models/Qwen35.swift b/Libraries/MLXVLM/Models/Qwen35.swift
index 06ebd4e..e312130 100644
--- a/Libraries/MLXVLM/Models/Qwen35.swift
+++ b/Libraries/MLXVLM/Models/Qwen35.swift
@@ -652,7 +652,8 @@ public enum Qwen35Language {
                     aLog: aLog,
                     dtBias: dtBias,
                     state: state,
-                    mask: prefixMask)
+                    mask: prefixMask,
+                    useKernel: !training)
                 let (suffixOut, suffixState) = gatedDeltaUpdate(
                     q: qNormed[0..., split..., 0..., 0...],
                     k: kNormed[0..., split..., 0..., 0...],
@@ -662,7 +663,8 @@ public enum Qwen35Language {
                     aLog: aLog,
                     dtBias: dtBias,
                     state: prefixState,
-                    mask: suffixMask)
+                    mask: suffixMask,
+                    useKernel: !training)
                 out = concatenated([prefixOut, suffixOut], axis: 1)
                 state = suffixState
 
@@ -691,7 +693,8 @@ public enum Qwen35Language {
                     aLog: aLog,
                     dtBias: dtBias,
                     state: state,
-                    mask: mask)
+                    mask: mask,
+                    useKernel: !training)
             }
 
             if let cache {
diff --git a/Tests/MLXLMTests/GatedDeltaTests.swift b/Tests/MLXLMTests/GatedDeltaTests.swift
index eba5076..1419138 100644
--- a/Tests/MLXLMTests/GatedDeltaTests.swift
+++ b/Tests/MLXLMTests/GatedDeltaTests.swift
@@ -159,4 +159,103 @@ public class GatedDeltaTests: XCTestCase {
         )
     }
 
+    /// A model in training mode must be able to differentiate the recurrence.
+    ///
+    /// The fused kernel is a `CustomKernel`, which has no VJP, so the first
+    /// backward pass of a LoRA fine-tune of Qwen3.5 or Qwen3-Next died with
+    /// `[Primitive::vjp] Not implemented for CustomKernel` - three of every
+    /// four layers in those models are gated-delta layers, so this was every
+    /// fine-tune of them rather than an edge case. `useKernel: false` takes
+    /// the ops path, which is differentiable. The Python model spells the
+    /// same thing `use_kernel=not self.training`.
+    ///
+    /// T spans more than one recompute chunk on purpose: the ops path runs
+    /// the recurrence in chunks through a custom function whose backward
+    /// recomputes the chunk, and a gradient that stopped at a chunk boundary
+    /// would still pass at T <= 16.
+    func testGatedDeltaOpsPathIsDifferentiable() throws {
+        let inputs = makeInputs(T: 40)
+        let loss: ([MLXArray]) -> [MLXArray] = { arrays in
+            let (y, _) = gatedDeltaUpdate(
+                q: arrays[0], k: arrays[1], v: arrays[2],
+                a: inputs.a, b: inputs.b,
+                aLog: inputs.aLog, dtBias: inputs.dtBias,
+                useKernel: false
+            )
+            return [y.asType(.float32).square().sum()]
+        }
+        let (value, gradients) = valueAndGrad(loss, argumentNumbers: [0, 1, 2])(
+            [inputs.q, inputs.k, inputs.v])
+        eval(value)
+        eval(gradients)
+
+        XCTAssertEqual(gradients.count, 3)
+        for (name, gradient) in zip(["q", "k", "v"], gradients) {
+            let magnitude = abs(gradient.asType(.float32)).max()
+            eval(magnitude)
+            let largest = magnitude.item(Float.self)
+            XCTAssertTrue(
+                largest.isFinite,
+                "d(loss)/d\(name) is \(largest); the recurrence produced a "
+                    + "non-finite gradient."
+            )
+            XCTAssertGreaterThan(
+                largest, 0,
+                "d(loss)/d\(name) is all zero, so no gradient reached the "
+                    + "input through the recurrence."
+            )
+        }
+    }
+
+    /// Turning the kernel off must not change the answer.
+    ///
+    /// Training takes the ops path and inference takes the kernel, so a model
+    /// would be fine-tuned against arithmetic it never runs at generation
+    /// time if these two disagreed. T spans three recompute chunks, which is
+    /// where a mistake in carrying state across a chunk boundary would show.
+    ///
+    /// **Compared relative to the state, not absolutely.** These inputs are
+    /// random, so the recurrent state compounds: it reaches ~1.2e6 by T = 40,
+    /// where the two paths differ by 1.25 - about one part in a million, and
+    /// the same one part in a million as at T = 16, which is a single chunk
+    /// and has no boundary to get wrong. An absolute bound would therefore
+    /// be a test of how long the sequence is rather than of the arithmetic.
+    func testGatedDeltaOpsPathMatchesTheKernel() throws {
+        let inputs = makeInputs(T: 40)
+        let (yKernel, stateKernel) = gatedDeltaUpdate(
+            q: inputs.q, k: inputs.k, v: inputs.v,
+            a: inputs.a, b: inputs.b,
+            aLog: inputs.aLog, dtBias: inputs.dtBias,
+            useKernel: true
+        )
+        let (yOps, stateOps) = gatedDeltaUpdate(
+            q: inputs.q, k: inputs.k, v: inputs.v,
+            a: inputs.a, b: inputs.b,
+            aLog: inputs.aLog, dtBias: inputs.dtBias,
+            useKernel: false
+        )
+
+        /// Largest disagreement as a fraction of the largest value involved.
+        func relativeDrift(_ lhs: MLXArray, _ rhs: MLXArray) -> Float {
+            let left = lhs.asType(.float32)
+            let right = rhs.asType(.float32)
+            let drift = abs(left - right).max()
+            let scale = maximum(abs(left).max(), abs(right).max())
+            eval(drift)
+            eval(scale)
+            let magnitude = scale.item(Float.self)
+            return magnitude > 0 ? drift.item(Float.self) / magnitude : drift.item(Float.self)
+        }
+
+        XCTAssertLessThan(
+            relativeDrift(yKernel, yOps), 1e-4,
+            "The differentiable ops path and the fused kernel disagree on the "
+                + "output, so training and inference would run different maths."
+        )
+        XCTAssertLessThan(
+            relativeDrift(stateKernel, stateOps), 1e-4,
+            "The two paths disagree on the carried recurrent state."
+        )
+    }
+
 }

commit e3d4a20e9e20e7b8ab39aded7bbfad4ae22c9438
Author: Chris <63262318+cives93@users.noreply.github.com>
Date:   Thu Sep 3 15:21:35 2026 -0700

    Gemma4Text: expose decoder layers as loraLayers so MLP adapters load (#602)
    
    loraLayers returned only selfAttn, so adapters targeting mlp.* failed
    LoRAContainer.load with unhandled keys. Gemma3Text/Qwen35/Llama (and the
    Gemma4 VLM wrapper) return the decoder layers; match them. Adds a regression
    test that loads a synthetic self_attn + mlp adapter onto a tiny Gemma4TextModel.
    
    Co-authored-by: Claude Fable 5.1 <noreply@anthropic.com>

diff --git a/Libraries/MLXLLM/Models/Gemma4Text.swift b/Libraries/MLXLLM/Models/Gemma4Text.swift
index 58199a7..1a50f5a 100644
--- a/Libraries/MLXLLM/Models/Gemma4Text.swift
+++ b/Libraries/MLXLLM/Models/Gemma4Text.swift
@@ -963,8 +963,11 @@ public class Gemma4TextModel: Module, LLMModel, KVCacheDimensionProvider {
 // MARK: - LoRA
 
 extension Gemma4TextModel: LoRAModel {
+    /// Decoder layers, not just attention: LoRA keys are matched against the
+    /// children of each returned module, so `mlp.*` targets only resolve when
+    /// the layer itself is returned (as Gemma3Text / Qwen35 / Llama do).
     public var loraLayers: [Module] {
-        model.layers.map { $0.selfAttn }
+        model.layers
     }
 }
 
diff --git a/Tests/MLXLMTests/Gemma4LoRATests.swift b/Tests/MLXLMTests/Gemma4LoRATests.swift
new file mode 100644
index 0000000..37cd219
--- /dev/null
+++ b/Tests/MLXLMTests/Gemma4LoRATests.swift
@@ -0,0 +1,68 @@
+// Copyright © 2026 Apple Inc.
+
+import Foundation
+import MLX
+import MLXLMCommon
+import MLXNN
+import XCTest
+
+@testable import MLXLLM
+
+final class Gemma4LoRATests: XCTestCase {
+
+    private func configuration() throws -> Gemma4TextConfiguration {
+        let json = """
+            {
+                "model_type": "gemma4_text",
+                "hidden_size": 64,
+                "num_hidden_layers": 4,
+                "intermediate_size": 128,
+                "num_attention_heads": 2,
+                "num_key_value_heads": 1,
+                "head_dim": 32,
+                "global_head_dim": 32,
+                "num_kv_shared_layers": 1,
+                "hidden_size_per_layer_input": 8,
+                "vocab_size": 32,
+                "vocab_size_per_layer_input": 32,
+                "sliding_window": 8,
+                "sliding_window_pattern": 2,
+                "layer_types": ["sliding_attention", "full_attention", "sliding_attention", "full_attention"],
+                "use_double_wide_mlp": false
+            }
+            """
+        return try JSONDecoder().decode(Gemma4TextConfiguration.self, from: Data(json.utf8))
+    }
+
+    /// Regression for Sightline #873. `loraLayers` used to return only the
+    /// attention modules, so a PEFT adapter that also targets `mlp.*` (every
+    /// Sightline adapter does) never matched a module and `load` failed
+    /// `.noUnusedKeys`. Returning the decoder layers matches Gemma3/Qwen/Llama
+    /// (and the Gemma4 VLM wrapper) and lets both key families resolve.
+    ///
+    /// `selfAttn` / `mlp` on `Gemma4DecoderLayer` and `qProj` / `gateProj` on
+    /// the attention/MLP classes are `fileprivate`/`private`, so we assert
+    /// through the module tree instead of naming them: `LoRAContainer` wraps the
+    /// targeted `Linear`s in `LoRALinear`, one per (layer × key). With four
+    /// decoder layers and the two keys below that is eight — before the patch it
+    /// is zero, because `load` throws first.
+    func testLoRALayersExposeAttentionAndMLP() throws {
+        let model = Gemma4TextModel(try configuration())
+        let rank = 4
+        let adapter = LoRAContainer(
+            configuration: .init(
+                numLayers: 4,
+                loraParameters: .init(
+                    rank: rank, scale: 1.0, keys: ["self_attn.q_proj", "mlp.gate_proj"])),
+            parameters: ModuleParameters.unflattened([
+                "model.layers.0.self_attn.q_proj.lora_a": MLXArray.zeros([64, rank]),
+                "model.layers.0.self_attn.q_proj.lora_b": MLXArray.zeros([rank, 64]),
+                "model.layers.0.mlp.gate_proj.lora_a": MLXArray.zeros([64, rank]),
+                "model.layers.0.mlp.gate_proj.lora_b": MLXArray.zeros([rank, 128]),
+            ]))
+        try adapter.load(into: model)
+
+        let wrapped = model.modules().compactMap { $0 as? LoRALinear }
+        XCTAssertEqual(wrapped.count, 8)
+    }
+}

commit ebae3324c6d9d92e4ddc0d36e8023ba7a69dbb64
Author: Alessio Pollero <alessio.pollero@gmail.com>
Date:   Thu Sep 3 23:35:36 2026 +0400

    Declare module weights as compile state in compiled decode paths (#589)
    
    Fixes https://github.com/ml-explore/mlx-swift-lm/issues/586

diff --git a/Libraries/MLXLLM/Models/Qwen35.swift b/Libraries/MLXLLM/Models/Qwen35.swift
index 9950ab7..7d9e6c1 100644
--- a/Libraries/MLXLLM/Models/Qwen35.swift
+++ b/Libraries/MLXLLM/Models/Qwen35.swift
@@ -640,24 +640,14 @@ final class Qwen35SparseMoeBlock: Module, UnaryLayer {
         if x.dim(1) != 1 {
             return forward(x)
         }
-        compileLock.lock()
-        if compiledForward == nil {
-            // [unowned self]: stored only on self, so it cannot outlive self;
-            // a strong capture would cycle and leak the module, weights and
-            // compiled tape (pinned by Qwen35CompiledDecodeLifecycleTests).
-            // The trace bakes the weights it captured — recreate the module
-            // rather than swapping parameters on a live one.
-            compiledForward = compile { [unowned self] x in forward(x) }
-        }
-        let fn = compiledForward!
-        compileLock.unlock()
-        return fn(x)
+        return compiledForward(self, x)
     }
 
-    /// Compiled functions are created on first decode, not at init (the
-    /// weights aren't loaded yet), so the lazy assignment needs a lock.
-    private let compileLock = NSLock()
-    private var compiledForward: ((MLXArray) -> MLXArray)?
+    /// The body stays inside this block, so the trace's default state (the
+    /// block's own weights) is complete.
+    private let compiledForward = CompiledTrace<Qwen35SparseMoeBlock> { block, arguments in
+        [block.forward(arguments[0])]
+    }
 
     /// The uncompiled body; an enclosing layer trace inlines it rather than
     /// nesting this block's own compiled wrapper.
@@ -764,11 +754,25 @@ final class Qwen35DecoderLayer: Module {
 
     // MARK: - Compiled decode blocks
 
-    // Lock rationale: see Qwen35SparseMoeBlock.compileLock.
-    private let compileLock = NSLock()
-    private var compiledLinearLayer: (([MLXArray]) -> [MLXArray])?
-    private var compiledAttentionPre: (([MLXArray]) -> [MLXArray])?
-    private var compiledAttentionPost: (([MLXArray]) -> [MLXArray])?
+    // Every body stays inside this layer, so each trace's default state (the
+    // layer's own weights) is complete.
+    private let compiledLinearLayer = CompiledTrace<Qwen35DecoderLayer> { layer, arguments in
+        let (out, newConvState, newRecState) = layer.linearLayerBody(
+            x: arguments[0], convState: arguments[1], recState: arguments[2])
+        return [out, newConvState, newRecState]
+    }
+
+    private let compiledAttentionPre = CompiledTrace<Qwen35DecoderLayer> { layer, arguments in
+        let (queries, gate, keys, values) = layer.attentionPreBody(x: arguments[0])
+        return [queries, gate, keys, values]
+    }
+
+    private let compiledAttentionPost = CompiledTrace<Qwen35DecoderLayer> { layer, arguments in
+        [
+            layer.attentionPostBody(
+                x: arguments[0], attention: arguments[1], gate: arguments[2])
+        ]
+    }
 
     /// GDN decode layer as one traced function. A compiled function must be
     /// pure, so conv/recurrent state crosses the boundary explicitly.
@@ -777,19 +781,7 @@ final class Qwen35DecoderLayer: Module {
         let convState = cache[0] ?? zero.conv
         let recState = cache[1] ?? zero.rec
 
-        compileLock.lock()
-        if compiledLinearLayer == nil {
-            // [unowned self]: see Qwen35SparseMoeBlock.callAsFunction.
-            compiledLinearLayer = compile { [unowned self] args in
-                let (out, newConvState, newRecState) = linearLayerBody(
-                    x: args[0], convState: args[1], recState: args[2])
-                return [out, newConvState, newRecState]
-            }
-        }
-        let fn = compiledLinearLayer!
-        compileLock.unlock()
-
-        let out = fn([x, convState, recState])
+        let out = compiledLinearLayer(self, [x, convState, recState])
         cache[0] = out[1]
         cache[1] = out[2]
         cache.advance(1)
@@ -801,27 +793,11 @@ final class Qwen35DecoderLayer: Module {
     private func decodeAttentionLayer(
         _ x: MLXArray, mask: MLXFast.ScaledDotProductAttentionMaskMode, cache: KVCache
     ) -> MLXArray {
-        compileLock.lock()
-        if compiledAttentionPre == nil {
-            compiledAttentionPre = compile { [unowned self] args in
-                let (queries, gate, keys, values) = attentionPreBody(x: args[0])
-                return [queries, gate, keys, values]
-            }
-        }
-        if compiledAttentionPost == nil {
-            compiledAttentionPost = compile { [unowned self] args in
-                [attentionPostBody(x: args[0], attention: args[1], gate: args[2])]
-            }
-        }
-        let pre = compiledAttentionPre!
-        let post = compiledAttentionPost!
-        compileLock.unlock()
-
-        let projected = pre([x])
+        let projected = compiledAttentionPre(self, [x])
         let attention = attentionCacheStep(
             queries: projected[0], keys: projected[2], values: projected[3],
             cache: cache, mask: mask)
-        return post([x, attention, projected[1]])[0]
+        return compiledAttentionPost(self, [x, attention, projected[1]])[0]
     }
 
     /// The part of a full-attention decode step that cannot be traced: rope
@@ -905,7 +881,23 @@ public class Qwen35TextModelInner: Module {
         let segments = CompiledDecodeSegment.schedule(
             linearLayers: layers.map(\.isLinear))
         self.decodeSegments = segments
-        self.compiledSegments = CompiledDecodeSegmentCache(count: segments.count)
+        self.compiledSegments = CompiledDecodeSegmentCache(
+            count: segments.count,
+            state: { model, index in
+                // Everything `segmentBody` reads: the layers it runs, the
+                // embedding it starts from, the final norm it ends with.
+                var modules: [Module] = segments[index].layerIndices.map { model.layers[$0] }
+                if index == 0 {
+                    modules.append(model.embedTokens)
+                }
+                if index == segments.count - 1 {
+                    modules.append(model.norm)
+                }
+                return modules
+            },
+            body: { model, index, arguments in
+                model.segmentBody(at: index, arguments)
+            })
 
         super.init()
     }
@@ -960,7 +952,9 @@ public class Qwen35TextModelInner: Module {
     /// full-attention layer, a run of GDN layers, then the head of the next
     /// one (whose SDPA runs between this segment and the next).
     private let decodeSegments: [CompiledDecodeSegment]
-    private let compiledSegments: CompiledDecodeSegmentCache
+    private let compiledSegments: CompiledDecodeSegmentCache<Qwen35TextModelInner>
+
+    var compiledDecodeSegmentCount: Int { compiledSegments.compiledCount }
 
     /// Flat argument/result lists because `compile` takes `[MLXArray]`.
     /// In: `[x]` (token ids for segment 0), then `[attention, gate]` when
@@ -1040,11 +1034,7 @@ public class Qwen35TextModelInner: Module {
                 args.append(mambaCache[1]!)
             }
 
-            let outputs = compiledSegments.call(
-                at: segmentIndex, arguments: args
-            ) { [unowned self] segmentArgs in
-                segmentBody(at: segmentIndex, segmentArgs)
-            }
+            let outputs = compiledSegments(self, at: segmentIndex, args)
 
             carry = outputs[0]
             for (i, layerIndex) in segment.linearLayers.enumerated() {
diff --git a/Libraries/MLXLLM/Models/Qwen3Next.swift b/Libraries/MLXLLM/Models/Qwen3Next.swift
index 82c9e94..aa83cc4 100644
--- a/Libraries/MLXLLM/Models/Qwen3Next.swift
+++ b/Libraries/MLXLLM/Models/Qwen3Next.swift
@@ -524,7 +524,7 @@ public class Qwen3NextModelInner: Module {
     let faIdx: Int
 
     private let decodeSegments: [CompiledDecodeSegment]
-    private let compiledSegments: CompiledDecodeSegmentCache
+    private let compiledSegments: CompiledDecodeSegmentCache<Qwen3NextModelInner>
 
     var compiledDecodeSegmentCount: Int { compiledSegments.compiledCount }
 
@@ -549,7 +549,21 @@ public class Qwen3NextModelInner: Module {
         let segments = CompiledDecodeSegment.schedule(
             linearLayers: layers.map(\.isLinear))
         self.decodeSegments = segments
-        self.compiledSegments = CompiledDecodeSegmentCache(count: segments.count)
+        self.compiledSegments = CompiledDecodeSegmentCache(
+            count: segments.count,
+            state: { model, index in
+                // Everything `segmentBody` reads: the layers it runs, plus the
+                // final norm the last segment ends with. The embedding runs
+                // outside the trace.
+                var modules: [Module] = segments[index].layerIndices.map { model.layers[$0] }
+                if index == segments.count - 1 {
+                    modules.append(model.norm)
+                }
+                return modules
+            },
+            body: { model, index, arguments in
+                model.segmentBody(at: index, arguments)
+            })
 
         super.init()
     }
@@ -668,11 +682,7 @@ public class Qwen3NextModelInner: Module {
                 arguments.append(mambaCache[1]!)
             }
 
-            let outputs = compiledSegments.call(
-                at: segmentIndex, arguments: arguments
-            ) { [unowned self] arguments in
-                segmentBody(at: segmentIndex, arguments)
-            }
+            let outputs = compiledSegments(self, at: segmentIndex, arguments)
 
             carry = outputs[0]
             for (stateIndex, layerIndex) in segment.linearLayers.enumerated() {
diff --git a/Libraries/MLXLMCommon/Adapters/LoRA/LoRAContainer.swift b/Libraries/MLXLMCommon/Adapters/LoRA/LoRAContainer.swift
index 47e1a50..66a44ff 100644
--- a/Libraries/MLXLMCommon/Adapters/LoRA/LoRAContainer.swift
+++ b/Libraries/MLXLMCommon/Adapters/LoRA/LoRAContainer.swift
@@ -141,7 +141,7 @@ public struct LoRAContainer: ModelAdapter, @unchecked Sendable {
         model.freeze()
         let layers = lora.loraLayers.suffix(configuration.numLayers)
         let keys = configuration.loraParameters.keys ?? lora.loraDefaultKeys
-        replaceLayers(layers: layers, keys: keys) { (layer: Module) in
+        replaceLayers(in: model, layers: layers, keys: keys) { (layer: Module) in
             createReplacementLayer(target: layer, configuration: configuration)
         }
 
@@ -182,7 +182,7 @@ public struct LoRAContainer: ModelAdapter, @unchecked Sendable {
 
         let layers = lora.loraLayers.suffix(configuration.numLayers)
         let keys = configuration.loraParameters.keys ?? lora.loraDefaultKeys
-        replaceLayers(layers: layers, keys: keys) { (layer: Module) in
+        replaceLayers(in: model, layers: layers, keys: keys) { (layer: Module) in
             createReplacementLayer(target: layer, configuration: configuration)
         }
 
@@ -204,7 +204,7 @@ public struct LoRAContainer: ModelAdapter, @unchecked Sendable {
         try load(into: model)
         let layers = lora.loraLayers.suffix(configuration.numLayers)
         let keys = configuration.loraParameters.keys ?? lora.loraDefaultKeys
-        replaceLayers(layers: layers, keys: keys) { (lora: LoRALayer) in
+        replaceLayers(in: model, layers: layers, keys: keys) { (lora: LoRALayer) in
             lora.fused()
         }
     }
@@ -219,7 +219,7 @@ public struct LoRAContainer: ModelAdapter, @unchecked Sendable {
 
         let layers = lora.loraLayers.suffix(configuration.numLayers)
         let keys = configuration.loraParameters.keys ?? lora.loraDefaultKeys
-        replaceLayers(layers: layers, keys: keys) { (lora: LoRALayer) in
+        replaceLayers(in: model, layers: layers, keys: keys) { (lora: LoRALayer) in
             lora.reverted()
         }
     }
@@ -251,11 +251,17 @@ private func createReplacementLayer(
 }
 
 /// Traverses the model and replaces its layers using a transformation closure.
+///
+/// Invalidates the model's compiled traces on any replacement: a trace holds the
+/// module tree it was built from, so an adapter added, fused, or reverted here
+/// would otherwise be invisible to it.
 private func replaceLayers<T>(
+    in model: Module,
     layers: ArraySlice<Module>,
     keys: [String],
     transforming transform: (T) -> Module?
 ) {
+    var replaced = false
     for layer in layers {
         var update: [(String, Module)] = []
         for (key, child) in layer.namedModules() where keys.contains(key) {
@@ -266,6 +272,11 @@ private func replaceLayers<T>(
 
         if !update.isEmpty {
             layer.update(modules: .unflattened(update))
+            replaced = true
         }
     }
+
+    if replaced {
+        model.invalidateCompiledTraces()
+    }
 }
diff --git a/Libraries/MLXLMCommon/CompileOverloads.swift b/Libraries/MLXLMCommon/CompileOverloads.swift
new file mode 100644
index 0000000..79488a5
--- /dev/null
+++ b/Libraries/MLXLMCommon/CompileOverloads.swift
@@ -0,0 +1,332 @@
+// Copyright © 2026 Apple Inc.
+
+import Foundation
+import MLX
+
+// The rest of the stateless `compile` surface, mirroring MLX's own overload
+// matrix (1 to 8 inputs, 1 to 4 results). See CompiledTrace.swift for what
+// these are for: a `@Sendable` body cannot capture a Module or an MLXArray, so
+// weights cannot be frozen into a trace by accident. A shape missing here would
+// fall through to MLX's unchecked overload, which is why the matrix is complete
+// rather than only the shapes models happen to use today.
+//
+// Hidden from DocC, as upstream hides the equivalent list.
+
+@_documentation(visibility: internal)
+public func compile(
+    shapeless: Bool = false,
+    _ body: @escaping @Sendable (MLXArray) -> (MLXArray, MLXArray)
+) -> @Sendable (MLXArray) -> (MLXArray, MLXArray) {
+    MLX.compile(shapeless: shapeless, body)
+}
+
+@_documentation(visibility: internal)
+public func compile(
+    shapeless: Bool = false,
+    _ body: @escaping @Sendable (MLXArray) -> (MLXArray, MLXArray, MLXArray)
+) -> @Sendable (MLXArray) -> (MLXArray, MLXArray, MLXArray) {
+    MLX.compile(shapeless: shapeless, body)
+}
+
+@_documentation(visibility: internal)
+public func compile(
+    shapeless: Bool = false,
+    _ body: @escaping @Sendable (MLXArray) -> (MLXArray, MLXArray, MLXArray, MLXArray)
+) -> @Sendable (MLXArray) -> (MLXArray, MLXArray, MLXArray, MLXArray) {
+    MLX.compile(shapeless: shapeless, body)
+}
+
+@_documentation(visibility: internal)
+public func compile(
+    shapeless: Bool = false,
+    _ body: @escaping @Sendable (MLXArray, MLXArray) -> (MLXArray, MLXArray)
+) -> @Sendable (MLXArray, MLXArray) -> (MLXArray, MLXArray) {
+    MLX.compile(shapeless: shapeless, body)
+}
+
+@_documentation(visibility: internal)
+public func compile(
+    shapeless: Bool = false,
+    _ body: @escaping @Sendable (MLXArray, MLXArray) -> (MLXArray, MLXArray, MLXArray)
+) -> @Sendable (MLXArray, MLXArray) -> (MLXArray, MLXArray, MLXArray) {
+    MLX.compile(shapeless: shapeless, body)
+}
+
+@_documentation(visibility: internal)
+public func compile(
+    shapeless: Bool = false,
+    _ body: @escaping @Sendable (MLXArray, MLXArray) -> (MLXArray, MLXArray, MLXArray, MLXArray)
+) -> @Sendable (MLXArray, MLXArray) -> (MLXArray, MLXArray, MLXArray, MLXArray) {
+    MLX.compile(shapeless: shapeless, body)
+}
+
+@_documentation(visibility: internal)
+public func compile(
+    shapeless: Bool = false,
+    _ body: @escaping @Sendable (MLXArray, MLXArray, MLXArray) -> (MLXArray, MLXArray)
+) -> @Sendable (MLXArray, MLXArray, MLXArray) -> (MLXArray, MLXArray) {
+    MLX.compile(shapeless: shapeless, body)
+}
+
+@_documentation(visibility: internal)
+public func compile(
+    shapeless: Bool = false,
+    _ body: @escaping @Sendable (MLXArray, MLXArray, MLXArray) -> (MLXArray, MLXArray, MLXArray)
+) -> @Sendable (MLXArray, MLXArray, MLXArray) -> (MLXArray, MLXArray, MLXArray) {
+    MLX.compile(shapeless: shapeless, body)
+}
+
+@_documentation(visibility: internal)
+public func compile(
+    shapeless: Bool = false,
+    _ body:
+        @escaping @Sendable (MLXArray, MLXArray, MLXArray) -> (
+            MLXArray, MLXArray, MLXArray, MLXArray
+        )
+) -> @Sendable (MLXArray, MLXArray, MLXArray) -> (MLXArray, MLXArray, MLXArray, MLXArray) {
+    MLX.compile(shapeless: shapeless, body)
+}
+
+@_documentation(visibility: internal)
+public func compile(
+    shapeless: Bool = false,
+    _ body: @escaping @Sendable (MLXArray, MLXArray, MLXArray, MLXArray) -> MLXArray
+) -> @Sendable (MLXArray, MLXArray, MLXArray, MLXArray) -> MLXArray {
+    MLX.compile(shapeless: shapeless, body)
+}
+
+@_documentation(visibility: internal)
+public func compile(
+    shapeless: Bool = false,
+    _ body: @escaping @Sendable (MLXArray, MLXArray, MLXArray, MLXArray) -> (MLXArray, MLXArray)
+) -> @Sendable (MLXArray, MLXArray, MLXArray, MLXArray) -> (MLXArray, MLXArray) {
+    MLX.compile(shapeless: shapeless, body)
+}
+
+@_documentation(visibility: internal)
+public func compile(
+    shapeless: Bool = false,
+    _ body:
+        @escaping @Sendable (MLXArray, MLXArray, MLXArray, MLXArray) -> (
+            MLXArray, MLXArray, MLXArray
+        )
+) -> @Sendable (MLXArray, MLXArray, MLXArray, MLXArray) -> (MLXArray, MLXArray, MLXArray) {
+    MLX.compile(shapeless: shapeless, body)
+}
+
+@_documentation(visibility: internal)
+public func compile(
+    shapeless: Bool = false,
+    _ body:
+        @escaping @Sendable (MLXArray, MLXArray, MLXArray, MLXArray) -> (
+            MLXArray, MLXArray, MLXArray, MLXArray
+        )
+) -> @Sendable (MLXArray, MLXArray, MLXArray, MLXArray) -> (MLXArray, MLXArray, MLXArray, MLXArray)
+{
+    MLX.compile(shapeless: shapeless, body)
+}
+
+@_documentation(visibility: internal)
+public func compile(
+    shapeless: Bool = false,
+    _ body: @escaping @Sendable (MLXArray, MLXArray, MLXArray, MLXArray, MLXArray) -> MLXArray
+) -> @Sendable (MLXArray, MLXArray, MLXArray, MLXArray, MLXArray) -> MLXArray {
+    MLX.compile(shapeless: shapeless, body)
+}
+
+@_documentation(visibility: internal)
+public func compile(
+    shapeless: Bool = false,
+    _ body:
+        @escaping @Sendable (MLXArray, MLXArray, MLXArray, MLXArray, MLXArray) -> (
+            MLXArray, MLXArray
+        )
+) -> @Sendable (MLXArray, MLXArray, MLXArray, MLXArray, MLXArray) -> (MLXArray, MLXArray) {
+    MLX.compile(shapeless: shapeless, body)
+}
+
+@_documentation(visibility: internal)
+public func compile(
+    shapeless: Bool = false,
+    _ body:
+        @escaping @Sendable (MLXArray, MLXArray, MLXArray, MLXArray, MLXArray) -> (
+            MLXArray, MLXArray, MLXArray
+        )
+) -> @Sendable (MLXArray, MLXArray, MLXArray, MLXArray, MLXArray) -> (MLXArray, MLXArray, MLXArray)
+{
+    MLX.compile(shapeless: shapeless, body)
+}
+
+@_documentation(visibility: internal)
+public func compile(
+    shapeless: Bool = false,
+    _ body:
+        @escaping @Sendable (MLXArray, MLXArray, MLXArray, MLXArray, MLXArray) -> (
+            MLXArray, MLXArray, MLXArray, MLXArray
+        )
+)
+    -> @Sendable (MLXArray, MLXArray, MLXArray, MLXArray, MLXArray) -> (
+        MLXArray, MLXArray, MLXArray, MLXArray
+    )
+{
+    MLX.compile(shapeless: shapeless, body)
+}
+
+@_documentation(visibility: internal)
+public func compile(
+    shapeless: Bool = false,
+    _ body:
+        @escaping @Sendable (MLXArray, MLXArray, MLXArray, MLXArray, MLXArray, MLXArray) -> MLXArray
+) -> @Sendable (MLXArray, MLXArray, MLXArray, MLXArray, MLXArray, MLXArray) -> MLXArray {
+    MLX.compile(shapeless: shapeless, body)
+}
+
+@_documentation(visibility: internal)
+public func compile(
+    shapeless: Bool = false,
+    _ body:
+        @escaping @Sendable (MLXArray, MLXArray, MLXArray, MLXArray, MLXArray, MLXArray) -> (
+            MLXArray, MLXArray
+        )
+) -> @Sendable (MLXArray, MLXArray, MLXArray, MLXArray, MLXArray, MLXArray) -> (MLXArray, MLXArray)
+{
+    MLX.compile(shapeless: shapeless, body)
+}
+
+@_documentation(visibility: internal)
+public func compile(
+    shapeless: Bool = false,
+    _ body:
+        @escaping @Sendable (MLXArray, MLXArray, MLXArray, MLXArray, MLXArray, MLXArray) -> (
+            MLXArray, MLXArray, MLXArray
+        )
+)
+    -> @Sendable (MLXArray, MLXArray, MLXArray, MLXArray, MLXArray, MLXArray) -> (
+        MLXArray, MLXArray, MLXArray
+    )
+{
+    MLX.compile(shapeless: shapeless, body)
+}
+
+@_documentation(visibility: internal)
+public func compile(
+    shapeless: Bool = false,
+    _ body:
+        @escaping @Sendable (MLXArray, MLXArray, MLXArray, MLXArray, MLXArray, MLXArray) -> (
+            MLXArray, MLXArray, MLXArray, MLXArray
+        )
+)
+    -> @Sendable (MLXArray, MLXArray, MLXArray, MLXArray, MLXArray, MLXArray) -> (
+        MLXArray, MLXArray, MLXArray, MLXArray
+    )
+{
+    MLX.compile(shapeless: shapeless, body)
+}
+
+@_documentation(visibility: internal)
+public func compile(
+    shapeless: Bool = false,
+    _ body:
+        @escaping @Sendable (MLXArray, MLXArray, MLXArray, MLXArray, MLXArray, MLXArray, MLXArray)
+        -> MLXArray
+) -> @Sendable (MLXArray, MLXArray, MLXArray, MLXArray, MLXArray, MLXArray, MLXArray) -> MLXArray {
+    MLX.compile(shapeless: shapeless, body)
+}
+
+@_documentation(visibility: internal)
+public func compile(
+    shapeless: Bool = false,
+    _ body:
+        @escaping @Sendable (MLXArray, MLXArray, MLXArray, MLXArray, MLXArray, MLXArray, MLXArray)
+        -> (MLXArray, MLXArray)
+)
+    -> @Sendable (MLXArray, MLXArray, MLXArray, MLXArray, MLXArray, MLXArray, MLXArray) -> (
+        MLXArray, MLXArray
+    )
+{
+    MLX.compile(shapeless: shapeless, body)
+}
+
+@_documentation(visibility: internal)
+public func compile(
+    shapeless: Bool = false,
+    _ body:
+        @escaping @Sendable (MLXArray, MLXArray, MLXArray, MLXArray, MLXArray, MLXArray, MLXArray)
+        -> (MLXArray, MLXArray, MLXArray)
+)
+    -> @Sendable (MLXArray, MLXArray, MLXArray, MLXArray, MLXArray, MLXArray, MLXArray) -> (
+        MLXArray, MLXArray, MLXArray
+    )
+{
+    MLX.compile(shapeless: shapeless, body)
+}
+
+@_documentation(visibility: internal)
+public func compile(
+    shapeless: Bool = false,
+    _ body:
+        @escaping @Sendable (MLXArray, MLXArray, MLXArray, MLXArray, MLXArray, MLXArray, MLXArray)
+        -> (MLXArray, MLXArray, MLXArray, MLXArray)
+)
+    -> @Sendable (MLXArray, MLXArray, MLXArray, MLXArray, MLXArray, MLXArray, MLXArray) -> (
+        MLXArray, MLXArray, MLXArray, MLXArray
+    )
+{
+    MLX.compile(shapeless: shapeless, body)
+}
+
+@_documentation(visibility: internal)
+public func compile(
+    shapeless: Bool = false,
+    _ body:
+        @escaping @Sendable (
+            MLXArray, MLXArray, MLXArray, MLXArray, MLXArray, MLXArray, MLXArray, MLXArray
+        ) -> MLXArray
+)
+    -> @Sendable (MLXArray, MLXArray, MLXArray, MLXArray, MLXArray, MLXArray, MLXArray, MLXArray) ->
+    MLXArray
+{
+    MLX.compile(shapeless: shapeless, body)
+}
+
+@_documentation(visibility: internal)
+public func compile(
+    shapeless: Bool = false,
+    _ body:
+        @escaping @Sendable (
+            MLXArray, MLXArray, MLXArray, MLXArray, MLXArray, MLXArray, MLXArray, MLXArray
+        ) -> (MLXArray, MLXArray)
+)
+    -> @Sendable (MLXArray, MLXArray, MLXArray, MLXArray, MLXArray, MLXArray, MLXArray, MLXArray) ->
+    (MLXArray, MLXArray)
+{
+    MLX.compile(shapeless: shapeless, body)
+}
+
+@_documentation(visibility: internal)
+public func compile(
+    shapeless: Bool = false,
+    _ body:
+        @escaping @Sendable (
+            MLXArray, MLXArray, MLXArray, MLXArray, MLXArray, MLXArray, MLXArray, MLXArray
+        ) -> (MLXArray, MLXArray, MLXArray)
+)
+    -> @Sendable (MLXArray, MLXArray, MLXArray, MLXArray, MLXArray, MLXArray, MLXArray, MLXArray) ->
+    (MLXArray, MLXArray, MLXArray)
+{
+    MLX.compile(shapeless: shapeless, body)
+}
+
+@_documentation(visibility: internal)
+public func compile(
+    shapeless: Bool = false,
+    _ body:
+        @escaping @Sendable (
+            MLXArray, MLXArray, MLXArray, MLXArray, MLXArray, MLXArray, MLXArray, MLXArray
+        ) -> (MLXArray, MLXArray, MLXArray, MLXArray)
+)
+    -> @Sendable (MLXArray, MLXArray, MLXArray, MLXArray, MLXArray, MLXArray, MLXArray, MLXArray) ->
+    (MLXArray, MLXArray, MLXArray, MLXArray)
+{
+    MLX.compile(shapeless: shapeless, body)
+}
diff --git a/Libraries/MLXLMCommon/CompiledDecodeSegments.swift b/Libraries/MLXLMCommon/CompiledDecodeSegments.swift
index ca91399..5f8463b 100644
--- a/Libraries/MLXLMCommon/CompiledDecodeSegments.swift
+++ b/Libraries/MLXLMCommon/CompiledDecodeSegments.swift
@@ -1,5 +1,6 @@
 import Foundation
 import MLX
+import MLXNN
 
 /// One static-shaped piece of a hybrid model's single-token decode graph.
 ///
@@ -29,6 +30,13 @@ package struct CompiledDecodeSegment: Sendable, Equatable {
     /// two updated state tensors per linear layer.
     package var attentionOutputOffset: Int { 1 + 2 * linearLayers.count }
 
+    /// Every decoder layer this segment runs, in order. The weights of these
+    /// layers are the compile state of the segment's trace.
+    package var layerIndices: [Int] {
+        (attentionPostLayer.map { [$0] } ?? []) + linearLayers
+            + (attentionPreLayer.map { [$0] } ?? [])
+    }
+
     /// Build the maximal segments separated by full-attention cache writes.
     package static func schedule(linearLayers: [Bool]) -> [Self] {
         var segments: [Self] = []
@@ -47,37 +55,45 @@ package struct CompiledDecodeSegment: Sendable, Equatable {
     }
 }
 
-/// Lazily compiles and retains one MLX function for every decode segment.
+/// Lazily compiles and retains one `CompiledTrace` per decode segment.
 ///
-/// Models create this after their schedule is known. Compilation remains lazy
-/// because model weights are loaded after initialization. The lock ensures two
-/// concurrent first decode calls cannot install different traces.
-package final class CompiledDecodeSegmentCache {
-    private let lock = NSLock()
-    private var functions: [(([MLXArray]) -> [MLXArray])?]
+/// Models create this with their schedule; compilation stays lazy because
+/// weights load after initialization. Each segment declares the modules its
+/// body reads, so the trace sees current weights rather than the ones it was
+/// first traced with.
+package final class CompiledDecodeSegmentCache<Owner: Module>: CompiledTraceInvalidating {
+
+    /// Runs segment `index` over the flat argument list.
+    package typealias Body = @Sendable (Owner, Int, [MLXArray]) -> [MLXArray]
+
+    /// Returns the modules whose weights segment `index` reads: the layers in
+    /// `layerIndices`, plus anything else the body touches such as the
+    /// embedding or the final norm.
+    package typealias StateProvider = @Sendable (Owner, Int) -> [Module]
+
+    private let traces: [CompiledTrace<Owner>]
 
-    package init(count: Int) {
+    package init(count: Int, state: @escaping StateProvider, body: @escaping Body) {
         precondition(count > 0, "compiled decode requires at least one segment")
-        self.functions = Array(repeating: nil, count: count)
+        self.traces = (0 ..< count).map { index in
+            CompiledTrace<Owner>(
+                state: { state($0, index) },
+                body: { owner, arguments in body(owner, index, arguments) })
+        }
     }
 
     package var compiledCount: Int {
-        lock.withLock { functions.compactMap { $0 }.count }
+        traces.filter(\.isCompiled).count
     }
 
-    package func call(
-        at index: Int,
-        arguments: [MLXArray],
-        body: @escaping ([MLXArray]) -> [MLXArray]
+    package func callAsFunction(
+        _ owner: Owner, at index: Int, _ arguments: [MLXArray]
     ) -> [MLXArray] {
-        let function = lock.withLock {
-            if let function = functions[index] {
-                return function
-            }
-            let function = compile(body)
-            functions[index] = function
-            return function
-        }
-        return function(arguments)
+        traces[index](owner, arguments)
+    }
+
+    /// Drops every segment trace. See `CompiledTrace.invalidate()`.
+    package func invalidate() {
+        traces.forEach { $0.invalidate() }
     }
 }
diff --git a/Libraries/MLXLMCommon/CompiledTrace.swift b/Libraries/MLXLMCommon/CompiledTrace.swift
new file mode 100644
index 0000000..24a6abf
--- /dev/null
+++ b/Libraries/MLXLMCommon/CompiledTrace.swift
@@ -0,0 +1,193 @@
+// Copyright © 2026 Apple Inc.
+
+import Foundation
+import MLX
+import MLXNN
+
+// MLX traces a compiled function once. Any MLXArray the body reads but does not
+// take as an argument becomes a constant of that trace, so weights read through
+// a captured module freeze at the values of the first call. Plain inference
+// never notices. An adapter load, fuse, or unload, or a training step, keeps
+// producing the old weights.
+//
+// The `compile` overloads below shadow MLX's stateless ones with a `@Sendable`
+// body. `MLXArray` and `Module` are not `Sendable`, so that capture no longer
+// builds. Bodies that read weights use `CompiledTrace`, which declares them as
+// compile state.
+//
+// `MLX.compile(inputs:outputs:)` is untouched: declaring captured state there
+// is correct, and it remains the way to compile a training step.
+
+/// Compiles a function that reads nothing but its arguments.
+///
+/// Shadows MLX's `compile` with a `@Sendable` body, which cannot capture an
+/// `MLXArray` or a `Module`. Use ``CompiledTrace`` for a body that has to read
+/// module weights.
+public func compile(
+    shapeless: Bool = false,
+    _ body: @escaping @Sendable ([MLXArray]) -> [MLXArray]
+) -> @Sendable ([MLXArray]) -> [MLXArray] {
+    MLX.compile(shapeless: shapeless, body)
+}
+
+/// Overload of ``compile(shapeless:_:)-(Bool,([MLXArray])->[MLXArray])`` for one input and one
+/// output.
+public func compile(
+    shapeless: Bool = false,
+    _ body: @escaping @Sendable (MLXArray) -> MLXArray
+) -> @Sendable (MLXArray) -> MLXArray {
+    MLX.compile(shapeless: shapeless, body)
+}
+
+/// Overload of ``compile(shapeless:_:)-(Bool,([MLXArray])->[MLXArray])`` for two inputs and one
+/// output.
+public func compile(
+    shapeless: Bool = false,
+    _ body: @escaping @Sendable (MLXArray, MLXArray) -> MLXArray
+) -> @Sendable (MLXArray, MLXArray) -> MLXArray {
+    MLX.compile(shapeless: shapeless, body)
+}
+
+/// Overload of ``compile(shapeless:_:)-(Bool,([MLXArray])->[MLXArray])`` for three inputs and one
+/// output.
+public func compile(
+    shapeless: Bool = false,
+    _ body: @escaping @Sendable (MLXArray, MLXArray, MLXArray) -> MLXArray
+) -> @Sendable (MLXArray, MLXArray, MLXArray) -> MLXArray {
+    MLX.compile(shapeless: shapeless, body)
+}
+
+/// A compiled trace of a body that reads module weights.
+///
+/// The declared modules' weights become compile `inputs:`, so every call reads
+/// their current values instead of the ones the first call happened to see.
+/// Without that, a compiled forward silently ignores a loaded adapter or a
+/// training step.
+///
+/// The body takes its owner as a parameter and is `@Sendable`, so it cannot
+/// reach the weights any other way: capturing `self` does not compile.
+///
+/// ```swift
+/// final class MoEBlock: Module, UnaryLayer {
+///     // The body stays inside this module, so the default state covers it.
+///     private let compiledForward = CompiledTrace<MoEBlock> { block, arguments in
+///         [block.forward(arguments[0])]
+///     }
+///
+///     func callAsFunction(_ x: MLXArray) -> MLXArray {
+///         compiledForward(self, x)
+///     }
+/// }
+/// ```
+///
+/// Compilation is lazy, so a module can create its traces in `init` and they
+/// still read weights loaded later. Traces never retain their owner.
+///
+/// A trace is built from the modules present when it first ran, so replacing
+/// modules invalidates it: see `Module.invalidateCompiledTraces()`.
+public final class CompiledTrace<Owner: Module>: CompiledTraceInvalidating {
+
+    /// The traced body. Receives the owner whose weights it may read.
+    public typealias Body = @Sendable (Owner, [MLXArray]) -> [MLXArray]
+
+    /// Returns the modules whose weights the body reads.
+    public typealias StateProvider = @Sendable (Owner) -> [Module]
+
+    private let state: StateProvider
+    private let body: Body
+
+    // Compiled on first call rather than at init, because weights load later.
+    // The lock keeps two concurrent first calls from installing rival traces.
+    private let lock = NSLock()
+    private var function: (@Sendable ([MLXArray]) -> [MLXArray])?
+    private var tracedOwner: ObjectIdentifier?
+
+    /// - Parameters:
+    ///   - state: the modules whose weights the body reads; the owner by
+    ///     default, which covers a body that stays inside its own subtree
+    ///   - body: the function to trace
+    public init(state: @escaping StateProvider = { [$0] }, body: @escaping Body) {
+        self.state = state
+        self.body = body
+    }
+
+    /// Whether the trace has been compiled.
+    public var isCompiled: Bool {
+        lock.withLock { function != nil }
+    }
+
+    /// Drops the compiled trace; the next call re-reads the module tree.
+    public func invalidate() {
+        lock.withLock {
+            function = nil
+            tracedOwner = nil
+        }
+    }
+
+    /// Runs the trace, compiling it on first use.
+    public func callAsFunction(_ owner: Owner, _ arguments: [MLXArray]) -> [MLXArray] {
+        let traced = lock.withLock {
+            if let function {
+                precondition(
+                    tracedOwner == ObjectIdentifier(owner),
+                    "a CompiledTrace belongs to the module it first ran on")
+                return function
+            }
+            let function = compiled(owner)
+            self.function = function
+            self.tracedOwner = ObjectIdentifier(owner)
+            return function
+        }
+        return traced(arguments)
+    }
+
+    /// Convenience for a single argument and a single result.
+    public func callAsFunction(_ owner: Owner, _ argument: MLXArray) -> MLXArray {
+        self(owner, [argument])[0]
+    }
+
+    private func compiled(_ owner: Owner) -> @Sendable ([MLXArray]) -> [MLXArray] {
+        let body = self.body
+
+        // A snapshot is enough: `update(parameters:)`, the path optimizers and
+        // adapter weights take, writes through these same MLXArray objects.
+        // Replacing modules makes new ones, which is what
+        // `invalidateCompiledTraces()` is for. Re-reading the tree every call
+        // would cost more than the trace saves (~35µs per decoder layer).
+        let weights = state(owner).flatMap { $0.innerState() }
+
+        // The one place in this package that captures a module in a compiled
+        // body: `unowned` because the module stores the trace, and a strong
+        // capture would cycle and leak the weights with it.
+        return MLX.compile(inputs: [weights]) { [unowned owner] arguments in
+            body(owner, arguments)
+        }
+    }
+}
+
+/// Something `Module.invalidateCompiledTraces()` can reset: a ``CompiledTrace``
+/// or a container of them.
+public protocol CompiledTraceInvalidating: AnyObject {
+    func invalidate()
+}
+
+extension Module {
+
+    /// Drops every compiled trace stored in this module tree.
+    ///
+    /// A ``CompiledTrace`` is built from the modules present when it first ran,
+    /// so anything that replaces modules leaves it stale: loading, fusing, or
+    /// unloading an adapter, quantizing a loaded model. Weight updates that
+    /// keep the tree intact, such as training steps, do not need this.
+    /// Traces are found by reflection, so storing one is all a module has to
+    /// do: there is no conformance to remember.
+    public func invalidateCompiledTraces() {
+        visit { _, module in
+            for value in module.items().flattenedValues() {
+                if case .other(let value) = value, let trace = value as? CompiledTraceInvalidating {
+                    trace.invalidate()
+                }
+            }
+        }
+    }
+}
diff --git a/Libraries/MLXLMCommon/ModelConversion.swift b/Libraries/MLXLMCommon/ModelConversion.swift
index b887185..3de5404 100644
--- a/Libraries/MLXLMCommon/ModelConversion.swift
+++ b/Libraries/MLXLMCommon/ModelConversion.swift
@@ -652,6 +652,9 @@ private func quantizeForModelConversion(
         }
 
     model.update(modules: ModuleChildren.unflattened(updates))
+    // Quantized layers replace their float counterparts; drop traces of the
+    // old tree.
+    model.invalidateCompiledTraces()
 
     return .init(
         defaultQuantization: effectiveDefaultQuantization.asModelConversionQuantization,
diff --git a/Libraries/MLXLMCommon/ParoQuant/ParoQuantLoader.swift b/Libraries/MLXLMCommon/ParoQuant/ParoQuantLoader.swift
index 88de186..bee9a7a 100644
--- a/Libraries/MLXLMCommon/ParoQuant/ParoQuantLoader.swift
+++ b/Libraries/MLXLMCommon/ParoQuant/ParoQuantLoader.swift
@@ -497,6 +497,7 @@ private func patchRotationLayers(
 
     if !updates.isEmpty {
         try model.update(modules: ModuleChildren.unflattened(updates), verify: [.noUnusedKeys])
+        model.invalidateCompiledTraces()
 
         let patchedLeaves = rotationLeafModules(model: model)
         for (path, _) in updates {
diff --git a/Tests/MLXLMTests/CompiledDecodeWeightUpdateTests.swift b/Tests/MLXLMTests/CompiledDecodeWeightUpdateTests.swift
new file mode 100644
index 0000000..0ffef56
--- /dev/null
+++ b/Tests/MLXLMTests/CompiledDecodeWeightUpdateTests.swift
@@ -0,0 +1,217 @@
+// Copyright © 2026 Apple Inc.
+//
+// A compiled decode path must read the weights a model has now, not the ones
+// its traces were built with. Each test warms a model until its traces are
+// compiled, changes every weight, and compares it against an identical model
+// whose traces are built after the change. Any weight left out of a trace's
+// declared compile state shows up as a mismatch.
+
+import Foundation
+import MLX
+import MLXLMCommon
+import MLXNN
+import XCTest
+
+@testable import MLXLLM
+
+final class CompiledDecodeWeightUpdateTests: XCTestCase {
+
+    private func logits(
+        _ model: some LLMModel, tokens: [Int32], cache: [KVCache]
+    ) -> [Float] {
+        var result: [Float] = []
+        for token in tokens {
+            let output = model(MLXArray([token]).reshaped(1, 1), cache: cache)
+            eval(output)
+            result += output.asArray(Float.self)
+        }
+        return result
+    }
+
+    /// Scales every parameter of both models to the same new values.
+    private func perturb(_ warm: some Module, _ reference: some Module) {
+        let updated = warm.parameters().mapValues { $0 * 1.5 }
+        warm.update(parameters: updated)
+        reference.update(parameters: updated)
+    }
+
+    // MARK: - Qwen 3.5
+
+    private func qwen35Configuration(
+        numExperts: Int, headDim: Int = 16
+    ) throws -> Qwen35TextConfiguration {
+        let json = """
+            {
+                "model_type": "qwen3_5",
+                "hidden_size": 32, "num_hidden_layers": 4, "intermediate_size": 64,
+                "num_attention_heads": 2, "num_key_value_heads": 1, "head_dim": \(headDim),
+                "linear_num_value_heads": 2, "linear_num_key_heads": 1,
+                "linear_key_head_dim": 16, "linear_value_head_dim": 16,
+                "linear_conv_kernel_dim": 4, "vocab_size": 32,
+                "full_attention_interval": 2,
+                "num_experts": \(numExperts), "num_experts_per_tok": \(min(2, numExperts)),
+                "moe_intermediate_size": 16, "shared_expert_intermediate_size": 16
+            }
+            """
+        return try JSONDecoder().decode(Qwen35TextConfiguration.self, from: Data(json.utf8))
+    }
+
+    private func assertQwen35TracksWeights(
+        numExperts: Int,
+        headDim: Int = 16,
+        usesSegments: Bool = true,
+        cache makeCache: (Qwen35TextModel) throws -> [KVCache] = {
+            try $0.newCache(parameters: nil)
+        }
+    ) throws {
+        let configuration = try qwen35Configuration(numExperts: numExperts, headDim: headDim)
+        let (warm, reference) = withRandomState(MLXRandom.RandomState(seed: 17)) {
+            let warm = Qwen35TextModel(configuration)
+            let reference = Qwen35TextModel(configuration)
+            reference.update(parameters: warm.parameters())
+            return (warm, reference)
+        }
+
+        // Compile the traces against the original weights.
+        _ = logits(warm, tokens: [1, 2, 3], cache: try makeCache(warm))
+        if usesSegments {
+            XCTAssertGreaterThan(warm.model.compiledDecodeSegmentCount, 0)
+        } else {
+            XCTAssertEqual(warm.model.compiledDecodeSegmentCount, 0)
+        }
+
+        perturb(warm, reference)
+
+        let updated = logits(warm, tokens: [4, 5, 6], cache: try makeCache(warm))
+        let expected = logits(reference, tokens: [4, 5, 6], cache: try makeCache(reference))
+        XCTAssertEqual(updated, expected, "compiled decode used stale weights")
+    }
+
+    func testQwen35CompiledDecodeTracksWeightUpdates() throws {
+        try assertQwen35TracksWeights(numExperts: 0)
+    }
+
+    func testQwen35MoECompiledDecodeTracksWeightUpdates() throws {
+        try assertQwen35TracksWeights(numExperts: 4)
+    }
+
+    /// A quantized KV cache falls back to the per-layer traces, which are the
+    /// other place Qwen 3.5 compiles module weights.
+    func testQwen35PerLayerTracesTrackWeightUpdates() throws {
+        try assertQwen35TracksWeights(numExperts: 4, headDim: 32, usesSegments: false) { model in
+            try model.newCache(parameters: nil).map { cache in
+                cache is MambaCache ? cache : QuantizedKVCache(groupSize: 32, bits: 8)
+            }
+        }
+    }
+
+    // MARK: - Qwen 3 Next
+
+    func testQwen3NextCompiledDecodeTracksWeightUpdates() throws {
+        let json = """
+            {
+                "hidden_size": 16, "num_hidden_layers": 4, "intermediate_size": 32,
+                "num_attention_heads": 2, "num_key_value_heads": 1, "head_dim": 8,
+                "linear_num_value_heads": 2, "linear_num_key_heads": 2,
+                "linear_key_head_dim": 8, "linear_value_head_dim": 8,
+                "linear_conv_kernel_dim": 4,
+                "num_experts": 4, "num_experts_per_tok": 2, "decoder_sparse_step": 1,
+                "shared_expert_intermediate_size": 16, "mlp_only_layers": [],
+                "moe_intermediate_size": 16, "rms_norm_eps": 1e-6, "vocab_size": 32,
+                "rope_theta": 10000.0, "partial_rotary_factor": 0.25,
+                "max_position_embeddings": 128, "norm_topk_prob": true,
+                "tie_word_embeddings": true, "attention_bias": false,
+                "full_attention_interval": 2
+            }
+            """
+        let configuration = try JSONDecoder().decode(
+            Qwen3NextConfiguration.self, from: Data(json.utf8))
+
+        // The compiled decode path is fp16 only.
+        let (warm, reference) = withRandomState(MLXRandom.RandomState(seed: 19)) {
+            let warm = Qwen3NextModel(configuration)
+            warm.update(parameters: warm.parameters().mapValues { $0.asType(.float16) })
+            let reference = Qwen3NextModel(configuration)
+            reference.update(parameters: warm.parameters())
+            return (warm, reference)
+        }
+
+        _ = logits(warm, tokens: [1, 2, 3], cache: try warm.newCache(parameters: nil))
+        XCTAssertGreaterThan(warm.model.compiledDecodeSegmentCount, 0)
+
+        perturb(warm, reference)
+
+        let updated = logits(warm, tokens: [4, 5, 6], cache: try warm.newCache(parameters: nil))
+        let expected = logits(
+            reference, tokens: [4, 5, 6], cache: try reference.newCache(parameters: nil))
+        XCTAssertEqual(updated, expected, "compiled decode used stale weights")
+    }
+
+    // MARK: - Adapters
+
+    /// Loading an adapter into a model that has already run replaces modules
+    /// under the traces. `LoRAContainer.load` invalidates them.
+    func testLoRALoadAfterCompiledDecodeChangesOutput() throws {
+        let configuration = try qwen35Configuration(numExperts: 0)
+        let model = withRandomState(MLXRandom.RandomState(seed: 23)) {
+            Qwen35TextModel(configuration)
+        }
+        let cache = try model.newCache(parameters: nil)
+        _ = logits(model, tokens: [1, 2, 3], cache: cache)
+        XCTAssertGreaterThan(model.model.compiledDecodeSegmentCount, 0)
+
+        let baseline = logits(model, tokens: [4], cache: try model.newCache(parameters: nil))
+
+        let rank = 4
+        let adapter = LoRAContainer(
+            configuration: .init(
+                numLayers: 4,
+                loraParameters: .init(rank: rank, scale: 1.0, keys: ["self_attn.q_proj"])),
+            parameters: ModuleParameters.unflattened([
+                "model.layers.1.self_attn.q_proj.lora_a": MLXArray.full(
+                    [32, rank], values: MLXArray(Float(0.05))),
+                "model.layers.1.self_attn.q_proj.lora_b": MLXArray.full(
+                    [rank, 64], values: MLXArray(Float(0.05))),
+                "model.layers.3.self_attn.q_proj.lora_a": MLXArray.full(
+                    [32, rank], values: MLXArray(Float(0.05))),
+                "model.layers.3.self_attn.q_proj.lora_b": MLXArray.full(
+                    [rank, 64], values: MLXArray(Float(0.05))),
+            ]))
+        try adapter.load(into: model)
+
+        let adapted = logits(model, tokens: [4], cache: try model.newCache(parameters: nil))
+        XCTAssertNotEqual(adapted, baseline, "compiled decode ignored the loaded adapter")
+
+        adapter.unload(from: model)
+        let restored = logits(model, tokens: [4], cache: try model.newCache(parameters: nil))
+        XCTAssertEqual(restored, baseline, "compiled decode kept the unloaded adapter")
+    }
+
+    /// The training entry point replaces the same layers as `load(into:)`.
+    /// Fresh adapters are zero-initialized, so the trace has to survive until
+    /// the first optimizer step to be caught here.
+    func testLoRAConversionAfterCompiledDecodeSeesTrainedAdapter() throws {
+        let configuration = try qwen35Configuration(numExperts: 0)
+        let model = withRandomState(MLXRandom.RandomState(seed: 29)) {
+            Qwen35TextModel(configuration)
+        }
+        _ = logits(model, tokens: [1, 2, 3], cache: try model.newCache(parameters: nil))
+        XCTAssertGreaterThan(model.model.compiledDecodeSegmentCount, 0)
+
+        let baseline = logits(model, tokens: [4], cache: try model.newCache(parameters: nil))
+
+        _ = try LoRAContainer.from(
+            model: model,
+            configuration: .init(
+                numLayers: 4,
+                loraParameters: .init(rank: 4, scale: 1.0, keys: ["self_attn.q_proj"])))
+
+        let trainable = model.trainableParameters()
+        XCTAssertFalse(trainable.isEmpty, "conversion produced no trainable adapter parameters")
+        model.update(parameters: trainable.mapValues { $0 + 0.05 })
+
+        let trained = logits(model, tokens: [4], cache: try model.newCache(parameters: nil))
+        XCTAssertNotEqual(
+            trained, baseline, "compiled decode ignored the adapter it was trained on")
+    }
+}
diff --git a/Tests/MLXLMTests/CompiledTraceTests.swift b/Tests/MLXLMTests/CompiledTraceTests.swift
new file mode 100644
index 0000000..18f1250
--- /dev/null
+++ b/Tests/MLXLMTests/CompiledTraceTests.swift
@@ -0,0 +1,189 @@
+// Copyright © 2026 Apple Inc.
+//
+// MLX traces a compiled function once: every array the body reads without
+// receiving it as an argument or declaring it as `inputs:` state becomes a
+// constant of the trace. These tests pin that behaviour for plain `compile`
+// (the hazard) and pin that `CompiledTrace` does not have it (the fix).
+
+import Foundation
+import MLX
+import MLXLMCommon
+import MLXNN
+import XCTest
+
+private final class ScaleLayer: Module {
+    @ParameterInfo(key: "weight") var weight: MLXArray
+
+    init(_ value: Float) {
+        self._weight.wrappedValue = MLXArray([value])
+        super.init()
+    }
+
+    func forward(_ x: MLXArray) -> MLXArray {
+        x * weight
+    }
+
+    let compiledForward = CompiledTrace<ScaleLayer> { layer, arguments in
+        [layer.forward(arguments[0])]
+    }
+}
+
+private final class ScaleContainer: Module {
+    @ModuleInfo(key: "linear") var linear: Linear
+
+    override init() {
+        _linear.wrappedValue = Linear(1, 1, bias: false)
+        super.init()
+    }
+
+    func forward(_ x: MLXArray) -> MLXArray {
+        linear(x)
+    }
+
+    let compiledForward = CompiledTrace<ScaleContainer> { container, arguments in
+        [container.forward(arguments[0])]
+    }
+}
+
+/// Traces held in a collection, like the per-segment traces a model keeps.
+private final class ScaleBank: Module {
+    @ParameterInfo(key: "weight") var weight: MLXArray
+    let traces: [CompiledTrace<ScaleBank>]
+
+    init(_ value: Float) {
+        self._weight.wrappedValue = MLXArray([value])
+        self.traces = (0 ..< 2).map { _ in
+            CompiledTrace<ScaleBank> { bank, arguments in [arguments[0] * bank.weight] }
+        }
+        super.init()
+    }
+}
+
+private final class ScaleParent: Module {
+    @ModuleInfo(key: "child") var child: ScaleLayer
+
+    init(_ child: ScaleLayer) {
+        _child.wrappedValue = child
+        super.init()
+    }
+}
+
+final class CompiledTraceTests: XCTestCase {
+
+    private func setWeight(_ layer: ScaleLayer, _ value: Float) {
+        layer.update(parameters: ModuleParameters.unflattened(["weight": MLXArray([value])]))
+    }
+
+    private func value(_ array: MLXArray) -> Float {
+        eval(array)
+        return array.item(Float.self)
+    }
+
+    /// The hazard, straight from MLX: a body that reads weights through a
+    /// capture keeps the values of its first call. Reproducing it takes
+    /// `MLX.compile` by name, since the `compile` this package exposes rejects
+    /// the capture at build time. A failure here means MLX changed its capture
+    /// rules and `CompiledTrace` can be revisited.
+    func testPlainCompileFreezesCapturedWeights() {
+        let layer = ScaleLayer(2)
+        let captured = MLX.compile { [unowned layer] (x: MLXArray) in layer.forward(x) }
+
+        XCTAssertEqual(value(captured(MLXArray([Float(1)]))), 2)
+
+        setWeight(layer, 5)
+        XCTAssertEqual(value(layer.forward(MLXArray([Float(1)]))), 5)
+        XCTAssertEqual(
+            value(captured(MLXArray([Float(1)]))), 2,
+            "plain compile baked the captured weight into the trace")
+    }
+
+    /// The same body through ``CompiledTrace``: weights are compile `inputs:`,
+    /// so every call reads their current values.
+    func testCompiledTraceSeesWeightUpdates() {
+        let layer = ScaleLayer(2)
+
+        XCTAssertEqual(value(layer.compiledForward(layer, MLXArray([Float(1)]))), 2)
+
+        setWeight(layer, 5)
+        XCTAssertEqual(value(layer.compiledForward(layer, MLXArray([Float(1)]))), 5)
+
+        setWeight(layer, -3)
+        XCTAssertEqual(value(layer.compiledForward(layer, MLXArray([Float(1)]))), -3)
+    }
+
+    /// Gradients flow to the declared state, which is what training a LoRA
+    /// adapter through a compiled forward needs.
+    func testCompiledTraceIsDifferentiableThroughWeights() throws {
+        let layer = ScaleLayer(2)
+        let x = MLXArray([Float(3)])
+
+        let gradients = valueAndGrad(model: layer) { (layer: ScaleLayer, x: MLXArray) in
+            [layer.compiledForward(layer, x).sum()]
+        }(layer, x).1
+        let flattened = Dictionary(uniqueKeysWithValues: gradients.flattened())
+
+        XCTAssertEqual(value(try XCTUnwrap(flattened["weight"])), 3)
+    }
+
+    /// A trace is stored on the module it traces, so it must not retain it.
+    func testCompiledTraceDoesNotRetainItsOwner() {
+        var layer: ScaleLayer? = ScaleLayer(2)
+        _ = value(layer!.compiledForward(layer!, MLXArray([Float(1)])))
+
+        weak var released = layer
+        layer = nil
+
+        XCTAssertNil(released, "the compiled trace retained its owner")
+    }
+
+    /// Loading, fusing, or unloading an adapter replaces modules, which leaves
+    /// the trace holding the old tree. Invalidating rebuilds it.
+    func testInvalidateCompiledTracesPicksUpReplacedModules() throws {
+        func weight(_ value: Float) -> MLXArray {
+            MLXArray([value]).reshaped(1, 1)
+        }
+        let one = MLXArray([Float(1)]).reshaped(1, 1)
+
+        let container = ScaleContainer()
+        container.update(parameters: ModuleParameters.unflattened(["linear.weight": weight(2)]))
+        XCTAssertEqual(value(container.compiledForward(container, one)), 2)
+
+        let replacement = Linear(1, 1, bias: false)
+        replacement.update(parameters: ModuleParameters.unflattened(["weight": weight(7)]))
+        container.update(modules: ModuleChildren.unflattened([("linear", replacement)]))
+
+        container.invalidateCompiledTraces()
+        XCTAssertEqual(value(container.compiledForward(container, one)), 7)
+    }
+
+    /// `invalidateCompiledTraces()` reaches owners nested in the tree.
+    func testInvalidateCompiledTracesWalksTheModuleTree() {
+        let layer = ScaleLayer(2)
+        let parent = ScaleParent(layer)
+
+        XCTAssertFalse(layer.compiledForward.isCompiled)
+        _ = value(layer.compiledForward(layer, MLXArray([Float(1)])))
+        XCTAssertTrue(layer.compiledForward.isCompiled)
+
+        parent.invalidateCompiledTraces()
+        XCTAssertFalse(layer.compiledForward.isCompiled)
+    }
+
+    /// Traces reach invalidation whether a module stores one directly or keeps
+    /// several in a collection.
+    func testInvalidateCompiledTracesFindsTracesInCollections() {
+        let bank = ScaleBank(2)
+        for trace in bank.traces {
+            _ = value(trace(bank, MLXArray([Float(1)]))[0])
+        }
+        XCTAssertTrue(bank.traces.allSatisfy(\.isCompiled))
+
+        bank.invalidateCompiledTraces()
+        XCTAssertTrue(bank.traces.allSatisfy { !$0.isCompiled })
+    }
+
+    func testCompileRunsBodyWithoutState() {
+        let f = compile(shapeless: true) { (a: MLXArray, b: MLXArray) in a * b + 1 }
+        XCTAssertEqual(value(f(MLXArray([Float(2)]), MLXArray([Float(3)]))), 7)
+    }
+}
diff --git a/skills/mlx-swift-lm/references/model-porting.md b/skills/mlx-swift-lm/references/model-porting.md
index 17f5757..cd2b1c3 100644
--- a/skills/mlx-swift-lm/references/model-porting.md
+++ b/skills/mlx-swift-lm/references/model-porting.md
@@ -332,6 +332,45 @@ extension YourModel: LoRAModel {
 
 If you need custom keys, override `loraDefaultKeys`.
 
+## Compiled decode paths
+
+`compile` traces a function once and turns every `MLXArray` the body reads, but
+does not take as an argument, into a constant of that trace. A body that reads
+weights through a captured module therefore keeps the values of its first call
+and ignores a loaded adapter or a training step.
+
+`compile` in this package resolves to the `MLXLMCommon` overload, whose
+`@Sendable` body cannot capture a `Module` or an `MLXArray`, so that mistake
+does not build. Use it for bodies that read only their arguments:
+
+```swift
+private let siluProduct: @Sendable (MLXArray, MLXArray) -> MLXArray = compile(shapeless: true) {
+    gate, up in silu(gate) * up
+}
+```
+
+For a body that reads weights, use `CompiledTrace`. It takes the owner as a
+parameter and declares the modules whose weights the body reads, which become
+compile `inputs:`:
+
+```swift
+final class YourMoEBlock: Module, UnaryLayer {
+    // Default state is the owner, which covers a body that stays inside it.
+    private let compiledForward = CompiledTrace<YourMoEBlock> { block, arguments in
+        [block.forward(arguments[0])]
+    }
+
+    func callAsFunction(_ x: MLXArray) -> MLXArray {
+        compiledForward(self, x)
+    }
+}
+```
+
+Traces are lazy, so a trace created in `init` still reads weights loaded later,
+and it never retains its owner. Anything that replaces modules invalidates a
+trace: `Module.invalidateCompiledTraces()` resets every trace in a model tree
+and already runs on the adapter and quantization paths.
+
 ## Registration
 
 1. Add model type mapping in `Libraries/MLXLLM/LLMModelFactory.swift`:
@@ -349,6 +388,8 @@ If you need custom keys, override `loraDefaultKeys`.
 - Bias flags are model-specific (check config and Python implementation).
 - GQA models require `kvHeads` distinct from `attentionHeads`.
 - Sliding-window or special caches may require overriding `newCache` or `prepare`.
+- A compiled body must read weights through `CompiledTrace`, not through a
+  captured `self`, or the trace bakes them in.
 
 ## Minimal checklist
 

commit ac17cf67b092f5c84273a1455f459548e697a154
Author: Christopher Webb <207731778+thechriswebb@users.noreply.github.com>
Date:   Thu Sep 3 11:28:46 2026 -0500

    Await the async loadWeights overload in IntegrationTesting (#605)
    
    - Adds `await` to the two `loadWeights` calls in `Gemma4AssistantDraftModelIntegrationTests.swift`, both inside `async throws` test functions.
    - Adds `await` to the `loadWeights` call in `loadTargetAndDrafter` in `MTPIteratorEndToEndDiagnosticTests.swift`.
    - Adds `await` to the two `loadWeights` calls in `loadRung4Drafter` in `MTPRung4TokenParityTests.swift`.
    
    #579 added an async `loadWeights` overload next to the existing synchronous one. Swift prefers the async overload inside an async function, so a plain `try loadWeights(...)` in an async function now needs `await`. These five calls sit inside async functions but never awaited. None compiled. The package's CI never builds IntegrationTesting. The only job that builds it, `integration_build_xcode27`, is disabled with `if: false`, so #579 merged despite breaking this project.

diff --git a/IntegrationTesting/IntegrationTestingTests/Gemma4AssistantDraftModelIntegrationTests.swift b/IntegrationTesting/IntegrationTestingTests/Gemma4AssistantDraftModelIntegrationTests.swift
index 152d6e5..da6b348 100644
--- a/IntegrationTesting/IntegrationTestingTests/Gemma4AssistantDraftModelIntegrationTests.swift
+++ b/IntegrationTesting/IntegrationTestingTests/Gemma4AssistantDraftModelIntegrationTests.swift
@@ -93,7 +93,7 @@ struct Gemma4AssistantIntegrationTests {
         // loadWeights enumerates *.safetensors in the directory, sanitizes via
         // the model's sanitize hook, and applies via update(parameters:verify:).
         // If any keys are missing or unexpected, update(verify: [.all]) throws.
-        try loadWeights(modelDirectory: drafterDir, model: model)
+        try await loadWeights(modelDirectory: drafterDir, model: model)
     }
 
     @Test
@@ -107,7 +107,7 @@ struct Gemma4AssistantIntegrationTests {
         let cfg = try JSONDecoder().decode(
             Gemma4AssistantConfiguration.self, from: Data(contentsOf: configURL))
         let model = Gemma4AssistantDraftModel(cfg)
-        try loadWeights(modelDirectory: drafterDir, model: model)
+        try await loadWeights(modelDirectory: drafterDir, model: model)
 
         let fixtureURL =
             fixturesDir
diff --git a/IntegrationTesting/IntegrationTestingTests/MTPIteratorEndToEndDiagnosticTests.swift b/IntegrationTesting/IntegrationTestingTests/MTPIteratorEndToEndDiagnosticTests.swift
index 86f0611..13a3a4f 100644
--- a/IntegrationTesting/IntegrationTestingTests/MTPIteratorEndToEndDiagnosticTests.swift
+++ b/IntegrationTesting/IntegrationTestingTests/MTPIteratorEndToEndDiagnosticTests.swift
@@ -101,7 +101,7 @@ private func loadTargetAndDrafter(
         Gemma4AssistantConfiguration.self,
         from: Data(contentsOf: drafterDir.appendingPathComponent("config.json")))
     let drafter = Gemma4AssistantDraftModel(cfg)
-    try loadWeights(modelDirectory: drafterDir, model: drafter)
+    try await loadWeights(modelDirectory: drafterDir, model: drafter)
 
     return LoadedPair(context: context, drafter: drafter)
 }
diff --git a/IntegrationTesting/IntegrationTestingTests/MTPRung4TokenParityTests.swift b/IntegrationTesting/IntegrationTestingTests/MTPRung4TokenParityTests.swift
index f2fa071..88023f4 100644
--- a/IntegrationTesting/IntegrationTestingTests/MTPRung4TokenParityTests.swift
+++ b/IntegrationTesting/IntegrationTestingTests/MTPRung4TokenParityTests.swift
@@ -98,7 +98,7 @@ private func loadRung4Drafter() async throws -> Rung4BoundDrafter {
         Gemma4AssistantConfiguration.self,
         from: Data(contentsOf: drafterDir.appendingPathComponent("config.json")))
     let drafter = Gemma4AssistantDraftModel(drafterCfg)
-    try loadWeights(modelDirectory: drafterDir, model: drafter)
+    try await loadWeights(modelDirectory: drafterDir, model: drafter)
 
     // Target — 8-bit quantized. `loadWeights` auto-applies group quantization
     // when weights carry `.scales` keys, per Libraries/MLXLMCommon/Load.swift:40-52.
@@ -109,7 +109,7 @@ private func loadRung4Drafter() async throws -> Rung4BoundDrafter {
     let targetCfg = try JSONDecoder().decode(
         Gemma4Configuration.self, from: targetConfigData)
     let target = Gemma4(targetCfg)
-    try loadWeights(
+    try await loadWeights(
         modelDirectory: targetDir,
         model: target,
         perLayerQuantization: targetBase.perLayerQuantization)

commit e23300b031973287a566f25969353d791e69f7cb
Author: spokvulcan <ivanchenko.b@gmail.com>
Date:   Thu Sep 3 18:13:13 2026 +0300

    ParoQuant: extend to MoE and make the whole path fast (#164 follow-up) (#471)
    
    feat(paroquant): MoE architecture support, prepared checkpoint caching, and rotation kernel optimizations
    
    ### MoE Support & Architecture
    - **PairwiseRotation & RotateSwitchGLU:** Extracted standalone `PairwiseRotation` module and implemented `RotateSwitchGLU` to support MoE PARO models (e.g., Qwen3.6-35B-A3B).
    - **MoE Loader Pipeline:** Added passes to stack per-expert AWQ weights, remap shared rotations, and patch switch GLU layers without mutating dense paths.
    - **Conversion Robustness:** Dropped theta-filter to convert un-partnered expert weights, match scales/biases to checkpoint float dtype, and optimized prefix matching from $O(N \cdot M)$ to $O(1)$.
    
    ### Performance
    - **Pre-Gather MoE Rotation:** Moved `gate_up` rotation before expert gather/sort, reducing row-rotation overhead by $1/\text{topK}$.
    - **Simdgroup Rotation Kernel:** Rewrote the Metal rotation kernel for `groupSize == 128` to execute in a single simdgroup with `simdgroup_barrier` (with generic fallback for other sizes), delivering up to 2x speedup.
    - **GatedDelta Fusion:** Compile-fused the 6-kernel elementwise decay gate chain into a single dispatch.
    - **Prepared Checkpoints:** Added background caching of converted weights to `prepared_checkpoint.safetensors` with self-healing validation manifests, cutting warm-load times significantly.
    
    ### Fixes & Cleanups
    - Unified `RotationDerivedState` and batched GPU evaluation across all rotation modules at load time.
    - Froze `PairwiseRotation` parameters to allow fused weighted reduction in `SwitchGLU`.
    - Fixed tool-call format and chat convention resolution in `loadParoQuantModel`.
    - Fixed volume free-space detection for disk persistence on CI runners.
    
    Refs #208, #209, #220, #424, #471

diff --git a/Libraries/MLXLMCommon/GatedDelta.swift b/Libraries/MLXLMCommon/GatedDelta.swift
index 39d012e..58335e5 100644
--- a/Libraries/MLXLMCommon/GatedDelta.swift
+++ b/Libraries/MLXLMCommon/GatedDelta.swift
@@ -11,9 +11,14 @@ import MLXNN
 
 // MARK: - Compute G
 
-func computeGatedDeltaG(_ aLog: MLXArray, _ a: MLXArray, _ dtBias: MLXArray) -> MLXArray {
-    let decay = exp(-exp(aLog.asType(.float32)) * softplus(a + dtBias))
-    return decay
+/// Fused form of the decay gate chain — elementwise, and MLX `compile`
+/// preserves per-node dtype rounding (verified bitwise against the unfused
+/// chain on the real decode/prefill shapes, bf16 and f16), so this is
+/// bit-identical while cutting ~6 kernel launches per GDN layer per step.
+private let computeGatedDeltaG: @Sendable (MLXArray, MLXArray, MLXArray) -> MLXArray = compile(
+    shapeless: true
+) { aLog, a, dtBias in
+    exp(-exp(aLog.asType(.float32)) * softplus(a + dtBias))
 }
 
 // MARK: - Metal Kernel
diff --git a/Libraries/MLXLMCommon/ParoQuant/PairwiseRotation.swift b/Libraries/MLXLMCommon/ParoQuant/PairwiseRotation.swift
new file mode 100644
index 0000000..7aadb8d
--- /dev/null
+++ b/Libraries/MLXLMCommon/ParoQuant/PairwiseRotation.swift
@@ -0,0 +1,524 @@
+import Foundation
+import MLX
+import MLXNN
+
+// MARK: - Metal Kernel Source
+
+/// Pairwise Givens rotation kernel for Metal (Apple Silicon).
+/// Template parameters are substituted at compile time.
+///
+/// One CTA is a single simdgroup (32 lanes) per (row-tile, channel-group):
+///
+/// - Each lane caches the cos/sin/pair coefficients of its two pair slots
+///   (lane, lane+32) for every round in registers. `krot` is a compile-time
+///   constant, so these are constant-index register arrays — the old kernel
+///   indexed its coefficient arrays by a runtime loop bound, which pushed
+///   them into local (DRAM-backed) memory.
+/// - Per-round sync is `simdgroup_barrier(mem_threadgroup)` instead of
+///   `threadgroup_barrier` — with a one-simdgroup CTA there is no
+///   cross-simdgroup rendezvous to pay for. The tile layout is row-major
+///   (`tile[row * 128 + ch]`), so pair accesses are bank-conflict-free
+///   for any ROWS_PER_TILE (the old channel-major `tile[ch * R + row]`
+///   layout collapsed onto 8 banks for R = 4).
+/// - x/out IO is vectorized (`\(t4)` per lane covers the 128-channel
+///   group exactly); the f32 threadgroup tile is written/read as float4.
+///   `channel_scales` is loaded scalar + converted so its dtype may
+///   legitimately differ from the activation dtype.
+/// - The write-back casts explicitly (`\(t)(...)`) so the same source
+///   instantiates for float16, bfloat16 and float32.
+///
+/// Correctness notes:
+/// - All lanes execute every barrier (no early returns; `row < batch_size`
+///   guards wrap memory accesses only and are CTA-uniform).
+/// - The math is bit-identical to the old kernel per element: f32 loads of
+///   `float(x) * scale`, the same krot Givens rounds in order with the same
+///   pairs/cos/sin (`a * c + b * s`, `b * c - a * s` in f32), then one
+///   rounding to the element type on write-back.
+/// - Requires groupSize == 128 (64 pair slots per group = 2 per lane) and
+///   krot >= 1; both are enforced by `dispatchPairwiseRotation`.
+private func simdgroupMetalSource(
+    rowsPerTile: Int, krot: Int, elementType t: String, elementType4 t4: String
+) -> String {
+    """
+    constexpr int ROWS_PER_TILE = \(rowsPerTile);
+    constexpr int KROT          = \(krot);
+
+    const int batch_size  = params[0];
+    const int hidden_size = params[1];
+    const int group_size  = params[3];
+
+    const int half_gs     = group_size / 2;
+    const int half_hidden = hidden_size / 2;
+
+    const int tile_idx  = threadgroup_position_in_grid.x;
+    const int group_idx = threadgroup_position_in_grid.y;
+    const int lane      = thread_index_in_threadgroup;
+    const int gbase     = group_idx * group_size;
+
+    // Rotation coefficients for this lane's two pair slots of every round
+    float cos_vals[KROT][2], sin_vals[KROT][2];
+    int   pair_vals[KROT][2];
+
+    for (int k = 0; k < KROT; k++) {
+        for (int u = 0; u < 2; u++) {
+            int idx = k * half_hidden + group_idx * half_gs + lane + u * 32;
+            cos_vals[k][u]  = float(cos_theta[idx]);
+            sin_vals[k][u]  = float(sin_theta[idx]);
+            pair_vals[k][u] = int(packed_pairs[idx]);
+        }
+    }
+
+    threadgroup float tile[ROWS_PER_TILE * 128];
+
+    // Load activation tile into shared memory (fuse channel scales).
+    // Lane owns channels lane*4 .. lane*4+3 of the group.
+    float sc0 = float(channel_scales[gbase + lane * 4 + 0]);
+    float sc1 = float(channel_scales[gbase + lane * 4 + 1]);
+    float sc2 = float(channel_scales[gbase + lane * 4 + 2]);
+    float sc3 = float(channel_scales[gbase + lane * 4 + 3]);
+    for (int r = 0; r < ROWS_PER_TILE; r++) {
+        int row = tile_idx * ROWS_PER_TILE + r;
+        if (row < batch_size) {
+            \(t4) xh = ((const device \(t4)*)(x + row * hidden_size + gbase))[lane];
+            float4 tv;
+            tv[0] = float(xh[0]) * sc0;
+            tv[1] = float(xh[1]) * sc1;
+            tv[2] = float(xh[2]) * sc2;
+            tv[3] = float(xh[3]) * sc3;
+            *(threadgroup float4*)(tile + r * 128 + lane * 4) = tv;
+        }
+    }
+    simdgroup_barrier(mem_flags::mem_threadgroup);
+
+    // Apply pairwise Givens rotations in-place
+    for (int k = 0; k < KROT; k++) {
+        for (int u = 0; u < 2; u++) {
+            int i_local = pair_vals[k][u] & 0xFFFF;
+            int j_local = pair_vals[k][u] >> 16;
+            float c = cos_vals[k][u], s = sin_vals[k][u];
+            for (int m = 0; m < ROWS_PER_TILE; m++) {
+                float a = tile[m * 128 + i_local];
+                float b = tile[m * 128 + j_local];
+                tile[m * 128 + i_local] = a * c + b * s;
+                tile[m * 128 + j_local] = b * c - a * s;
+            }
+        }
+        simdgroup_barrier(mem_flags::mem_threadgroup);
+    }
+
+    // Write results back
+    for (int r = 0; r < ROWS_PER_TILE; r++) {
+        int row = tile_idx * ROWS_PER_TILE + r;
+        if (row < batch_size) {
+            float4 tv = *(threadgroup float4*)(tile + r * 128 + lane * 4);
+            \(t4) ov;
+            ov[0] = \(t)(tv[0]);
+            ov[1] = \(t)(tv[1]);
+            ov[2] = \(t)(tv[2]);
+            ov[3] = \(t)(tv[3]);
+            *(device \(t4)*)(out + row * hidden_size + gbase + lane * 4) = ov;
+        }
+    }
+    """
+}
+
+// MARK: - Kernel Cache
+
+/// Metal scalar + 4-wide vector type names used for the rotation kernels'
+/// IO, or nil for dtypes the kernels are not instantiated for.
+private func rotationKernelTypeNames(_ dtype: DType) -> (String, String)? {
+    switch dtype {
+    case .float16: return ("half", "half4")
+    case .bfloat16: return ("bfloat16_t", "bfloat4")
+    case .float32: return ("float", "float4")
+    default: return nil
+    }
+}
+
+/// Cache key for the compiled rotation kernels. A value type rather than a
+/// formatted string: the lookup runs on every rotation dispatch (hundreds of
+/// times per token on a MoE model), so the key must hash without allocating.
+private struct RotationKernelKey: Hashable {
+    let tile: Int
+    let groupSize: Int
+    let krot: Int
+    let dtype: DType
+}
+
+/// Cached compiled Metal kernels keyed by tile size, group size, krot and IO
+/// dtype, guarded by `kernelCacheLock`. Callers are multi-threaded (each
+/// `ModelContainer.perform` closure can run on its own task), so the
+/// dictionary read-modify-write is serialised. Contention is practically
+/// nil — only two tile sizes (1 and 4), one group size, one krot and one
+/// dtype are ever requested per model, so the lock is contended a handful of
+/// times per process before steady-state hits.
+nonisolated(unsafe) private var kernelCache: [RotationKernelKey: MLXFast.MLXFastKernel] = [:]
+private let kernelCacheLock = NSLock()
+
+/// Sole entry point is `dispatchPairwiseRotation`, which owns the geometry
+/// checks. groupSize == 128 compiles the simdgroup-resident kernel, any
+/// other group size the generic one; both are specialised on the full key.
+nonisolated private func getRotationKernel(
+    tile: Int, groupSize: Int, krot: Int, dtype: DType
+) -> MLXFast.MLXFastKernel {
+    kernelCacheLock.withLock {
+        let key = RotationKernelKey(tile: tile, groupSize: groupSize, krot: krot, dtype: dtype)
+        if let cached = kernelCache[key] {
+            return cached
+        }
+        guard let (t, t4) = rotationKernelTypeNames(dtype) else {
+            preconditionFailure(
+                "PairwiseRotation: unsupported activation dtype \(dtype) (expected float16/bfloat16/float32)"
+            )
+        }
+        let source: String
+        let name: String
+        if groupSize == 128 {
+            name = "paro_rotate_r\(tile)_k\(krot)_\(t)"
+            source = simdgroupMetalSource(
+                rowsPerTile: tile, krot: krot, elementType: t, elementType4: t4)
+        } else {
+            name = "paro_rotate_generic_r\(tile)_g\(groupSize)_k\(krot)_\(t)"
+            source = genericMetalSource(
+                rowsPerTile: tile, groupSize: groupSize, krot: krot, elementType: t)
+        }
+        let kernel = MLXFast.metalKernel(
+            name: name,
+            inputNames: [
+                "x", "packed_pairs", "cos_theta", "sin_theta", "channel_scales", "params",
+            ],
+            outputNames: ["out"],
+            source: source
+        )
+        kernelCache[key] = kernel
+        return kernel
+    }
+}
+
+// MARK: - Generic Fallback Kernel (groupSize != 128)
+
+/// Pre-simdgroup rotation kernel, kept as the fallback for groupSize != 128:
+/// one thread per pair slot (`tid < GROUP_SIZE / 2`), a full CTA barrier per
+/// round, and a channel-major threadgroup tile. Group size, krot and the
+/// element type are compile-time constants, so the tile and the per-lane
+/// coefficient arrays are sized exactly for the model instead of against a
+/// fixed ceiling, and the write-back casts explicitly like the simdgroup
+/// kernel. Any even groupSize whose half fits one threadgroup (<= 2048)
+/// works; the loader and `dispatchPairwiseRotation` enforce the geometry.
+private func genericMetalSource(
+    rowsPerTile: Int, groupSize: Int, krot: Int, elementType t: String
+) -> String {
+    """
+    constexpr int ROWS_PER_TILE = \(rowsPerTile);
+    constexpr int GROUP_SIZE    = \(groupSize);
+    constexpr int KROT          = \(krot);
+
+    const int batch_size  = params[0];
+    const int hidden_size = params[1];
+
+    const int half_gs     = GROUP_SIZE / 2;
+    const int half_hidden = hidden_size / 2;
+
+    const int tile_idx  = threadgroup_position_in_grid.x;
+    const int group_idx = threadgroup_position_in_grid.y;
+    const int tid       = thread_index_in_threadgroup;
+
+    // Load rotation coefficients into registers
+    float cos_vals[KROT], sin_vals[KROT];
+    int   pair_vals[KROT];
+
+    for (int k = 0; k < KROT; k++) {
+        int idx = k * half_hidden + group_idx * half_gs + tid;
+        cos_vals[k]  = float(cos_theta[idx]);
+        sin_vals[k]  = float(sin_theta[idx]);
+        pair_vals[k] = int(packed_pairs[idx]);
+    }
+
+    // Load activation tile into shared memory (fuse channel scales)
+    threadgroup float tile[GROUP_SIZE * ROWS_PER_TILE];
+
+    const int ch_lo = group_idx * GROUP_SIZE + tid;
+    const int ch_hi = ch_lo + half_gs;
+    float scale_lo = float(channel_scales[ch_lo]);
+    float scale_hi = float(channel_scales[ch_hi]);
+
+    for (int r = 0; r < ROWS_PER_TILE; r++) {
+        int row = tile_idx * ROWS_PER_TILE + r;
+        if (row < batch_size) {
+            tile[tid * ROWS_PER_TILE + r]              = float(x[row * hidden_size + ch_lo]) * scale_lo;
+            tile[(tid + half_gs) * ROWS_PER_TILE + r]  = float(x[row * hidden_size + ch_hi]) * scale_hi;
+        }
+    }
+    threadgroup_barrier(mem_flags::mem_threadgroup);
+
+    // Apply pairwise Givens rotations in-place
+    for (int k = 0; k < KROT; k++) {
+        int i_local = pair_vals[k] & 0xFFFF;
+        int j_local = pair_vals[k] >> 16;
+        float c = cos_vals[k], s = sin_vals[k];
+
+        for (int m = 0; m < ROWS_PER_TILE; m++) {
+            float a = tile[i_local * ROWS_PER_TILE + m];
+            float b = tile[j_local * ROWS_PER_TILE + m];
+            tile[i_local * ROWS_PER_TILE + m] = a * c + b * s;
+            tile[j_local * ROWS_PER_TILE + m] = b * c - a * s;
+        }
+        threadgroup_barrier(mem_flags::mem_threadgroup);
+    }
+
+    // Write results back
+    for (int r = 0; r < ROWS_PER_TILE; r++) {
+        int row = tile_idx * ROWS_PER_TILE + r;
+        if (row < batch_size) {
+            out[row * hidden_size + ch_lo] = \(t)(tile[tid * ROWS_PER_TILE + r]);
+            out[row * hidden_size + ch_hi] = \(t)(tile[(tid + half_gs) * ROWS_PER_TILE + r]);
+        }
+    }
+    """
+}
+
+// MARK: - Geometry
+
+/// The largest half-group the generic kernel can run: one thread per pair
+/// slot in a single threadgroup (Metal's 1024-thread CTA limit).
+private let maxGenericGroupSize = 2048
+
+/// Validate a rotation's (dims, groupSize, krot) triple. The kernels assume
+/// every one of these: `dims` splits into whole groups (a trailing partial
+/// group would silently go un-rotated — `numGroups` floors), a group holds
+/// whole pairs, its half fits one threadgroup, and there is at least one
+/// round. Returns a reason on failure so the loader can surface it as a
+/// typed error before any module is built; the module initializers assert
+/// the same contract for direct callers.
+nonisolated func rotationGeometryProblem(dims: Int, groupSize: Int, krot: Int) -> String? {
+    if krot < 1 {
+        return "krot must be >= 1 (got \(krot))"
+    }
+    if groupSize < 2 || !groupSize.isMultiple(of: 2) {
+        return "groupSize must be even and >= 2 (got \(groupSize))"
+    }
+    if groupSize > maxGenericGroupSize {
+        return "groupSize must be <= \(maxGenericGroupSize) (got \(groupSize))"
+    }
+    if dims < groupSize || !dims.isMultiple(of: groupSize) {
+        return
+            "dims must be a positive multiple of groupSize (got dims \(dims), groupSize \(groupSize))"
+    }
+    return nil
+}
+
+/// `precondition` form of `rotationGeometryProblem` for the module initializers.
+nonisolated func assertRotationGeometry(dims: Int, groupSize: Int, krot: Int) {
+    if let problem = rotationGeometryProblem(dims: dims, groupSize: groupSize, krot: krot) {
+        preconditionFailure("PairwiseRotation: \(problem)")
+    }
+}
+
+// MARK: - Dispatch
+
+/// Dispatch the pairwise rotation on a 2-D `[batch, dim]` activation.
+///
+/// groupSize == 128 takes the simdgroup-resident kernel (2 pair slots per
+/// lane, no CTA rendezvous); any other groupSize the generic kernel, which is
+/// specialised on the group size. Both kernels are instantiated for
+/// float16, bfloat16 and float32 activations. Shared by `PairwiseRotation`
+/// and `RotateQuantizedLinear`.
+///
+/// Zero-row inputs pass straight through: gathered MoE activations can be
+/// legitimately empty, and a zero-sized grid dispatch is undefined. The
+/// guard lives here, with the grid math, so no caller needs one.
+nonisolated func dispatchPairwiseRotation(
+    _ flat: MLXArray, state: RotationDerivedState, groupSize: Int, krot: Int
+) -> MLXArray {
+    let batch = flat.dim(0)
+    if batch == 0 { return flat }
+
+    let dim = state.scalesFlat.dim(0)
+    assertRotationGeometry(dims: dim, groupSize: groupSize, krot: krot)
+    let numGroups = dim / groupSize
+    let tile = batch <= 1 ? 1 : 4
+    let params = MLXArray([Int32(batch), Int32(dim), Int32(krot), Int32(groupSize)])
+
+    let kernel = getRotationKernel(tile: tile, groupSize: groupSize, krot: krot, dtype: flat.dtype)
+    let threads = groupSize == 128 ? 32 : groupSize / 2
+
+    let gridX = ((batch + tile - 1) / tile) * threads
+    return kernel(
+        [flat, state.packedPairs, state.cosTheta, state.sinTheta, state.scalesFlat, params],
+        grid: (gridX, numGroups, 1),
+        threadGroup: (threads, 1, 1),
+        outputShapes: [flat.shape],
+        outputDTypes: [flat.dtype]
+    )[0]
+}
+
+// MARK: - Pair Packing
+
+/// Pack int16 pair indices into int32 for the Metal kernel.
+///
+/// Each pair `(i, j)` is packed as `i | (j << 16)` within each group.
+///
+/// Internal (not file-private): shared by `PairwiseRotation` and
+/// `RotateQuantizedLinear`, and unit-tested directly.
+nonisolated func packPairs(_ pairs: MLXArray, groupSize: Int) -> MLXArray {
+    let krot = pairs.dim(0)
+    let numGroups = pairs.dim(1) / groupSize
+
+    // Reshape to [krot, numGroups, groupSize]
+    let p = pairs.reshaped(krot, numGroups, groupSize).asType(.int32)
+
+    // Even indices (lo) and odd indices (hi) within each group
+    let lo = p[0..., 0..., .stride(by: 2)]
+    let hi = p[0..., 0..., .stride(from: 1, by: 2)]
+    return (lo | (hi << 16)).reshaped(krot, -1)
+}
+
+// MARK: - Derived Rotation State
+
+/// The four kernel-ready tensors derived from a rotation's checkpoint
+/// parameters (`theta` / `pairs` / `channel_scales`), shared by
+/// `RotateQuantizedLinear` (dense) and `PairwiseRotation` (MoE shared) so
+/// the derivation cannot diverge between the two paths.
+///
+/// Owners store this in an underscore-prefixed property: Module reflection
+/// drops `_`-prefixed keys (`Module.parameterIsValid`), so the derived
+/// tensors don't participate in weight loading — which keeps the loader's
+/// strict `verify: [.allModelKeysSet]` contract intact — and are skipped by
+/// `eval(model)`, which walks reflected parameters only.
+struct RotationDerivedState {
+    var cosTheta: MLXArray
+    var sinTheta: MLXArray
+    var packedPairs: MLXArray
+    var scalesFlat: MLXArray
+
+    /// Placeholder state — `prepare(...)` overwrites it after checkpoint
+    /// load. Shapes are correct so a forward pass before finalize would be
+    /// degenerate (identity-ish rotation) rather than crash.
+    init(dims: Int, krot: Int) {
+        cosTheta = MLXArray.ones([krot, dims / 2])
+        sinTheta = MLXArray.zeros([krot, dims / 2])
+        packedPairs = MLXArray.zeros([krot, dims / 2], type: Int32.self)
+        scalesFlat = MLXArray.ones([dims])
+    }
+
+    /// Recompute from the loaded checkpoint parameters. The results are
+    /// lazy graph nodes — materializing them is the caller's job (see
+    /// `RotationStatePreparing` for why).
+    mutating func prepare(
+        theta: MLXArray, pairs: MLXArray, channelScales: MLXArray, groupSize: Int
+    ) {
+        cosTheta = MLX.cos(theta)
+        sinTheta = MLX.sin(theta)
+        packedPairs = packPairs(pairs, groupSize: groupSize)
+        scalesFlat = channelScales.reshaped(-1)
+    }
+
+    /// The derived tensors, for batching one `eval` across many modules.
+    var all: [MLXArray] { [cosTheta, sinTheta, packedPairs, scalesFlat] }
+}
+
+/// Load-time finalization hook shared by every rotation-carrying module.
+///
+/// The loader walks leaf modules and finalizes each conformer after the
+/// checkpoint update — a protocol rather than a class enumeration so a new
+/// rotation carrier cannot be silently skipped (a missed module would keep
+/// its degenerate placeholder state and produce wrong numbers without ever
+/// crashing).
+///
+/// `prepareDerivedRotationState()` returns the freshly derived tensors
+/// *unmaterialized*: the loader batches a single `eval` over every module's
+/// tensors instead of paying one GPU round-trip per module (~480 modules on
+/// a 48-layer MoE). Discarding the result leaves the tensors lazy until
+/// first use — harmless for tests, but the loader must eval them so
+/// materialization stays out of the first forward pass's graph. Deriving
+/// lazily *during* a forward pass was issue #157.
+protocol RotationStatePreparing: AnyObject {
+    /// Recompute rotation-derived tensors from the loaded checkpoint
+    /// parameters. Must run after `update(parameters:)` and never
+    /// concurrently with forward passes — the loader owns this call.
+    @discardableResult
+    func prepareDerivedRotationState() -> [MLXArray]
+}
+
+// MARK: - PairwiseRotation
+
+/// Standalone pairwise Givens rotation over the last axis of an activation
+/// tensor, fused with per-channel scaling in a single Metal kernel.
+///
+/// This is the rotation half of `RotateQuantizedLinear`, extracted as a
+/// composable `Module` for layers whose rotation is *shared* across several
+/// quantized projections instead of owned by one — the MoE `RotateSwitchGLU`
+/// composes two of these (`gate_up_rot`, `down_rot`) around stock
+/// `QuantizedSwitchLinear` experts.
+///
+/// Checkpoint contract: `theta` / `pairs` / `channel_scales` load via Module
+/// reflection under this module's key prefix (e.g.
+/// `switch_mlp.gate_up_rot.theta`). After loading, the owner must call
+/// `prepareDerivedRotationState()` once, before any forward pass.
+public class PairwiseRotation: Module, RotationStatePreparing {
+
+    // Rotation parameters — discovered by Module reflection for update(parameters:).
+    // `channelScales` uses @ParameterInfo so it can keep the snake_case checkpoint
+    // key while having a Swift-idiomatic property name.
+    let theta: MLXArray
+    let pairs: MLXArray
+    @ParameterInfo(key: "channel_scales") var channelScales: MLXArray
+
+    let groupSize: Int
+
+    // Populated once by `prepareDerivedRotationState()` after the checkpoint
+    // parameters are loaded (see ParoQuantLoader), and never mutated
+    // afterwards. See `RotationDerivedState` for why the underscore prefix
+    // keeps it out of weight loading.
+    private var _rotation: RotationDerivedState
+
+    /// - Precondition: `dims` is a positive multiple of an even `groupSize`,
+    ///   and `krot >= 1` — see `rotationGeometryProblem`.
+    public init(dims: Int, groupSize: Int, krot: Int) {
+        assertRotationGeometry(dims: dims, groupSize: groupSize, krot: krot)
+        self.theta = MLXArray.zeros([krot, dims / 2])
+        self.pairs = MLXArray.zeros([krot, dims], type: Int16.self)
+        // Assign through `.wrappedValue` so the `@ParameterInfo(key:)` metadata
+        // survives init — see the matching note in RotateQuantizedLinear.
+        self._channelScales.wrappedValue = MLXArray.ones([1, dims])
+        self.groupSize = groupSize
+        self._rotation = RotationDerivedState(dims: dims, krot: krot)
+
+        super.init()
+
+        // Rotation parameters are inference-only checkpoint constants, never
+        // trained — the same contract `QuantizedLinear` applies to its scales
+        // and biases. Freezing keeps `trainableParameters()` empty on any
+        // module that composes this one, which `SwitchGLU`'s direct weighted
+        // reduction requires.
+        self.freeze()
+    }
+
+    /// See `RotationStatePreparing` — loader-owned, results batched into a
+    /// single load-time `eval` with every other rotation module's.
+    @discardableResult
+    public func prepareDerivedRotationState() -> [MLXArray] {
+        _rotation.prepare(
+            theta: theta, pairs: pairs, channelScales: channelScales, groupSize: groupSize)
+        return _rotation.all
+    }
+
+    /// Apply channel scaling + pairwise Givens rotations to the last axis.
+    ///
+    /// Accepts any leading shape (the MoE path passes gathered 4-D
+    /// activations); the input is flattened to 2-D for the kernel and the
+    /// original shape is restored on return. Empty batches pass through
+    /// unchanged (guarded in `dispatchPairwiseRotation`). No mutable state
+    /// is read or written by this method.
+    ///
+    /// Kernel selection lives in `dispatchPairwiseRotation`: groupSize == 128
+    /// takes the simdgroup-resident kernel, any other group size the generic
+    /// fallback specialised on that size.
+    public func rotate(_ x: MLXArray) -> MLXArray {
+        let shape = x.shape
+        return dispatchPairwiseRotation(
+            x.reshaped(-1, _rotation.scalesFlat.dim(0)),
+            state: _rotation, groupSize: groupSize, krot: theta.dim(0)
+        ).reshaped(shape)
+    }
+}
diff --git a/Libraries/MLXLMCommon/ParoQuant/ParoQuantLoader.swift b/Libraries/MLXLMCommon/ParoQuant/ParoQuantLoader.swift
index a6b9f81..88de186 100644
--- a/Libraries/MLXLMCommon/ParoQuant/ParoQuantLoader.swift
+++ b/Libraries/MLXLMCommon/ParoQuant/ParoQuantLoader.swift
@@ -48,7 +48,38 @@ private func isSupportedParoQuantModel(directory: URL, configData: Data) -> Bool
     else { return false }
 
     let architectures = json["architectures"] as? [String] ?? []
-    return architectures.contains("Qwen3_5ForConditionalGeneration")
+    let supported: Set<String> = [
+        "Qwen3_5ForConditionalGeneration",  // dense Qwen3.5/3.6 PARO
+        "Qwen3_5MoeForConditionalGeneration",  // MoE (Qwen3.6-35B-A3B PARO)
+    ]
+    return architectures.contains(where: supported.contains)
+}
+
+// MARK: - Config Flattening
+
+/// Flatten a VLM config's `text_config` onto the top level so
+/// `BaseConfiguration` and the model-type registry see the text-model fields.
+///
+/// The checkpoint's *top-level* `model_type` is the registry key ("qwen3_5",
+/// "qwen3_5_moe"); `text_config` carries a "*_text" variant ("qwen3_5_text",
+/// "qwen3_5_moe_text") that no registry resolves, so the flatten would
+/// clobber the key. Preserve the top-level value instead of force-setting
+/// "qwen3_5" (which mis-resolved MoE checkpoints to the dense architecture).
+///
+/// Internal (not private) so the preservation contract is unit-testable.
+func flattenParoQuantTextConfig(_ configJSON: [String: Any]) -> [String: Any] {
+    guard let textConfig = configJSON["text_config"] as? [String: Any] else {
+        return configJSON
+    }
+    var flattened = configJSON
+    let checkpointModelType = configJSON["model_type"]
+    for (key, value) in textConfig {
+        flattened[key] = value
+    }
+    if let checkpointModelType {
+        flattened["model_type"] = checkpointModelType
+    }
+    return flattened
 }
 
 // MARK: - AutoAWQ Conversion
@@ -116,54 +147,156 @@ private func splitFusedMambaProjections(_ weights: inout [String: MLXArray]) {
 }
 
 /// Convert AutoAWQ checkpoint weights to MLX quantized format in-place.
-private func convertAutoAWQ(
+///
+/// Internal (not private) so the conversion contract is unit-testable.
+func convertAutoAWQ(
     _ weights: inout [String: MLXArray], groupSize: Int
 ) {
+    // Every `.qweight` prefix converts, with or without a sibling `theta`:
+    // MoE per-expert weights carry no theta (their rotations are shared per
+    // layer under `experts.*_weight_theta`) and would otherwise be skipped.
     let prefixes = Set(
         weights.keys
             .filter { $0.hasSuffix(".qweight") }
-            .compactMap { key -> String? in
-                let pfx = String(key.dropLast("qweight".count))
-                return weights["\(pfx)theta"] != nil ? pfx : nil
-            }
+            .map { String($0.dropLast("qweight".count)) }
     )
 
     guard !prefixes.isEmpty else { return }
 
+    // Both scales and biases are cast to the checkpoint's float dtype, read
+    // once from a rotation tensor (`theta` / `channel_scales`, present in every
+    // PARO checkpoint and stored in the model's activation dtype). AWQ ships
+    // f32 scales while `quantizedMM` promotes to the widest of x / scales /
+    // biases, so leaving them mismatched runs the matmul in f32 (upstream fix
+    // z-lab/paroquant#38 pinned f16, which is wrong for a bf16 checkpoint).
+    let floatDType = checkpointFloatDType(weights)
+
     // Pass 1: compute biases from qzeros + scales BEFORE scales are transposed.
     for pfx in prefixes {
         guard let qzeros = weights.removeValue(forKey: "\(pfx)qzeros"),
             let scales = weights["\(pfx)scales"]
         else { continue }
         let zeros = unpackAndReorder(qzeros).asType(.float32)
-        weights["\(pfx)biases"] = (-scales.asType(.float32) * zeros).transposed().asType(.float16)
+        weights["\(pfx)biases"] = (-scales.asType(.float32) * zeros).transposed().asType(floatDType)
     }
 
-    // Pass 2: convert remaining keys (qweight, scales, channel_scales)
-    let keysToConvert = weights.keys.filter { key in
-        prefixes.contains(where: { key.hasPrefix($0) })
+    // Pass 2: convert remaining keys (qweight, scales, channel_scales).
+    // Each key's candidate prefix is derived by suffix-stripping and tested
+    // for set membership — O(keys), where the previous
+    // `prefixes.contains(where: key.hasPrefix)` scan was O(keys × prefixes)
+    // and cost ~29 s of the 35B MoE load (~12K per-expert prefixes).
+    // `channel_scales` must be tested before `scales` (suffix shadowing).
+    // theta, pairs, bias keep as-is.
+    for key in Array(weights.keys) {
+        if key.hasSuffix("qweight") {
+            // The stripped prefix is in `prefixes` by construction.
+            let pfx = String(key.dropLast("qweight".count))
+            let val = weights.removeValue(forKey: key)!
+            weights["\(pfx)weight"] = packMLX(unpackAndReorder(val).transposed())
+        } else if key.hasSuffix("channel_scales") {
+            guard prefixes.contains(String(key.dropLast("channel_scales".count))) else {
+                continue
+            }
+            if let val = weights[key], val.ndim == 1 {
+                weights[key] = val.reshaped(1, -1)
+            }
+        } else if key.hasSuffix("scales") {
+            guard prefixes.contains(String(key.dropLast("scales".count))) else { continue }
+            weights[key] = weights[key]!.transposed().asType(floatDType)
+        }
     }
+}
 
-    for key in keysToConvert {
-        guard let pfx = prefixes.first(where: { key.hasPrefix($0) }) else { continue }
-        let suffix = String(key.dropFirst(pfx.count))
+/// The dtype the checkpoint keeps its floating-point tensors in — read from
+/// a rotation tensor (dense `.theta` / shared MoE `_theta`, then
+/// `channel_scales`), the one float tensor family every PARO checkpoint
+/// carries. Falls back to float16, the only dtype z-lab has shipped.
+///
+/// Internal (not private) so the conversion contract is unit-testable.
+func checkpointFloatDType(_ weights: [String: MLXArray]) -> DType {
+    for suffix in ["theta", "channel_scales"] {
+        if let key = weights.keys.first(where: { $0.hasSuffix(suffix) }),
+            let dtype = weights[key]?.dtype, dtype.isFloatingPoint
+        {
+            return dtype
+        }
+    }
+    return .float16
+}
 
-        switch suffix {
-        case "qweight":
-            let val = weights.removeValue(forKey: key)!
-            weights["\(pfx)weight"] = packMLX(unpackAndReorder(val).transposed())
+// MARK: - MoE Passes
 
-        case "scales":
-            weights[key] = weights[key]!.transposed()
+/// Stack per-expert 2-D tensors into the 3-D `switch_mlp` layout that
+/// `SwitchGLU`/`QuantizedSwitchLinear` consume:
+/// `…experts.{e}.{proj}.{suffix}` → `…switch_mlp.{proj}.{suffix}` with a new
+/// leading experts axis (suffix ∈ weight / scales / biases, i.e. the
+/// already-converted AWQ triple). A stack is only emitted when every expert
+/// contributed the suffix; partial groups are left untouched so the strict
+/// `verify: [.allModelKeysSet]` update fails loudly on the real gap.
+///
+/// No-op for dense checkpoints (no `…experts.{e}.…` keys). Idempotent: an
+/// existing destination key is never overwritten.
+///
+/// Internal (not private) so the pass contract is unit-testable.
+func stackMoEExpertWeights(_ weights: inout [String: MLXArray]) {
+    let stackable = ["weight", "scales", "biases"]
+
+    // group key "{base}.switch_mlp.{proj}" → expert index → suffix → source key
+    var groups = [String: [Int: [String: String]]]()
+    for key in weights.keys {
+        guard let range = key.range(of: ".experts.") else { continue }
+        // "{e}.{proj}.{suffix}"
+        let parts = key[range.upperBound...].split(separator: ".")
+        guard parts.count == 3, let expert = Int(parts[0]),
+            stackable.contains(String(parts[2]))
+        else { continue }
+        let groupKey = "\(key[..<range.lowerBound]).switch_mlp.\(parts[1])"
+        groups[groupKey, default: [:]][expert, default: [:]][String(parts[2])] = key
+    }
 
-        case "channel_scales":
-            if let val = weights[key], val.ndim == 1 {
-                weights[key] = val.reshaped(1, -1)
+    for (groupKey, experts) in groups {
+        let numExperts = experts.keys.max()! + 1
+        for suffix in stackable {
+            let dest = "\(groupKey).\(suffix)"
+            guard weights[dest] == nil else { continue }
+            let sources = (0 ..< numExperts).compactMap { experts[$0]?[suffix] }
+            guard sources.count == numExperts else { continue }
+            weights[dest] = MLX.stacked(sources.map { weights[$0]! }, axis: 0)
+            for key in sources {
+                weights.removeValue(forKey: key)
             }
+        }
+    }
+}
+
+/// Remap the shared per-layer expert rotation keys onto the nested
+/// `PairwiseRotation` children of `RotateSwitchGLU`:
+/// `…experts.{gate_up,down}_weight_{theta,pairs,channel_scales}` →
+/// `…switch_mlp.{gate_up,down}_rot.{theta,pairs,channel_scales}`.
+///
+/// Upstream z-lab keeps these keys flat on the GLU (`…gate_up_rot_theta`);
+/// the nested layout is a deliberate divergence (#208) so the rotation is a
+/// reusable `PairwiseRotation` Module rather than mixin state.
+///
+/// No-op for dense checkpoints. Internal for unit testing.
+func remapSharedMoERotations(_ weights: inout [String: MLXArray]) {
+    var renames = [(String, String)]()  // (checkpoint tail, module tail)
+    for proj in ["gate_up", "down"] {
+        for suffix in ["theta", "pairs", "channel_scales"] {
+            renames.append(
+                (".experts.\(proj)_weight_\(suffix)", ".switch_mlp.\(proj)_rot.\(suffix)"))
+        }
+    }
 
-        default:
-            break  // theta, pairs, bias — keep as-is
+    for key in Array(weights.keys) {
+        guard let (old, new) = renames.first(where: { key.hasSuffix($0.0) }) else { continue }
+        var value = weights.removeValue(forKey: key)!
+        // The 35B checkpoint ships channel_scales as [1, dims] already, but
+        // normalise 1-D just like convertAutoAWQ does for dense rotations.
+        if new.hasSuffix("channel_scales"), value.ndim == 1 {
+            value = value.reshaped(1, -1)
         }
+        weights[String(key.dropLast(old.count)) + new] = value
     }
 }
 
@@ -190,6 +323,17 @@ private func verifyTensorShape(
     }
 }
 
+/// Reject (dims, groupSize, krot) triples the rotation kernels cannot run
+/// before any module is built, with a key path instead of a precondition
+/// trap deep inside the first forward pass. Mirrors `assertRotationGeometry`.
+private func verifyRotationGeometry(
+    path: String, dims: Int, groupSize: Int, krot: Int
+) throws {
+    if let problem = rotationGeometryProblem(dims: dims, groupSize: groupSize, krot: krot) {
+        throw ParoQuantError.unsupportedRotationGeometry(path: path, reason: problem)
+    }
+}
+
 private func rotationLeafModules(model: Module) -> [String: Module] {
     Dictionary(uniqueKeysWithValues: model.leafModules().flattened())
 }
@@ -225,6 +369,7 @@ private func rotationModuleSpec(
     let biases = try requireTensor("\(prefix).biases", weights: weights)
 
     let krot = theta.dim(0)
+    try verifyRotationGeometry(path: prefix, dims: inputDims, groupSize: groupSize, krot: krot)
     try verifyTensorShape(theta, key: "\(prefix).theta", expected: [krot, inputDims / 2])
     try verifyTensorShape(pairs, key: "\(prefix).pairs", expected: [krot, inputDims])
     try verifyTensorShape(
@@ -241,6 +386,74 @@ private func rotationModuleSpec(
     return (inputDims, outputDims, expectsBias, krot)
 }
 
+/// Replace SwitchGLU modules with RotateSwitchGLU where the remapped shared
+/// rotation keys exist (`…switch_mlp.gate_up_rot.theta` marks one MoE block).
+///
+/// Must run *before* `patchRotationLayers`: the remapped rotation keys also
+/// end in `.theta`, and the dense scan must find a `PairwiseRotation` leaf
+/// (which it skips) at those prefixes — not an unpatched non-Linear module.
+///
+/// Internal (not private) so the swap contract is unit-testable.
+func patchMoESwitchGLULayers(
+    model: Module, weights: [String: MLXArray], groupSize: Int
+) throws {
+    let marker = ".gate_up_rot.theta"
+    let gluPaths = weights.keys
+        .filter { $0.hasSuffix(marker) }
+        .map { String($0.dropLast(marker.count)) }
+        .sorted()
+
+    guard !gluPaths.isEmpty else { return }
+
+    let modules = Dictionary(uniqueKeysWithValues: model.namedModules())
+    var updates = [(String, Module)]()
+
+    for path in gluPaths {
+        guard let module = modules[path] else {
+            throw ParoQuantError.rotationLayerNotFound(path)
+        }
+        guard let glu = module as? SwitchGLU else {
+            throw ParoQuantError.rotationLayerTypeMismatch(
+                path: path,
+                actualType: String(describing: type(of: module))
+            )
+        }
+
+        // Both rotations must arrive complete; a partial set means a broken
+        // checkpoint and should fail here, with a key name, not at update().
+        let theta = try requireTensor("\(path).gate_up_rot.theta", weights: weights)
+        for child in ["gate_up_rot", "down_rot"] {
+            for suffix in ["theta", "pairs", "channel_scales"] {
+                _ = try requireTensor("\(path).\(child).\(suffix)", weights: weights)
+            }
+        }
+
+        let krot = theta.dim(0)
+        try verifyRotationGeometry(
+            path: "\(path).gate_up_rot", dims: glu.inputDims, groupSize: groupSize, krot: krot)
+        try verifyRotationGeometry(
+            path: "\(path).down_rot", dims: glu.hiddenDims, groupSize: groupSize, krot: krot)
+
+        let replacement = RotateSwitchGLU(
+            inputDims: glu.inputDims,
+            hiddenDims: glu.hiddenDims,
+            numExperts: glu.numExperts,
+            groupSize: groupSize,
+            krot: krot
+        )
+        updates.append((path, replacement))
+    }
+
+    try model.update(modules: ModuleChildren.unflattened(updates), verify: [.noUnusedKeys])
+
+    let patched = Dictionary(uniqueKeysWithValues: model.namedModules())
+    for (path, _) in updates {
+        guard patched[path] is RotateSwitchGLU else {
+            throw ParoQuantError.rotationLayerPatchFailed(path)
+        }
+    }
+}
+
 /// Replace Linear layers with RotateQuantizedLinear where rotation parameters exist.
 private func patchRotationLayers(
     model: Module, weights: [String: MLXArray],
@@ -257,6 +470,11 @@ private func patchRotationLayers(
     var updates = [(String, Module)]()
 
     for prefix in prefixes {
+        // MoE shared rotations: their keys also end in `.theta`, but they
+        // belong to the PairwiseRotation children installed by
+        // patchMoESwitchGLULayers, not to a Linear awaiting patching.
+        if leafModules[prefix] is PairwiseRotation { continue }
+
         let spec = try rotationModuleSpec(
             prefix: prefix,
             leafModules: leafModules,
@@ -349,6 +567,20 @@ public func loadParoQuantModel<T: LanguageModel>(
     tokenizerLoader: any TokenizerLoader,
     toolCallFormat: ToolCallFormat? = nil
 ) async throws -> ModelContainer {
+    // Phase wall-clock breakdown, logged once at the end. MLX ops are lazy, so
+    // graph-building phases (convert/stack/remap) bill their kernel time to the
+    // step-12 `eval(model)` — the phase split separates CPU-side work from that
+    // final materialization, it does not attribute kernels to their builders.
+    let loadClock = ContinuousClock()
+    let loadStart = loadClock.now
+    var phaseStart = loadStart
+    var phaseTimes: [(String, Double)] = []
+    func markPhase(_ name: String) {
+        let now = loadClock.now
+        phaseTimes.append((name, (now - phaseStart) / .seconds(1)))
+        phaseStart = now
+    }
+
     // 1. Parse config.json (flatten VLM text_config if present)
     let configURL = directory.appendingPathComponent("config.json")
     var configData = try Data(contentsOf: configURL)
@@ -359,11 +591,8 @@ public func loadParoQuantModel<T: LanguageModel>(
     else {
         throw ParoQuantError.missingConfig
     }
-    if let textConfig = configJSON["text_config"] as? [String: Any] {
-        for (key, value) in textConfig {
-            configJSON[key] = value
-        }
-        configJSON["model_type"] = "qwen3_5"
+    if configJSON["text_config"] != nil {
+        configJSON = flattenParoQuantTextConfig(configJSON)
         configData = try JSONSerialization.data(withJSONObject: configJSON)
     }
     let baseConfig = try JSONDecoder().decode(BaseConfiguration.self, from: configData)
@@ -380,6 +609,7 @@ public func loadParoQuantModel<T: LanguageModel>(
     let model =
         try await typeRegistry
         .createModel(configuration: configData, modelType: baseConfig.modelType)
+    markPhase("createModel")
 
     // 4. EOS token override from generation_config.json
     var eosTokenIds = Set(baseConfig.eosTokenIds?.values ?? [])
@@ -399,44 +629,102 @@ public func loadParoQuantModel<T: LanguageModel>(
         toolCallFormat: toolCallFormat)
     config.eosTokenIds = eosTokenIds
 
-    // 5. Load raw safetensors (top-level only; do not recurse into
-    //    subdirectories, otherwise nested artefacts like an HF snapshot
-    //    cache under the checkpoint dir would be pulled in).
+    // Chat conventions. Same precedence as the model factories: an explicit
+    // value from the caller wins; then a registered resolver, which sees the
+    // model id the model cannot; then the model's own declaration, resolved
+    // against the tool dialect the checkpoint's tokenizer files select.
+    if config.toolCallFormat == nil {
+        config.toolCallFormat =
+            ChatConventionsRegistry.shared.toolCallFormat(
+                modelId: config.name, modelType: baseConfig.modelType)
+            ?? ToolCallFormat.resolved(
+                forTokenizerDirectory: directory, modelFormat: model.toolCallFormat)
+    }
+    if config.reasoningConfig == nil {
+        config.reasoningConfig =
+            ChatConventionsRegistry.shared.reasoningConfig(
+                modelId: config.name, modelType: baseConfig.modelType)
+            ?? model.reasoningConfig
+    }
+
+    // 5. Load weights. A fresh Prepared Checkpoint (the once-converted
+    //    MLX-native form, see `ParoQuantPreparedCheckpoint`) skips steps
+    //    6–6c entirely; otherwise load raw safetensors (top-level only; do
+    //    not recurse into subdirectories, otherwise nested artefacts like an
+    //    HF snapshot cache under the checkpoint dir would be pulled in) and
+    //    convert.
+    let preparedManifest = try ParoQuantPreparedCheckpoint.currentManifest(
+        directory: directory)
+    var usedPreparedCheckpoint = false
     var weights = [String: MLXArray]()
-    let contents = try FileManager.default.contentsOfDirectory(
-        at: directory, includingPropertiesForKeys: nil)
-    for url in contents
-    where url.pathExtension == "safetensors"
-        && url.lastPathComponent != "prerotated_cache.safetensors"
+    if let prepared = ParoQuantPreparedCheckpoint.load(
+        directory: directory, manifest: preparedManifest)
     {
-        let w = try loadArrays(url: url)
-        for (key, value) in w {
-            weights[key] = value
+        weights = prepared
+        usedPreparedCheckpoint = true
+        logger.info("Loaded \(weights.count) weight keys from the Prepared Checkpoint")
+        markPhase("preparedLoad")
+    } else {
+        for url in try ParoQuantPreparedCheckpoint.sourceURLs(in: directory) {
+            let w = try loadArrays(url: url)
+            for (key, value) in w {
+                weights[key] = value
+            }
         }
-    }
 
-    logger.info("Loaded \(weights.count) weight keys from safetensors")
+        logger.info("Loaded \(weights.count) weight keys from safetensors")
+        markPhase("rawLoad")
 
-    // 6. Convert AutoAWQ format → MLX format (BEFORE sanitize)
-    if weights.keys.contains(where: { $0.hasSuffix(".qweight") }) {
-        convertAutoAWQ(&weights, groupSize: paroConfig.groupSize)
-        logger.info("Converted AutoAWQ weights to MLX format")
+        // 6. Convert AutoAWQ format → MLX format (BEFORE sanitize)
+        if weights.keys.contains(where: { $0.hasSuffix(".qweight") }) {
+            convertAutoAWQ(&weights, groupSize: paroConfig.groupSize)
+            logger.info("Converted AutoAWQ weights to MLX format")
+        }
+        markPhase("convertGraph")
+
+        // 6b. Split fused Mamba `in_proj_ba` into `in_proj_b` / `in_proj_a`.
+        //     PARO-specific layout detail, so it lives here rather than in the
+        //     generic Qwen35 sanitize. Runs before `model.sanitize` so downstream
+        //     layers see the already-split keys.
+        splitFusedMambaProjections(&weights)
+
+        // 6c. MoE checkpoints: stack the per-expert converted AWQ tensors into
+        //     the 3-D switch_mlp layout and remap the shared per-layer rotation
+        //     keys onto the nested PairwiseRotation children. Both are key-driven
+        //     no-ops for dense checkpoints. The stack stays lazy (graph nodes over
+        //     the mmap'd source arrays) until eval — same whole-dict pattern as
+        //     the Python reference.
+        stackMoEExpertWeights(&weights)
+        remapSharedMoERotations(&weights)
+        markPhase("moePasses")
     }
 
-    // 6b. Split fused Mamba `in_proj_ba` into `in_proj_b` / `in_proj_a`.
-    //     PARO-specific layout detail, so it lives here rather than in the
-    //     generic Qwen35 sanitize. Runs before `model.sanitize` so downstream
-    //     layers see the already-split keys.
-    splitFusedMambaProjections(&weights)
+    // The Prepared Checkpoint persists this pre-sanitize snapshot: it is the
+    // last container-agnostic point (sanitize is model-class-specific, so one
+    // artifact serves both the LLM and VLM containers), and everything
+    // downstream — patching, quantize passes, update, rotation-state
+    // derivation — stays live code on every load.
+    let preSanitizeWeights = weights
 
     // 7. Model-specific sanitization
     weights = model.sanitize(weights: weights)
-
-    // 8. Patch rotation layers
+    markPhase("sanitize")
+
+    // 8a. Swap SwitchGLU → RotateSwitchGLU where shared rotation keys exist.
+    //     Must precede the dense `.theta` scan in patchRotationLayers (the
+    //     rotation keys also end in `.theta`). The fresh RotateSwitchGLU's
+    //     SwitchLinear children are converted to QuantizedSwitchLinear by the
+    //     step-9 quantize pass — their stacked checkpoint `.scales` mark them
+    //     as checkpoint-quantized, the same mechanism the dense path uses.
+    try patchMoESwitchGLULayers(
+        model: model, weights: weights, groupSize: paroConfig.groupSize)
+
+    // 8b. Patch dense rotation layers
     try patchRotationLayers(
         model: model, weights: weights,
         bits: paroConfig.bits, groupSize: paroConfig.groupSize
     )
+    markPhase("patch")
 
     // 9. Quantize non-rotation layers in MLX quantized form
     quantize(model: model) { path, module in
@@ -446,21 +734,30 @@ public func loadParoQuantModel<T: LanguageModel>(
         }
         return (paroConfig.groupSize, paroConfig.bits, .affine)
     }
+    markPhase("quantize")
 
     // 10. Load checkpoint weights into the patched model
     let parameters = ModuleParameters.unflattened(weights)
     let verify: Module.VerifyUpdate = [.allModelKeysSet, .shapeMismatch]
     try model.update(parameters: parameters, verify: verify)
+    markPhase("update")
 
     // 10b. Finalize rotation-derived state. Must run *after* the checkpoint
     //      update (so theta / pairs / channel_scales hold real values) and
-    //      *before* any forward pass. `prepareDerivedRotationState()`
-    //      eval(...)s its own derived arrays because they live in underscore-
-    //      prefixed private fields that Module reflection — and therefore
-    //      step 12's eval(model) — skips.
+    //      *before* any forward pass. The derived arrays live in underscore-
+    //      prefixed fields that Module reflection — and therefore step 12's
+    //      eval(model) — skips, so they are materialized here: one batched
+    //      eval across all rotation modules (dense RotateQuantizedLinear and
+    //      the MoE shared PairwiseRotation leaves) instead of a GPU
+    //      round-trip per module. See `RotationStatePreparing`.
+    var derivedRotationArrays: [MLXArray] = []
     for (_, layer) in rotationLeafModules(model: model) {
-        (layer as? RotateQuantizedLinear)?.prepareDerivedRotationState()
+        if let rotation = layer as? RotationStatePreparing {
+            derivedRotationArrays.append(contentsOf: rotation.prepareDerivedRotationState())
+        }
     }
+    eval(derivedRotationArrays)
+    markPhase("rotState")
 
     // 11. Quantize IO embedding path from FP16 weights
     quantize(model: model) { path, module in
@@ -469,12 +766,39 @@ public func loadParoQuantModel<T: LanguageModel>(
         }
         return (paroConfig.groupSize, paroConfig.bits, .affine)
     }
+    markPhase("quantizeIO")
 
     // 12. Prepare generic inference-only state, then materialize the model.
     // This must follow the final IO-layer topology update above, just like the
     // standard checkpoint-loading path.
     materializeModelForInference(model)
+    markPhase("eval")
     logger.info("ParoQuant model loaded and evaluated")
+    let totalSeconds = (loadClock.now - loadStart) / .seconds(1)
+    let breakdown =
+        phaseTimes
+        .map { String(format: "%@=%.2fs", $0.0, $0.1) }
+        .joined(separator: " ")
+    logger.notice(
+        "ParoQuant load phases: \(breakdown, privacy: .public) total=\(String(format: "%.2f", totalSeconds), privacy: .public)s"
+    )
+
+    // 12b. Persist the Prepared Checkpoint in the background when this load
+    //      had to convert. Runs after the materialization above so the
+    //      model-bound tensors are already realized (the dict shares them
+    //      by reference); readiness never waits on the write, and a failed
+    //      or interrupted write only means the next load converts again.
+    if !usedPreparedCheckpoint {
+        // `[String: MLXArray]` is not Sendable; the boxed dict holds the
+        // immutable, already-evaluated checkpoint tensors shared with the
+        // live model, read-only on both sides.
+        let weightsBox = SendableBox(preSanitizeWeights)
+        Task.detached(priority: .utility) {
+            ParoQuantPreparedCheckpoint.write(
+                weights: weightsBox.consume(), manifest: preparedManifest,
+                directory: directory)
+        }
+    }
 
     // 13. Load tokenizer
     let tokenizer = try await tokenizerLoader.load(from: directory)
@@ -507,6 +831,7 @@ public enum ParoQuantError: LocalizedError {
     case rotationLayerNotFound(String)
     case rotationLayerTypeMismatch(path: String, actualType: String)
     case rotationLayerPatchFailed(String)
+    case unsupportedRotationGeometry(path: String, reason: String)
 
     public var errorDescription: String? {
         switch self {
@@ -525,6 +850,8 @@ public enum ParoQuantError: LocalizedError {
                 "ParoQuant rotation layer \(path) is not a Linear-compatible module: \(actualType)"
         case .rotationLayerPatchFailed(let path):
             return "Failed to replace ParoQuant layer with RotateQuantizedLinear: \(path)"
+        case .unsupportedRotationGeometry(let path, let reason):
+            return "Unsupported ParoQuant rotation geometry at \(path): \(reason)"
         }
     }
 }
diff --git a/Libraries/MLXLMCommon/ParoQuant/PreparedCheckpoint.swift b/Libraries/MLXLMCommon/ParoQuant/PreparedCheckpoint.swift
new file mode 100644
index 0000000..6ac9ed0
--- /dev/null
+++ b/Libraries/MLXLMCommon/ParoQuant/PreparedCheckpoint.swift
@@ -0,0 +1,217 @@
+import Foundation
+import MLX
+import os
+
+private let logger = Logger(subsystem: "mlx-swift-lm", category: "paroquant")
+
+/// Prepared Checkpoint — the once-converted MLX-native form of a PARO
+/// checkpoint, stored beside the original so later loads skip the AutoAWQ
+/// conversion (unpack/reorder/repack, Mamba split, MoE expert stacking,
+/// rotation-key remap).
+///
+/// Rotation parameters (`theta` / `pairs` / `channel_scales`) are stored
+/// verbatim and every rotation-derived value is recomputed at load by
+/// `prepareDerivedRotationState()` — nothing semantic is baked into the
+/// artifact, only layout conversion whose output is deterministic.
+///
+/// The artifact is self-describing: its safetensors metadata carries a
+/// manifest of the source files it was converted from plus a format version.
+/// Any mismatch (source re-download, conversion-semantics change) or read
+/// failure makes the loader silently fall back to full conversion and
+/// rewrite the artifact — a Prepared Checkpoint can never fail a load that
+/// would otherwise succeed.
+public enum ParoQuantPreparedCheckpoint {
+
+    /// Artifact file name, written into the checkpoint directory.
+    public static let fileName = "prepared_checkpoint.safetensors"
+
+    /// In-progress write target; atomically renamed to `fileName` on
+    /// completion. A crash can strand one — it is ignored by scans (below)
+    /// and overwritten by the next write.
+    static let temporaryFileName = "prepared_checkpoint.incomplete.safetensors"
+
+    /// Never-shipped artifact name from the original cache design; kept
+    /// excluded so a stray file can't be ingested as checkpoint weights.
+    static let legacyFileName = "prerotated_cache.safetensors"
+
+    /// File names that must never be treated as checkpoint sources — by the
+    /// loader's raw-safetensors scan, by the manifest, and by any caller
+    /// computing weight identity over the directory (e.g. the app's
+    /// `ModelFingerprint`).
+    public static let excludedFileNames: Set<String> = [
+        fileName, temporaryFileName, legacyFileName,
+    ]
+
+    /// Bump whenever conversion semantics change — `convertAutoAWQ`, the
+    /// Mamba projection split, MoE expert stacking, or the rotation-key
+    /// remap. A bump invalidates every existing artifact on next load.
+    static let formatVersion = 1
+
+    /// Safetensors metadata key holding the JSON-encoded ``Manifest``.
+    static let manifestKey = "paroquant.prepared_checkpoint.manifest"
+
+    /// Refuse to write when the volume would drop below this fraction of the
+    /// artifact's size in free space after the write (2× = artifact size in
+    /// headroom left over).
+    static let freeSpaceSafetyFactor: Int64 = 2
+
+    // MARK: - Manifest
+
+    /// Identity of the conversion inputs: every top-level source
+    /// `*.safetensors` (artifact names excluded) plus `config.json`, as
+    /// (name, size, mtime); byte-hashing is deliberately skipped for the
+    /// same reason the app's `ModelFingerprint` skips it — it would cost
+    /// seconds on exactly the path this artifact exists to speed up.
+    struct Manifest: Codable, Equatable {
+        struct Source: Codable, Equatable {
+            let name: String
+            let size: Int64
+            let mtimeNs: Int64
+        }
+
+        let formatVersion: Int
+        let sources: [Source]
+    }
+
+    /// The directory's conversion source files: every top-level
+    /// `*.safetensors` minus the artifact names in `excludedFileNames`,
+    /// hidden files skipped (an AppleDouble `._*.safetensors` sibling is
+    /// not a checkpoint).
+    ///
+    /// Single definition shared by `currentManifest` and the loader's raw
+    /// scan — the manifest exists to record exactly what the loader read,
+    /// so the two lists must be the same list by construction.
+    static func sourceURLs(
+        in directory: URL, includingPropertiesForKeys keys: [URLResourceKey]? = nil
+    ) throws -> [URL] {
+        try FileManager.default.contentsOfDirectory(
+            at: directory, includingPropertiesForKeys: keys, options: [.skipsHiddenFiles]
+        )
+        .filter {
+            $0.pathExtension == "safetensors" && !excludedFileNames.contains($0.lastPathComponent)
+        }
+    }
+
+    /// Manifest describing the directory's current conversion inputs,
+    /// sorted by file name for deterministic comparison.
+    static func currentManifest(directory: URL) throws -> Manifest {
+        var urls = try sourceURLs(
+            in: directory,
+            includingPropertiesForKeys: [.fileSizeKey, .contentModificationDateKey]
+        )
+        urls.append(directory.appendingPathComponent("config.json", isDirectory: false))
+
+        var sources: [Manifest.Source] = []
+        sources.reserveCapacity(urls.count)
+        for url in urls {
+            let values = try url.resourceValues(forKeys: [
+                .fileSizeKey, .contentModificationDateKey,
+            ])
+            // Same Double-derived derivation as the app's ModelFingerprint —
+            // stored and recomputed values must round identically.
+            let mtimeNs = values.contentModificationDate.map {
+                Int64($0.timeIntervalSince1970 * 1_000_000_000)
+            }
+            sources.append(
+                Manifest.Source(
+                    name: url.lastPathComponent,
+                    size: Int64(values.fileSize ?? 0),
+                    mtimeNs: mtimeNs ?? 0
+                ))
+        }
+        sources.sort { $0.name < $1.name }
+        return Manifest(formatVersion: formatVersion, sources: sources)
+    }
+
+    // MARK: - Read
+
+    static func artifactURL(for directory: URL) -> URL {
+        directory.appendingPathComponent(fileName, isDirectory: false)
+    }
+
+    /// Load the prepared weights when a valid artifact matches `manifest`.
+    /// Returns `nil` — after deleting the artifact — when it is absent,
+    /// stale, or unreadable (self-heal: the caller falls back to full
+    /// conversion and a background rewrite).
+    static func load(directory: URL, manifest: Manifest) -> [String: MLXArray]? {
+        let url = artifactURL(for: directory)
+        guard FileManager.default.fileExists(atPath: url.path) else { return nil }
+        do {
+            let (arrays, metadata) = try loadArraysAndMetadata(url: url)
+            guard let manifestJSON = metadata[manifestKey],
+                let stored = try? JSONDecoder().decode(
+                    Manifest.self, from: Data(manifestJSON.utf8)),
+                stored == manifest
+            else {
+                logger.notice("Prepared Checkpoint is stale — re-converting")
+                try? FileManager.default.removeItem(at: url)
+                return nil
+            }
+            return arrays
+        } catch {
+            logger.warning(
+                "Prepared Checkpoint unreadable (\(String(describing: error), privacy: .public)) — re-converting"
+            )
+            try? FileManager.default.removeItem(at: url)
+            return nil
+        }
+    }
+
+    // MARK: - Write
+
+    /// Serialize `weights` with the manifest embedded and atomically publish
+    /// the artifact (temp file + rename). Skips — with a notice — when free
+    /// disk space is known to be below `freeSpaceSafetyFactor ×` the
+    /// estimated artifact size; when no capacity value resolves the write
+    /// proceeds and a genuinely full volume fails into the catch instead.
+    /// Failures only log: the loaded model is unaffected and the next load
+    /// simply converts again.
+    static func write(weights: [String: MLXArray], manifest: Manifest, directory: URL) {
+        let clock = ContinuousClock()
+        let start = clock.now
+        let fm = FileManager.default
+        let tmpURL = directory.appendingPathComponent(temporaryFileName, isDirectory: false)
+        do {
+            let estimatedBytes = weights.values.reduce(Int64(0)) { $0 + Int64($1.nbytes) }
+            // The quota-aware importantUsage capacity resolves through the
+            // system's cache-management machinery, which some hosts (CI
+            // runners, VMs) don't provide — it reports nil or 0 there. Fall
+            // back to the statfs-backed value; the guard is advisory, so an
+            // unknown capacity must never veto the write.
+            let capacity = try? directory.resourceValues(forKeys: [
+                .volumeAvailableCapacityForImportantUsageKey, .volumeAvailableCapacityKey,
+            ])
+            let importantUsage = capacity?.volumeAvailableCapacityForImportantUsage ?? 0
+            let free =
+                importantUsage > 0
+                ? importantUsage : Int64(capacity?.volumeAvailableCapacity ?? 0)
+            if free > 0, free < estimatedBytes * freeSpaceSafetyFactor {
+                logger.notice(
+                    "Prepared Checkpoint write skipped — free space \(free, privacy: .public)B < \(freeSpaceSafetyFactor, privacy: .public)× estimated \(estimatedBytes, privacy: .public)B"
+                )
+                return
+            }
+
+            let manifestJSON = String(
+                decoding: try JSONEncoder().encode(manifest), as: UTF8.self)
+            try? fm.removeItem(at: tmpURL)
+            try save(
+                arrays: weights,
+                metadata: [manifestKey: manifestJSON],
+                url: tmpURL
+            )
+            let url = artifactURL(for: directory)
+            try? fm.removeItem(at: url)
+            try fm.moveItem(at: tmpURL, to: url)
+            let seconds = (clock.now - start) / .seconds(1)
+            logger.notice(
+                "Prepared Checkpoint written: \(estimatedBytes, privacy: .public)B in \(String(format: "%.1f", seconds), privacy: .public)s"
+            )
+        } catch {
+            logger.warning(
+                "Prepared Checkpoint write failed (\(String(describing: error), privacy: .public)) — next load converts again"
+            )
+            try? fm.removeItem(at: tmpURL)
+        }
+    }
+}
diff --git a/Libraries/MLXLMCommon/ParoQuant/RotateQuantizedLinear.swift b/Libraries/MLXLMCommon/ParoQuant/RotateQuantizedLinear.swift
index 591aa04..ef822e2 100644
--- a/Libraries/MLXLMCommon/ParoQuant/RotateQuantizedLinear.swift
+++ b/Libraries/MLXLMCommon/ParoQuant/RotateQuantizedLinear.swift
@@ -2,132 +2,10 @@ import Foundation
 import MLX
 import MLXNN
 
-// MARK: - Metal Kernel Source
-
-/// Pairwise Givens rotation kernel for Metal (Apple Silicon).
-/// Template parameters are substituted at compile time.
-private func metalSource(
-    rowsPerTile: Int, maxGroupSize: Int = 128, maxKrot: Int = 16
-) -> String {
-    """
-    constexpr int ROWS_PER_TILE = \(rowsPerTile);
-    constexpr int MAX_KROT      = \(maxKrot);
-
-    const int batch_size  = params[0];
-    const int hidden_size = params[1];
-    const int krot        = params[2];
-    const int group_size  = params[3];
-
-    const int half_gs     = group_size / 2;
-    const int half_hidden = hidden_size / 2;
-
-    const int tile_idx  = threadgroup_position_in_grid.x;
-    const int group_idx = threadgroup_position_in_grid.y;
-    const int tid       = thread_index_in_threadgroup;
-
-    if (tid >= half_gs) return;
-
-    // Load rotation coefficients into registers
-    float cos_vals[MAX_KROT], sin_vals[MAX_KROT];
-    int   pair_vals[MAX_KROT];
-
-    for (int k = 0; k < krot; k++) {
-        int idx = k * half_hidden + group_idx * half_gs + tid;
-        cos_vals[k]  = float(cos_theta[idx]);
-        sin_vals[k]  = float(sin_theta[idx]);
-        pair_vals[k] = int(packed_pairs[idx]);
-    }
-
-    // Load activation tile into shared memory (fuse channel scales)
-    threadgroup float tile[\(maxGroupSize) * ROWS_PER_TILE];
-
-    const int ch_lo = group_idx * group_size + tid;
-    const int ch_hi = ch_lo + half_gs;
-    float scale_lo = float(channel_scales[ch_lo]);
-    float scale_hi = float(channel_scales[ch_hi]);
-
-    for (int r = 0; r < ROWS_PER_TILE; r++) {
-        int row = tile_idx * ROWS_PER_TILE + r;
-        if (row < batch_size) {
-            tile[tid * ROWS_PER_TILE + r]              = float(x[row * hidden_size + ch_lo]) * scale_lo;
-            tile[(tid + half_gs) * ROWS_PER_TILE + r]  = float(x[row * hidden_size + ch_hi]) * scale_hi;
-        }
-    }
-    threadgroup_barrier(mem_flags::mem_threadgroup);
-
-    // Apply pairwise Givens rotations in-place
-    for (int k = 0; k < krot; k++) {
-        int i_local = pair_vals[k] & 0xFFFF;
-        int j_local = pair_vals[k] >> 16;
-        float c = cos_vals[k], s = sin_vals[k];
-
-        for (int m = 0; m < ROWS_PER_TILE; m++) {
-            float a = tile[i_local * ROWS_PER_TILE + m];
-            float b = tile[j_local * ROWS_PER_TILE + m];
-            tile[i_local * ROWS_PER_TILE + m] = a * c + b * s;
-            tile[j_local * ROWS_PER_TILE + m] = b * c - a * s;
-        }
-        threadgroup_barrier(mem_flags::mem_threadgroup);
-    }
-
-    // Write results back
-    for (int r = 0; r < ROWS_PER_TILE; r++) {
-        int row = tile_idx * ROWS_PER_TILE + r;
-        if (row < batch_size) {
-            out[row * hidden_size + ch_lo] = tile[tid * ROWS_PER_TILE + r];
-            out[row * hidden_size + ch_hi] = tile[(tid + half_gs) * ROWS_PER_TILE + r];
-        }
-    }
-    """
-}
-
-// MARK: - Kernel Cache
-
-/// Cached compiled Metal kernels keyed by tile size, guarded by `kernelCacheLock`.
-/// Callers are multi-threaded (each `ModelContainer.perform` closure can run on its
-/// own task), so the dictionary read-modify-write is serialised. Contention is
-/// practically nil — only two tile sizes (1 and 4) are ever requested, so the lock
-/// is contended exactly twice per process before steady-state hits.
-nonisolated(unsafe) private var kernelCache: [Int: MLXFast.MLXFastKernel] = [:]
-private let kernelCacheLock = NSLock()
-
-nonisolated private func getRotationKernel(tile: Int) -> MLXFast.MLXFastKernel {
-    kernelCacheLock.withLock {
-        if let cached = kernelCache[tile] {
-            return cached
-        }
-        let kernel = MLXFast.metalKernel(
-            name: "paro_rotate_r\(tile)",
-            inputNames: [
-                "x", "packed_pairs", "cos_theta", "sin_theta", "channel_scales", "params",
-            ],
-            outputNames: ["out"],
-            source: metalSource(rowsPerTile: tile)
-        )
-        kernelCache[tile] = kernel
-        return kernel
-    }
-}
-
-// MARK: - Pair Packing
-
-/// Pack int16 pair indices into int32 for the Metal kernel.
-///
-/// Each pair `(i, j)` is packed as `i | (j << 16)` within each group.
-nonisolated private func packPairs(_ pairs: MLXArray, groupSize: Int) -> MLXArray {
-    let krot = pairs.dim(0)
-    let numGroups = pairs.dim(1) / groupSize
-
-    // Reshape to [krot, numGroups, groupSize]
-    let p = pairs.reshaped(krot, numGroups, groupSize).asType(.int32)
-
-    // Even indices (lo) and odd indices (hi) within each group
-    let lo = p[0..., 0..., .stride(by: 2)]
-    let hi = p[0..., 0..., .stride(from: 1, by: 2)]
-    return (lo | (hi << 16)).reshaped(krot, -1)
-}
-
-// MARK: - RotateQuantizedLinear
+// The rotation machinery this class dispatches — Metal kernel source and
+// cache, `dispatchPairwiseRotation`, and `RotationDerivedState` — lives in
+// PairwiseRotation.swift, shared with the standalone `PairwiseRotation`
+// module.
 
 /// Pairwise Givens rotation + quantized matmul.
 ///
@@ -137,7 +15,7 @@ nonisolated private func packPairs(_ pairs: MLXArray, groupSize: Int) -> MLXArra
 ///
 /// Rotation is applied to activations at runtime via a Metal kernel, preserving
 /// the quantization-friendly properties of the original weights.
-open class RotateQuantizedLinear: QuantizedLinear {
+open class RotateQuantizedLinear: QuantizedLinear, RotationStatePreparing {
 
     // Rotation parameters — discovered by Module reflection for update(parameters:).
     // `channelScales` uses @ParameterInfo so it can keep the snake_case checkpoint
@@ -146,25 +24,19 @@ open class RotateQuantizedLinear: QuantizedLinear {
     let pairs: MLXArray
     @ParameterInfo(key: "channel_scales") var channelScales: MLXArray
 
-    // Rotation-derived state. Populated once by `prepareDerivedRotationState()`
-    // after the checkpoint parameters are loaded (see ParoQuantLoader), and
-    // never mutated afterwards. Underscore-prefixed private properties are
-    // ignored by Module reflection — see Documentation.docc/porting.md
-    // "Computed vs Loaded Parameters" — so they don't participate in weight
-    // loading, which keeps the loader's strict `verify: [.allModelKeysSet]`
-    // contract intact.
-    //
-    // Kept out of the forward pass's `eval` graph by materialising them
-    // explicitly inside `prepareDerivedRotationState()`.
-    private var _cosTheta: MLXArray
-    private var _sinTheta: MLXArray
-    private var _packedPairs: MLXArray
-    private var _scalesFlat: MLXArray
+    // Populated once by `prepareDerivedRotationState()` after the checkpoint
+    // parameters are loaded (see ParoQuantLoader), and never mutated
+    // afterwards. See `RotationDerivedState` for why the underscore prefix
+    // keeps it out of weight loading.
+    private var _rotation: RotationDerivedState
 
+    /// - Precondition: `inputDims` is a positive multiple of an even
+    ///   `groupSize`, and `krot >= 1` — see `rotationGeometryProblem`.
     public init(
         inputDims: Int, outputDims: Int, hasBias: Bool,
         groupSize: Int, bits: Int, krot: Int
     ) {
+        assertRotationGeometry(dims: inputDims, groupSize: groupSize, krot: krot)
         self.theta = MLXArray.zeros([krot, inputDims / 2])
         self.pairs = MLXArray.zeros([krot, inputDims], type: Int16.self)
         // Assign through `.wrappedValue` so the `@ParameterInfo(key:)` metadata
@@ -174,15 +46,7 @@ open class RotateQuantizedLinear: QuantizedLinear {
         // doesn't exist in the checkpoint, and `update(parameters:verify:)`
         // fails with `keyNotFound`. Pattern matches `LoRA+Layers.swift`.
         self._channelScales.wrappedValue = MLXArray.ones([1, inputDims])
-
-        // Placeholder values — `prepareDerivedRotationState()` overwrites
-        // these with real derived tensors after checkpoint load. Shapes are
-        // correct so a forward pass before finalize would be degenerate
-        // (identity-ish rotation) rather than crash.
-        self._cosTheta = MLXArray.ones([krot, inputDims / 2])
-        self._sinTheta = MLXArray.zeros([krot, inputDims / 2])
-        self._packedPairs = MLXArray.zeros([krot, inputDims / 2], type: Int32.self)
-        self._scalesFlat = MLXArray.ones([inputDims])
+        self._rotation = RotationDerivedState(dims: inputDims, krot: krot)
 
         super.init(
             weight: MLXArray.zeros([outputDims, inputDims * bits / 32], type: UInt32.self),
@@ -194,61 +58,26 @@ open class RotateQuantizedLinear: QuantizedLinear {
         )
     }
 
-    /// Compute rotation-derived tensors from the loaded checkpoint parameters.
-    ///
-    /// Must be called once, after `update(parameters:)` populates
-    /// `theta` / `pairs` / `channelScales`, and before any forward pass.
-    /// Must not be called concurrently with forward passes — the loader
-    /// owns this call, nothing else should.
-    ///
-    /// Each forward pass previously generated this state lazily on first
-    /// call and cached it in a mutable `CachedRotation?` field. That pattern
-    /// is unsafe under multi-threaded inference (issue #157 — a shared model
-    /// container is driven by multiple tasks simultaneously), so derivation
-    /// is now done explicitly at load time.
-    ///
-    /// The four derived arrays are `eval(...)`ed here because underscore-
-    /// prefixed private fields are invisible to Module reflection — the
-    /// loader's later `eval(model)` walks `@ParameterInfo` tensors only, so
-    /// these would otherwise stay unmaterialised promises until the first
-    /// forward pass, and materialisation would then become part of that
-    /// pass's graph (exactly the eval-time state we're eliminating).
-    public func prepareDerivedRotationState() {
-        _cosTheta = MLX.cos(theta)
-        _sinTheta = MLX.sin(theta)
-        _packedPairs = packPairs(pairs, groupSize: groupSize)
-        _scalesFlat = channelScales.reshaped(-1)
-        eval(_cosTheta, _sinTheta, _packedPairs, _scalesFlat)
-    }
-
-    private func rotate(_ x: MLXArray) -> MLXArray {
-        let dim = _scalesFlat.dim(0)
-        let halfGroup = groupSize / 2
-        let numGroups = dim / groupSize
-        let krot = theta.dim(0)
-
-        let batch = x.dim(0)
-        let tile = batch <= 1 ? 1 : 4
-        let gridX = ((batch + tile - 1) / tile) * halfGroup
-        let params = MLXArray([Int32(batch), Int32(dim), Int32(krot), Int32(groupSize)])
-
-        return getRotationKernel(tile: tile)(
-            [x, _packedPairs, _cosTheta, _sinTheta, _scalesFlat, params],
-            grid: (gridX, numGroups, 1),
-            threadGroup: (halfGroup, 1, 1),
-            outputShapes: [x.shape],
-            outputDTypes: [x.dtype]
-        )[0]
+    /// See `RotationStatePreparing` — loader-owned, results batched into a
+    /// single load-time `eval` with every other rotation module's.
+    @discardableResult
+    public func prepareDerivedRotationState() -> [MLXArray] {
+        _rotation.prepare(
+            theta: theta, pairs: pairs, channelScales: channelScales, groupSize: groupSize)
+        return _rotation.all
     }
 
     /// Forward pass: applies pairwise Givens rotation then quantized matmul.
     ///
-    /// Computes `y = quantizedMM(rotate(x), W)` where `rotate(x)` fuses channel
-    /// scaling and Givens rotations in a single Metal kernel. No mutable
-    /// state is read or written by this method.
+    /// Computes `y = quantizedMM(rotate(x), W)` where the rotation fuses
+    /// channel scaling and Givens rotations in a single Metal kernel. No
+    /// mutable state is read or written by this method.
     open override func callAsFunction(_ x: MLXArray) -> MLXArray {
         let shape = x.shape
-        let rotated = rotate(x.reshaped(-1, _scalesFlat.dim(0)))
+        let rotated = dispatchPairwiseRotation(
+            x.reshaped(-1, _rotation.scalesFlat.dim(0)),
+            state: _rotation, groupSize: groupSize, krot: theta.dim(0)
+        )
 
         var y = quantizedMM(
             rotated.reshaped(shape), weight,
diff --git a/Libraries/MLXLMCommon/ParoQuant/RotateSwitchGLU.swift b/Libraries/MLXLMCommon/ParoQuant/RotateSwitchGLU.swift
new file mode 100644
index 0000000..7d07001
--- /dev/null
+++ b/Libraries/MLXLMCommon/ParoQuant/RotateSwitchGLU.swift
@@ -0,0 +1,66 @@
+import Foundation
+import MLX
+import MLXNN
+
+/// `SwitchGLU` with shared pairwise Givens rotations injected around the
+/// expert projections — the PARO MoE expert block (mirrors upstream z-lab
+/// `RotateSwitchGLU`, paroquant `modules.py`).
+///
+/// All experts share a single set of rotation parameters per projection
+/// input: `gate_up_rot` rotates the token activations ahead of the expert
+/// gather (bitwise-equivalent to rotating the gathered rows, at 1/topK the
+/// cost) for `gate_proj`/`up_proj` (which share their input), and `down_rot`
+/// rotates the activated hidden state before `down_proj`. The projections themselves
+/// stay stock `SwitchLinear`/`QuantizedSwitchLinear` — rotating the shared
+/// activations *once* per token is what makes PARO MoE cheap: the rotation
+/// cost is independent of the number of experts.
+///
+/// Checkpoint contract: the rotation parameters load under *nested* keys
+/// (`switch_mlp.gate_up_rot.theta`, `switch_mlp.down_rot.pairs`, …) via the
+/// two `PairwiseRotation` children. Upstream keeps them flat on the GLU
+/// (`gate_up_rot_theta`); the nested layout is a deliberate divergence (#208)
+/// so the rotation is a reusable Module rather than mixin state —
+/// `remapSharedMoERotations` in the loader produces the nested keys.
+///
+/// Subclasses `SwitchGLU` so it satisfies the `switch_mlp: SwitchGLU`
+/// property on MoE blocks (e.g. `Qwen35SparseMoeBlock`) through
+/// `update(modules:)`, exactly like `RotateQuantizedLinear: QuantizedLinear`
+/// on the dense path.
+public class RotateSwitchGLU: SwitchGLU {
+
+    @ModuleInfo(key: "gate_up_rot") var gateUpRot: PairwiseRotation
+    @ModuleInfo(key: "down_rot") var downRot: PairwiseRotation
+
+    public init(
+        inputDims: Int,
+        hiddenDims: Int,
+        numExperts: Int,
+        groupSize: Int,
+        krot: Int,
+        bias: Bool = false
+    ) {
+        self._gateUpRot.wrappedValue = PairwiseRotation(
+            dims: inputDims, groupSize: groupSize, krot: krot)
+        self._downRot.wrappedValue = PairwiseRotation(
+            dims: hiddenDims, groupSize: groupSize, krot: krot)
+        super.init(
+            inputDims: inputDims, hiddenDims: hiddenDims, numExperts: numExperts, bias: bias)
+    }
+
+    /// `gate_up_rot` runs *before* the gather/sort: the rotation kernel is
+    /// row-independent (rows never mix, see the `PairwiseRotation` Metal
+    /// source) and `gatherSort` only duplicates rows, so
+    /// `rotate(gather(x)) ≡ gather(rotate(x))` bitwise — while rotating `L`
+    /// rows instead of `L × topK`. `PairwiseRotation.rotate` is
+    /// shape-preserving over any leading shape and passes empty batches
+    /// through, so both the sorted (flattened) and unsorted (broadcast)
+    /// layouts go through unchanged.
+    override func transformInput(_ x: MLXArray) -> MLXArray {
+        gateUpRot.rotate(x)
+    }
+
+    /// Rotate the activated hidden state ahead of the `down_proj` experts.
+    override func transformHidden(_ x: MLXArray) -> MLXArray {
+        downRot.rotate(x)
+    }
+}
diff --git a/Libraries/MLXLMCommon/SwitchLayers.swift b/Libraries/MLXLMCommon/SwitchLayers.swift
index 9778c88..3aa6d49 100644
--- a/Libraries/MLXLMCommon/SwitchLayers.swift
+++ b/Libraries/MLXLMCommon/SwitchLayers.swift
@@ -160,10 +160,24 @@ open class SwitchGLU: Module {
         super.init()
     }
 
+    /// Transform the expanded input ahead of the expert gather/sort.
+    ///
+    /// This pair of hooks exists so subclasses can wrap the expert
+    /// projections without copying `projectExperts`' dataflow — and
+    /// silently detaching from future changes to it, e.g. the gather/sort
+    /// threshold or the compiled activation product. `RotateSwitchGLU`
+    /// rotates activations here; the identity defaults add no graph nodes.
+    func transformInput(_ x: MLXArray) -> MLXArray { x }
+
+    /// Transform the activated hidden state ahead of `downProj`.
+    /// Identity by default — see `transformInput`.
+    func transformHidden(_ x: MLXArray) -> MLXArray { x }
+
     private func projectExperts(
         _ x: MLXArray, _ indices: MLXArray
     ) -> (output: MLXArray, inverseOrder: MLXArray?) {
         var x = MLX.expandedDimensions(x, axes: [-2, -3])
+        x = transformInput(x)
 
         let doSort = indices.size >= 64
 
@@ -176,12 +190,13 @@ open class SwitchGLU: Module {
 
         let xUp = upProj(x, idx, sortedIndices: doSort)
         let xGate = gateProj(x, idx, sortedIndices: doSort)
-        let activated =
+        var activated =
             if let activationProduct {
                 activationProduct(xGate, xUp)
             } else {
                 activation(xGate) * xUp
             }
+        activated = transformHidden(activated)
         x = downProj(
             activated,
             idx,
diff --git a/Tests/MLXLMTests/ParoQuantTests.swift b/Tests/MLXLMTests/ParoQuantTests.swift
index 63e7f30..4a17699 100644
--- a/Tests/MLXLMTests/ParoQuantTests.swift
+++ b/Tests/MLXLMTests/ParoQuantTests.swift
@@ -1,9 +1,10 @@
 import Foundation
 import MLX
-import MLXLMCommon
 import MLXNN
 import XCTest
 
+@testable import MLXLMCommon
+
 public class ParoQuantTests: XCTestCase {
 
     // MARK: - Pair Packing
@@ -19,7 +20,7 @@ public class ParoQuantTests: XCTestCase {
         let row1 = (0 ..< dim).map { Int16((groupSize - 1) - ($0 % groupSize)) }
         let pairs = MLXArray(row0 + row1).reshaped(krot, dim)
 
-        let packed = packPairsForTesting(pairs, groupSize: groupSize)
+        let packed = packPairs(pairs, groupSize: groupSize)
         XCTAssertEqual(packed.shape, [krot, dim / 2])
 
         let values = packed.asArray(Int32.self)
@@ -50,7 +51,7 @@ public class ParoQuantTests: XCTestCase {
         let dim = 256
 
         let pairs = makeRandomPairs(krot: krot, dim: dim, groupSize: groupSize)
-        let packed = packPairsForTesting(pairs, groupSize: groupSize)
+        let packed = packPairs(pairs, groupSize: groupSize)
 
         let packedValues = packed.asArray(Int32.self)
         let originalValues = pairs.asArray(Int16.self)
@@ -105,6 +106,63 @@ public class ParoQuantTests: XCTestCase {
         }
     }
 
+    /// The converter must handle **every** `.qweight` prefix — MoE per-expert
+    /// weights carry no sibling `theta` (their rotations are shared per layer)
+    /// and were silently skipped by the old theta-filter — and must emit
+    /// scales and biases in the checkpoint's own float dtype (read from the
+    /// rotation tensors), so `quantizedMM` never promotes a bf16 activation
+    /// stream to f32 against f16 scales.
+    func testAWQConversionCoversThetaLessPrefixesAndMatchesCheckpointDType() {
+        for floatDType in [DType.float16, DType.bfloat16] {
+            // AWQ layout for in=8, out=8, groupSize=8:
+            //   qweight [in, out/8] int32, qzeros [in/gs, out/8] int32, scales [in/gs, out] f32
+            let dense = "model.layers.0.mlp.gate_proj."
+            let expert = "model.layers.0.mlp.experts.0.gate_proj."
+
+            var weights: [String: MLXArray] = [:]
+            for pfx in [dense, expert] {
+                weights["\(pfx)qweight"] = MLXArray(
+                    Array(repeating: UInt32(0x7654_3210), count: 8)
+                ).reshaped(8, 1)
+                weights["\(pfx)qzeros"] = MLXArray([UInt32(0x3333_3333)]).reshaped(1, 1)
+                weights["\(pfx)scales"] = MLXArray((0 ..< 8).map { Float($0) + 1.0 }).reshaped(1, 8)
+            }
+            // Only the dense prefix has rotation params, as in real MoE checkpoints;
+            // their dtype is the checkpoint's float dtype.
+            weights["\(dense)theta"] = MLXArray.zeros([2, 4]).asType(floatDType)
+
+            convertAutoAWQ(&weights, groupSize: 8)
+
+            for pfx in [dense, expert] {
+                XCTAssertNil(weights["\(pfx)qweight"], "\(pfx): qweight not consumed")
+                XCTAssertNil(weights["\(pfx)qzeros"], "\(pfx): qzeros not consumed")
+                let weight = try? XCTUnwrap(
+                    weights["\(pfx)weight"], "\(pfx): missing converted weight")
+                XCTAssertEqual(weight?.dtype, .uint32)
+                let scales = try? XCTUnwrap(weights["\(pfx)scales"], "\(pfx): missing scales")
+                XCTAssertEqual(
+                    scales?.dtype, floatDType, "\(pfx): scales not cast to \(floatDType)")
+                XCTAssertEqual(scales?.shape, [8, 1], "\(pfx): scales not transposed")
+                XCTAssertEqual(
+                    weights["\(pfx)biases"]?.dtype, floatDType,
+                    "\(pfx): biases not cast to \(floatDType)")
+            }
+            XCTAssertNotNil(weights["\(dense)theta"], "theta must pass through untouched")
+        }
+    }
+
+    /// Without any rotation tensor to read the dtype from, conversion keeps
+    /// the historical float16 default.
+    func testCheckpointFloatDTypeDefaultsToFloat16() {
+        XCTAssertEqual(checkpointFloatDType([:]), .float16)
+        XCTAssertEqual(
+            checkpointFloatDType(["a.channel_scales": MLXArray.ones([1, 4]).asType(.bfloat16)]),
+            .bfloat16)
+        // Non-float rotation tensors (pairs) never decide the dtype.
+        XCTAssertEqual(
+            checkpointFloatDType(["a.pairs": MLXArray.zeros([1, 4], type: Int16.self)]), .float16)
+    }
+
     func testAWQUnpackReorderPackRoundTrip() {
         // All-zeros should unpack to all-zeros
         let zeros = MLXArray([UInt32(0)]).reshaped(1, 1)
@@ -203,6 +261,498 @@ public class ParoQuantTests: XCTestCase {
                 "Unexpected output shape under concurrent load: \(shape)")
         }
     }
+
+    // MARK: - PairwiseRotation
+
+    /// The checkpoint key contract `RotateSwitchGLU` relies on: Module
+    /// reflection must expose exactly `theta` / `pairs` / `channel_scales`
+    /// (so nested keys like `switch_mlp.gate_up_rot.theta` load), and none
+    /// of the underscore-prefixed derived state.
+    func testPairwiseRotationExposesCheckpointKeys() {
+        let rot = PairwiseRotation(dims: 16, groupSize: 8, krot: 2)
+        let keys = Set(rot.parameters().flattened().map { $0.0 })
+        XCTAssertEqual(keys, ["theta", "pairs", "channel_scales"])
+    }
+
+    /// Rotation parameters are checkpoint constants: `PairwiseRotation`
+    /// freezes itself like `QuantizedLinear`, so a `RotateSwitchGLU` over
+    /// quantized experts reports no trainable parameters — the condition
+    /// `SwitchGLU.supportsDirectWeightedReduction` checks before taking the
+    /// fused reduction path.
+    func testPairwiseRotationIsFrozen() {
+        let rot = PairwiseRotation(dims: 16, groupSize: 8, krot: 2)
+        XCTAssertTrue(rot.trainableParameters().flattened().isEmpty)
+        XCTAssertEqual(rot.parameters().flattened().count, 3)
+
+        let glu = RotateSwitchGLU(
+            inputDims: 64, hiddenDims: 64, numExperts: 8, groupSize: 32, krot: 2)
+        quantize(model: glu, groupSize: 32, bits: 4)
+        XCTAssertTrue(glu.trainableParameters().flattened().isEmpty)
+    }
+
+    /// The geometry every kernel assumes, rejected up front with a reason:
+    /// whole groups, whole pairs, a half-group that fits one threadgroup,
+    /// at least one round.
+    func testRotationGeometryProblems() {
+        XCTAssertNil(rotationGeometryProblem(dims: 256, groupSize: 128, krot: 8))
+        XCTAssertNil(rotationGeometryProblem(dims: 16, groupSize: 8, krot: 1))
+        XCTAssertNil(rotationGeometryProblem(dims: 4096, groupSize: 2048, krot: 3))
+        XCTAssertNotNil(rotationGeometryProblem(dims: 20, groupSize: 8, krot: 2), "partial group")
+        XCTAssertNotNil(rotationGeometryProblem(dims: 18, groupSize: 9, krot: 2), "odd group")
+        XCTAssertNotNil(rotationGeometryProblem(dims: 8, groupSize: 16, krot: 2), "dims < group")
+        XCTAssertNotNil(rotationGeometryProblem(dims: 8192, groupSize: 4096, krot: 2), "CTA limit")
+        XCTAssertNotNil(rotationGeometryProblem(dims: 16, groupSize: 8, krot: 0), "no rounds")
+    }
+
+    /// Freshly-initialized parameters (theta = 0, scales = 1) must be an
+    /// exact identity: cos = 1 / sin = 0 rotations and unit channel scales
+    /// round-trip every value bit-for-bit through the kernel.
+    func testPairwiseRotationDefaultIsIdentity() {
+        let rot = PairwiseRotation(dims: 16, groupSize: 8, krot: 2)
+        rot.prepareDerivedRotationState()
+
+        let x = MLXRandom.normal([4, 16]).asType(.float16)
+        eval(x)
+        let y = rot.rotate(x)
+        XCTAssertTrue(allClose(y, x, rtol: 0.0, atol: 0.0).item(Bool.self))
+    }
+
+    /// Kernel output vs a scalar CPU re-implementation of the same math
+    /// (channel scaling, then krot rounds of within-group Givens rotations),
+    /// on both kernels (groupSize 8 → generic, 128 → simdgroup), both tile
+    /// paths (batch 1 → tile 1, batch 5 → tile 4), and every activation
+    /// dtype the kernels are instantiated for.
+    func testPairwiseRotationMatchesCPUReference() throws {
+        let krot = 3
+        for groupSize in [8, 128] {
+            let dim = groupSize * 2
+
+            let rot = PairwiseRotation(dims: dim, groupSize: groupSize, krot: krot)
+            let theta = (MLXRandom.normal([krot, dim / 2]) * 0.5).asType(.float16)
+            let pairs = makeRandomPairs(krot: krot, dim: dim, groupSize: groupSize)
+            let channelScales = (MLXRandom.normal([1, dim]) * 0.1 + 1.0).asType(.float16)
+            try rot.update(
+                parameters: ModuleParameters.unflattened([
+                    "theta": theta, "pairs": pairs, "channel_scales": channelScales,
+                ]),
+                verify: [.all])
+            rot.prepareDerivedRotationState()
+
+            // bfloat16 keeps 8 significand bits, so it rounds ~8x coarser than
+            // float16 on the same values.
+            let tolerances: [(DType, Float)] = [
+                (.float16, 0.01), (.bfloat16, 0.05), (.float32, 0.001),
+            ]
+            for (dtype, tolerance) in tolerances {
+                for batch in [1, 5] {
+                    let x = MLXRandom.normal([batch, dim]).asType(dtype)
+                    eval(x)
+
+                    let expected = referenceRotate(
+                        x: x, pairs: pairs, theta: theta, channelScales: channelScales,
+                        groupSize: groupSize)
+                    let y = rot.rotate(x)
+                    XCTAssertEqual(y.dtype, dtype)
+
+                    let relError = relativeRMSError(expected, y)
+                    XCTAssertLessThan(
+                        relError, tolerance,
+                        "groupSize \(groupSize) \(dtype) batch \(batch): kernel diverges from CPU reference"
+                    )
+                }
+            }
+        }
+    }
+
+    /// The reusability contract for gathered MoE activations: leading shape
+    /// is preserved for N-D input, and a zero-row input passes through
+    /// (no kernel dispatch on an empty grid).
+    func testPairwiseRotationPreservesLeadingShapeAndHandlesEmpty() {
+        let rot = PairwiseRotation(dims: 16, groupSize: 8, krot: 2)
+        rot.prepareDerivedRotationState()
+
+        let x4d = MLXRandom.normal([2, 3, 1, 16]).asType(.float16)
+        eval(x4d)
+        let y4d = rot.rotate(x4d)
+        XCTAssertEqual(y4d.shape, [2, 3, 1, 16])
+        // Same data through the 2-D path must give the same rows.
+        let yFlat = rot.rotate(x4d.reshaped(-1, 16))
+        XCTAssertTrue(allClose(y4d.reshaped(-1, 16), yFlat, rtol: 0.0, atol: 0.0).item(Bool.self))
+
+        let empty = MLXArray.zeros([0, 16]).asType(.float16)
+        let yEmpty = rot.rotate(empty)
+        XCTAssertEqual(yEmpty.shape, [0, 16])
+    }
+
+    // MARK: - MoE Loader Passes
+
+    /// `…experts.{e}.{proj}.{suffix}` triples stack into 3-D `switch_mlp`
+    /// tensors in expert order, consuming the per-expert keys; groups with a
+    /// mid-gap expert are left untouched (the strict update fails loudly on
+    /// the real gap instead); non-stackable suffixes and shared rotation
+    /// keys are ignored.
+    func testStackMoEExpertWeightsStacksAndRemoves() {
+        let base = "model.layers.0.mlp"
+        var weights = [String: MLXArray]()
+        for e in 0 ..< 2 {
+            for suffix in ["weight", "scales", "biases"] {
+                weights["\(base).experts.\(e).gate_proj.\(suffix)"] =
+                    MLXArray(Array(repeating: Float(e), count: 8)).reshaped(4, 2)
+            }
+        }
+        // Mid-gap group (experts 0 and 2, no 1) must not stack.
+        weights["\(base).experts.0.up_proj.weight"] = MLXArray.zeros([4, 2])
+        weights["\(base).experts.2.up_proj.weight"] = MLXArray.zeros([4, 2])
+        // Unconverted AWQ suffix and shared rotation keys must be ignored.
+        weights["\(base).experts.0.down_proj.qweight"] = MLXArray.zeros([4, 2])
+        weights["\(base).experts.gate_up_weight_theta"] = MLXArray.zeros([2, 8])
+
+        stackMoEExpertWeights(&weights)
+
+        for suffix in ["weight", "scales", "biases"] {
+            let stacked = weights["\(base).switch_mlp.gate_proj.\(suffix)"]
+            XCTAssertEqual(stacked?.shape, [2, 4, 2])
+            // Expert order: slice e must hold expert e's values.
+            XCTAssertEqual(stacked?[1].max().item(Float.self), 1.0)
+            XCTAssertEqual(stacked?[1].min().item(Float.self), 1.0)
+            XCTAssertNil(weights["\(base).experts.0.gate_proj.\(suffix)"])
+            XCTAssertNil(weights["\(base).experts.1.gate_proj.\(suffix)"])
+        }
+        XCTAssertNil(weights["\(base).switch_mlp.up_proj.weight"])
+        XCTAssertNotNil(weights["\(base).experts.0.up_proj.weight"])
+        XCTAssertNotNil(weights["\(base).experts.2.up_proj.weight"])
+        XCTAssertNotNil(weights["\(base).experts.0.down_proj.qweight"])
+        XCTAssertNotNil(weights["\(base).experts.gate_up_weight_theta"])
+    }
+
+    /// The shared per-layer rotation keys remap onto the *nested*
+    /// `PairwiseRotation` children (deliberate divergence from upstream's
+    /// flat `gate_up_rot_theta` layout), with 1-D channel_scales normalised
+    /// to `[1, dims]`.
+    func testRemapSharedMoERotationsProducesNestedKeys() {
+        let base = "model.layers.3.mlp"
+        var weights = [String: MLXArray]()
+        weights["\(base).experts.gate_up_weight_theta"] = MLXArray.zeros([8, 1024])
+        weights["\(base).experts.gate_up_weight_pairs"] = MLXArray.zeros(
+            [8, 2048], type: Int16.self)
+        weights["\(base).experts.gate_up_weight_channel_scales"] = MLXArray.ones([1, 2048])
+        weights["\(base).experts.down_weight_theta"] = MLXArray.zeros([8, 256])
+        weights["\(base).experts.down_weight_pairs"] = MLXArray.zeros([8, 512], type: Int16.self)
+        // 1-D channel_scales must be normalised like convertAutoAWQ does.
+        weights["\(base).experts.down_weight_channel_scales"] = MLXArray.ones([512])
+        // Per-expert keys must not be touched.
+        weights["\(base).experts.0.gate_proj.weight"] = MLXArray.zeros([4, 2])
+
+        remapSharedMoERotations(&weights)
+
+        XCTAssertEqual(weights["\(base).switch_mlp.gate_up_rot.theta"]?.shape, [8, 1024])
+        XCTAssertEqual(weights["\(base).switch_mlp.gate_up_rot.pairs"]?.shape, [8, 2048])
+        XCTAssertEqual(
+            weights["\(base).switch_mlp.gate_up_rot.channel_scales"]?.shape, [1, 2048])
+        XCTAssertEqual(weights["\(base).switch_mlp.down_rot.theta"]?.shape, [8, 256])
+        XCTAssertEqual(weights["\(base).switch_mlp.down_rot.channel_scales"]?.shape, [1, 512])
+        XCTAssertNil(weights["\(base).experts.gate_up_weight_theta"])
+        XCTAssertNil(weights["\(base).experts.down_weight_channel_scales"])
+        XCTAssertNotNil(weights["\(base).experts.0.gate_proj.weight"])
+    }
+
+    /// The text_config flatten must keep the checkpoint's *top-level*
+    /// model_type (the registry key) instead of letting text_config's
+    /// "*_text" variant — or the old hard-coded "qwen3_5" — clobber it.
+    func testFlattenTextConfigPreservesModelType() {
+        let moe: [String: Any] = [
+            "model_type": "qwen3_5_moe",
+            "text_config": ["model_type": "qwen3_5_moe_text", "num_experts": 256],
+        ]
+        let flatMoe = flattenParoQuantTextConfig(moe)
+        XCTAssertEqual(flatMoe["model_type"] as? String, "qwen3_5_moe")
+        XCTAssertEqual(flatMoe["num_experts"] as? Int, 256)
+
+        let dense: [String: Any] = [
+            "model_type": "qwen3_5",
+            "text_config": ["model_type": "qwen3_5_text"],
+        ]
+        XCTAssertEqual(
+            flattenParoQuantTextConfig(dense)["model_type"] as? String, "qwen3_5")
+    }
+
+    /// Detection accepts both the dense and the MoE ForConditionalGeneration
+    /// architecture strings, and still rejects everything else.
+    func testDetectionAcceptsMoEArchitecture() throws {
+        let dir = FileManager.default.temporaryDirectory
+            .appendingPathComponent(UUID().uuidString)
+        try FileManager.default.createDirectory(at: dir, withIntermediateDirectories: true)
+        defer { try? FileManager.default.removeItem(at: dir) }
+
+        func writeConfig(architecture: String) throws {
+            let config: [String: Any] = [
+                "architectures": [architecture],
+                "quantization_config": ["quant_method": "paroquant"],
+            ]
+            try JSONSerialization.data(withJSONObject: config)
+                .write(to: dir.appendingPathComponent("config.json"))
+        }
+
+        try writeConfig(architecture: "Qwen3_5MoeForConditionalGeneration")
+        XCTAssertTrue(isParoQuantModel(directory: dir))
+        try writeConfig(architecture: "Qwen3_5ForConditionalGeneration")
+        XCTAssertTrue(isParoQuantModel(directory: dir))
+        try writeConfig(architecture: "LlamaForCausalLM")
+        XCTAssertFalse(isParoQuantModel(directory: dir))
+    }
+
+    // MARK: - RotateSwitchGLU
+
+    /// Nested checkpoint keys: the two `PairwiseRotation` children expose
+    /// `gate_up_rot.*` / `down_rot.*` alongside the inherited projections —
+    /// exactly what `remapSharedMoERotations` emits.
+    func testRotateSwitchGLUExposesNestedRotationKeys() {
+        let glu = RotateSwitchGLU(
+            inputDims: 16, hiddenDims: 8, numExperts: 4, groupSize: 8, krot: 2)
+        let keys = Set(glu.parameters().flattened().map { $0.0 })
+        for child in ["gate_up_rot", "down_rot"] {
+            for suffix in ["theta", "pairs", "channel_scales"] {
+                XCTAssertTrue(keys.contains("\(child).\(suffix)"), "missing \(child).\(suffix)")
+            }
+        }
+        XCTAssertTrue(keys.contains("gate_proj.weight"))
+    }
+
+    /// With identity rotations (the fresh-init state), RotateSwitchGLU must
+    /// reproduce stock SwitchGLU bit-for-bit on the same projection weights —
+    /// on both the broadcast (<64 indices) and gather/sort (≥64) paths.
+    func testRotateSwitchGLUIdentityMatchesSwitchGLU() throws {
+        let inputDims = 16
+        let hiddenDims = 8
+        let numExperts = 4
+
+        let reference = SwitchGLU(
+            inputDims: inputDims, hiddenDims: hiddenDims, numExperts: numExperts)
+        let rotated = RotateSwitchGLU(
+            inputDims: inputDims, hiddenDims: hiddenDims, numExperts: numExperts,
+            groupSize: 8, krot: 2)
+
+        // Copy the reference projections; rotations stay at their identity
+        // defaults, so `verify: []` (the rotation keys are legitimately absent).
+        try rotated.update(parameters: reference.parameters(), verify: [])
+        for case let rot as PairwiseRotation in rotated.modules() {
+            rot.prepareDerivedRotationState()
+        }
+
+        // Broadcast path: 2×2 indices (size 4 < 64).
+        let xSmall = MLXRandom.normal([1, 2, inputDims])
+        let idxSmall = MLXArray([Int32(0), 1, 2, 3]).reshaped(1, 2, 2)
+        eval(xSmall)
+        XCTAssertTrue(
+            allClose(
+                rotated(xSmall, idxSmall), reference(xSmall, idxSmall),
+                rtol: 0.0, atol: 0.0
+            ).item(Bool.self))
+
+        // Gather/sort path: 32×2 indices (size 64 ≥ 64).
+        let xLarge = MLXRandom.normal([1, 32, inputDims])
+        let idxLarge = randInt(Int32(0) ..< Int32(numExperts), [1, 32, 2])
+        eval(xLarge)
+        XCTAssertTrue(
+            allClose(
+                rotated(xLarge, idxLarge), reference(xLarge, idxLarge),
+                rtol: 0.0, atol: 0.0
+            ).item(Bool.self))
+    }
+
+    /// End-to-end loader mechanics on a miniature MoE block: the GLU swap
+    /// installs RotateSwitchGLU, the step-9 quantize pass converts its
+    /// SwitchLinear children to QuantizedSwitchLinear (checkpoint `.scales`
+    /// present, no `.theta`), the strict checkpoint update succeeds, and a
+    /// forward pass through both index paths produces finite output.
+    func testPatchMoESwitchGLULayersEndToEnd() throws {
+        let inputDims = 128
+        let hiddenDims = 64
+        let numExperts = 4
+        let groupSize = 64
+        let bits = 4
+        let krot = 2
+
+        let host = MoEHostBlock(
+            inputDims: inputDims, hiddenDims: hiddenDims, numExperts: numExperts)
+
+        // Synthetic stacked checkpoint: quantized 3-D expert projections
+        // (what stackMoEExpertWeights emits) + nested rotation parameters
+        // (what remapSharedMoERotations emits).
+        var weights = [String: MLXArray]()
+        for (proj, outDims, inDims) in [
+            ("gate_proj", hiddenDims, inputDims),
+            ("up_proj", hiddenDims, inputDims),
+            ("down_proj", inputDims, hiddenDims),
+        ] {
+            let w = MLXRandom.normal([numExperts, outDims, inDims]).asType(.float16)
+            let (wq, scales, biases) = quantized(w, groupSize: groupSize, bits: bits)
+            weights["switch_mlp.\(proj).weight"] = wq
+            weights["switch_mlp.\(proj).scales"] = scales
+            weights["switch_mlp.\(proj).biases"] = biases ?? MLXArray.zeros(scales.shape)
+        }
+        for (child, dims) in [("gate_up_rot", inputDims), ("down_rot", hiddenDims)] {
+            weights["switch_mlp.\(child).theta"] =
+                (MLXRandom.normal([krot, dims / 2]) * 0.1).asType(.float16)
+            weights["switch_mlp.\(child).pairs"] = makeRandomPairs(
+                krot: krot, dim: dims, groupSize: groupSize)
+            weights["switch_mlp.\(child).channel_scales"] =
+                (MLXRandom.normal([1, dims]) * 0.1 + 1.0).asType(.float16)
+        }
+
+        // Mirror the loader: GLU swap → quantize by checkpoint keys → strict
+        // update → derived rotation state.
+        try patchMoESwitchGLULayers(model: host, weights: weights, groupSize: groupSize)
+        XCTAssertTrue(host.switchMLP is RotateSwitchGLU)
+
+        quantize(model: host) { path, module in
+            guard module is Quantizable else { return nil }
+            guard weights["\(path).scales"] != nil, weights["\(path).theta"] == nil else {
+                return nil
+            }
+            return (groupSize, bits, .affine)
+        }
+        let leaves = Dictionary(uniqueKeysWithValues: host.leafModules().flattened())
+        for proj in ["gate_proj", "up_proj", "down_proj"] {
+            XCTAssertTrue(
+                leaves["switch_mlp.\(proj)"] is QuantizedSwitchLinear, "\(proj) not quantized")
+        }
+
+        try host.update(
+            parameters: ModuleParameters.unflattened(weights),
+            verify: [.allModelKeysSet, .shapeMismatch])
+        for case let rot as PairwiseRotation in host.modules() {
+            rot.prepareDerivedRotationState()
+        }
+        eval(host)
+
+        for tokens in [2, 32] {  // 2×2=4 broadcast path, 32×2=64 gather/sort path
+            let x = MLXRandom.normal([1, tokens, inputDims]).asType(.float16)
+            let indices = randInt(Int32(0) ..< Int32(numExperts), [1, tokens, 2])
+            eval(x)
+            let y = host.switchMLP(x, indices)
+            XCTAssertEqual(y.shape, [1, tokens, 2, inputDims])
+            XCTAssertTrue(all(isFinite(y)).item(Bool.self), "\(tokens) tokens: non-finite output")
+        }
+    }
+
+    // MARK: - Prepared Checkpoint
+
+    /// Representative converted dict: packed quantized weights, f16
+    /// scales/biases, and verbatim rotation keys across dtypes.
+    private func makePreparedWeights() -> [String: MLXArray] {
+        let weights: [String: MLXArray] = [
+            "layers.0.q_proj.weight": MLXArray(
+                (0 ..< 64).map { UInt32($0) &* 2_654_435_761 }
+            ).reshaped(8, 8),
+            "layers.0.q_proj.scales": (MLXRandom.normal([8, 2]) * 0.02).asType(.float16),
+            "layers.0.q_proj.biases": (MLXRandom.normal([8, 2]) * 0.01).asType(.float16),
+            "layers.0.q_proj.theta": (MLXRandom.normal([2, 32]) * 0.1).asType(.float16),
+            "layers.0.q_proj.pairs": makeRandomPairs(krot: 2, dim: 64, groupSize: 8),
+            "layers.0.q_proj.channel_scales": (MLXRandom.normal([1, 64]) * 0.1 + 1.0)
+                .asType(.float16),
+        ]
+        eval(Array(weights.values))
+        return weights
+    }
+
+    private func makeTempCheckpointDir() throws -> URL {
+        let dir = FileManager.default.temporaryDirectory
+            .appendingPathComponent("prepared-checkpoint-\(UUID().uuidString)")
+        try FileManager.default.createDirectory(at: dir, withIntermediateDirectories: true)
+        return dir
+    }
+
+    private static let testManifest = ParoQuantPreparedCheckpoint.Manifest(
+        formatVersion: ParoQuantPreparedCheckpoint.formatVersion,
+        sources: [
+            .init(name: "config.json", size: 42, mtimeNs: 1_000),
+            .init(name: "model.safetensors", size: 4_096, mtimeNs: 2_000),
+        ]
+    )
+
+    func testPreparedCheckpointRoundTripIsBitExact() throws {
+        let dir = try makeTempCheckpointDir()
+        defer { try? FileManager.default.removeItem(at: dir) }
+        let weights = makePreparedWeights()
+
+        ParoQuantPreparedCheckpoint.write(
+            weights: weights, manifest: Self.testManifest, directory: dir)
+        let loaded = try XCTUnwrap(
+            ParoQuantPreparedCheckpoint.load(directory: dir, manifest: Self.testManifest))
+
+        XCTAssertEqual(Set(loaded.keys), Set(weights.keys))
+        for (key, original) in weights {
+            let restored = try XCTUnwrap(loaded[key], key)
+            XCTAssertEqual(restored.dtype, original.dtype, key)
+            XCTAssertEqual(restored.shape, original.shape, key)
+            XCTAssertTrue(arrayEqual(original, restored).item(Bool.self), "\(key) not bit-equal")
+        }
+    }
+
+    func testPreparedCheckpointStaleManifestSelfHeals() throws {
+        let dir = try makeTempCheckpointDir()
+        defer { try? FileManager.default.removeItem(at: dir) }
+
+        ParoQuantPreparedCheckpoint.write(
+            weights: makePreparedWeights(), manifest: Self.testManifest, directory: dir)
+        let artifact = dir.appendingPathComponent(ParoQuantPreparedCheckpoint.fileName)
+        XCTAssertTrue(FileManager.default.fileExists(atPath: artifact.path))
+
+        // A source changed (size differs) — the artifact is stale.
+        let staleExpectation = ParoQuantPreparedCheckpoint.Manifest(
+            formatVersion: ParoQuantPreparedCheckpoint.formatVersion,
+            sources: [
+                .init(name: "config.json", size: 42, mtimeNs: 1_000),
+                .init(name: "model.safetensors", size: 8_192, mtimeNs: 2_000),
+            ]
+        )
+        XCTAssertNil(
+            ParoQuantPreparedCheckpoint.load(directory: dir, manifest: staleExpectation))
+        XCTAssertFalse(
+            FileManager.default.fileExists(atPath: artifact.path),
+            "stale artifact must be deleted so the rewrite can publish a fresh one")
+    }
+
+    func testPreparedCheckpointCorruptArtifactSelfHeals() throws {
+        let dir = try makeTempCheckpointDir()
+        defer { try? FileManager.default.removeItem(at: dir) }
+        let artifact = dir.appendingPathComponent(ParoQuantPreparedCheckpoint.fileName)
+        try Data("not a safetensors file".utf8).write(to: artifact)
+
+        XCTAssertNil(ParoQuantPreparedCheckpoint.load(directory: dir, manifest: Self.testManifest))
+        XCTAssertFalse(
+            FileManager.default.fileExists(atPath: artifact.path),
+            "corrupt artifact must be deleted")
+    }
+
+    func testPreparedCheckpointManifestExcludesArtifactNames() throws {
+        let dir = try makeTempCheckpointDir()
+        defer { try? FileManager.default.removeItem(at: dir) }
+        try Data("{}".utf8).write(to: dir.appendingPathComponent("config.json"))
+        try Data([0x00]).write(to: dir.appendingPathComponent("model.safetensors"))
+        for name in ParoQuantPreparedCheckpoint.excludedFileNames {
+            try Data([0x00]).write(to: dir.appendingPathComponent(name))
+        }
+
+        let manifest = try ParoQuantPreparedCheckpoint.currentManifest(directory: dir)
+        XCTAssertEqual(
+            manifest.sources.map(\.name).sorted(), ["config.json", "model.safetensors"],
+            "artifact names must never count as conversion sources")
+    }
+}
+
+/// Miniature stand-in for an MoE block (e.g. `Qwen35SparseMoeBlock`): a
+/// `switch_mlp: SwitchGLU` property that `patchMoESwitchGLULayers` must be
+/// able to replace with a `RotateSwitchGLU` through `update(modules:)`.
+private final class MoEHostBlock: Module {
+    @ModuleInfo(key: "switch_mlp") var switchMLP: SwitchGLU
+
+    init(inputDims: Int, hiddenDims: Int, numExperts: Int) {
+        self._switchMLP.wrappedValue = SwitchGLU(
+            inputDims: inputDims, hiddenDims: hiddenDims, numExperts: numExperts)
+        super.init()
+    }
 }
 
 /// Reference used to carry one layer into the `@Sendable` closure of
@@ -288,6 +838,47 @@ private func makeRandomPairs(krot: Int, dim: Int, groupSize: Int) -> MLXArray {
     return MLXArray(data).reshaped(krot, dim)
 }
 
+/// Scalar CPU re-implementation of the pairwise-rotation kernel's math for
+/// `testPairwiseRotationMatchesCPUReference`: scale each channel, then for
+/// each rotation round k apply the within-group Givens rotations
+/// `(a, b) → (a·cos + b·sin, b·cos − a·sin)`. Rounds are sequential; pairs
+/// within a round are a disjoint permutation, so element order is free.
+private func referenceRotate(
+    x: MLXArray, pairs: MLXArray, theta: MLXArray, channelScales: MLXArray,
+    groupSize: Int
+) -> MLXArray {
+    let batch = x.dim(0)
+    let dim = x.dim(1)
+    let krot = theta.dim(0)
+    let halfGroup = groupSize / 2
+
+    let xValues = x.asType(.float32).asArray(Float.self)
+    let thetaValues = theta.asType(.float32).asArray(Float.self)
+    let pairValues = pairs.asArray(Int16.self)
+    let scaleValues = channelScales.asType(.float32).asArray(Float.self)
+
+    var out = [Float]()
+    out.reserveCapacity(batch * dim)
+    for row in 0 ..< batch {
+        var v = (0 ..< dim).map { xValues[row * dim + $0] * scaleValues[$0] }
+        for k in 0 ..< krot {
+            for g in 0 ..< (dim / groupSize) {
+                for t in 0 ..< halfGroup {
+                    let i = g * groupSize + Int(pairValues[k * dim + g * groupSize + 2 * t])
+                    let j = g * groupSize + Int(pairValues[k * dim + g * groupSize + 2 * t + 1])
+                    let angle = thetaValues[k * (dim / 2) + g * halfGroup + t]
+                    let (c, s) = (cos(angle), sin(angle))
+                    let (a, b) = (v[i], v[j])
+                    v[i] = a * c + b * s
+                    v[j] = b * c - a * s
+                }
+            }
+        }
+        out.append(contentsOf: v)
+    }
+    return MLXArray(out).reshaped(batch, dim).asType(x.dtype)
+}
+
 /// Relative RMS error between two arrays: sqrt(mean((a-b)²) / mean(a²)).
 private func relativeRMSError(_ a: MLXArray, _ b: MLXArray) -> Float {
     let diff = (a - b).asType(.float32)
@@ -297,16 +888,6 @@ private func relativeRMSError(_ a: MLXArray, _ b: MLXArray) -> Float {
     return sqrt(mse / max(refVar, 1e-10))
 }
 
-/// Mirrors `packPairs` from RotateQuantizedLinear.swift (file-private in production).
-private func packPairsForTesting(_ pairs: MLXArray, groupSize: Int) -> MLXArray {
-    let krot = pairs.dim(0)
-    let numGroups = pairs.dim(1) / groupSize
-    let p = pairs.reshaped(krot, numGroups, groupSize).asType(.int32)
-    let lo = p[0..., 0..., .stride(by: 2)]
-    let hi = p[0..., 0..., .stride(from: 1, by: 2)]
-    return (lo | (hi << 16)).reshaped(krot, -1)
-}
-
 /// Mirrors `unpackAndReorder` from ParoQuantLoader.swift (file-private in production).
 private func unpackAndReorderForTesting(_ packed: MLXArray) -> MLXArray {
     let rows = packed.dim(0)

commit 5694a2f6705f7c8b9cf195f29ec6d05938d42d22
Author: Christopher Webb <207731778+thechriswebb@users.noreply.github.com>
Date:   Tue Sep 1 11:55:12 2026 -0500

    Harden the Foundation Models test fixtures (#599)
    
    - In `GenerationEventObserverTests`, two tasks drained the generation channel with an empty `catch {}` block. A read failure there would pass the test silently. Extracts one drain helper. Each test now awaits its result and accepts only a cancellation error.
    - Asserts the expected error from every load and warmup task instead of discarding it with `try?`.
    - The downloader and tokenizer-loader test stubs were classes with no stored state, marked `@unchecked Sendable`. That annotation tells the compiler to trust the type is safe to share across threads, without the compiler checking it. Converts the stubs to structs, which are `Sendable` by construction, so the compiler proves the guarantee instead of the annotation asserting it.
    - `EventBox` and `SeedRecorder` hold mutable state a closure captures across a task boundary, so a struct will not work for them. They used `NSLock` with the same `@unchecked Sendable` escape hatch as the stubs above. Replaces the lock with the standard library's `Mutex`, so these types are provably `Sendable` too, instead of asserting it.
    - In `GenerationEventObserverTests`, `withValue` took two closures, one passed as an argument and one as a trailing closure. swift-format's `OnlyOneTrailingClosureArgument` rule flags that form because it is easy to misread which parameter each closure binds to. Spells out the second closure with its argument label instead.
    - `EvictBiasStubTokenizerLoader.load()` returns a `CountingTokenizer`, which requires OS 27. The old code checked that at runtime with a `guard` and a `preconditionFailure` that could never actually fire. Marks the stub itself with the OS 27 requirement, so the compiler enforces it and the dead runtime check is gone.
    
    An empty catch and a discarded task result both hid a real loader failure, so a broken load could not fail a test. The fixtures also claimed thread safety by annotation where value semantics or a mutex states it, and asserted an availability requirement at runtime that the type system can enforce at compile time.

diff --git a/Tests/MLXFoundationModelsTests/AvailabilityTests.swift b/Tests/MLXFoundationModelsTests/AvailabilityTests.swift
index c1d8539..94362ca 100644
--- a/Tests/MLXFoundationModelsTests/AvailabilityTests.swift
+++ b/Tests/MLXFoundationModelsTests/AvailabilityTests.swift
@@ -87,12 +87,14 @@ extension FoundationModelsCacheTests {
                         configuration: configuration, progressHandler: progress)
                 })
 
-            let warmTask = Task { try? await model.warmUp() }
+            let warmTask = Task { try await model.warmUp() }
             await gate.waitUntilStarted()
 
             let availability = await model.availability
             await gate.release()
-            _ = await warmTask.value
+            await #expect(throws: BlockingDownloaderReleased.self) {
+                try await warmTask.value
+            }
 
             #expect(
                 availability == .available,
@@ -125,12 +127,14 @@ extension FoundationModelsCacheTests {
             // preload() is NOT a warmup, so its in-flight load is not suppressed —
             // proving the suppression is what differs (and that the real
             // `.downloading` signal is not regressed).
-            let loadTask = Task { try? await model.preload() }
+            let loadTask = Task { try await model.preload() }
             await gate.waitUntilStarted()
 
             let availability = await model.availability
             await gate.release()
-            _ = await loadTask.value
+            await #expect(throws: BlockingDownloaderReleased.self) {
+                try await loadTask.value
+            }
 
             #expect(
                 availability == .downloading,
@@ -160,12 +164,14 @@ extension FoundationModelsCacheTests {
                         configuration: configuration, progressHandler: progress)
                 })
 
-            let warmTask = Task { try? await model.warmUp() }
+            let warmTask = Task { try await model.warmUp() }
             await gate.waitUntilStarted()
 
             let availability = await model.availability
             await gate.release()
-            _ = await warmTask.value
+            await #expect(throws: BlockingDownloaderReleased.self) {
+                try await warmTask.value
+            }
 
             #expect(
                 availability == .downloading,
@@ -189,7 +195,7 @@ extension FoundationModelsCacheTests {
 
 // MARK: - Test Stubs
 
-private final class StubAvailabilityDownloader: Downloader, @unchecked Sendable {
+private struct StubAvailabilityDownloader: Downloader {
     func download(
         id: String,
         revision: String?,
@@ -201,7 +207,7 @@ private final class StubAvailabilityDownloader: Downloader, @unchecked Sendable
     }
 }
 
-private final class StubAvailabilityTokenizerLoader: TokenizerLoader, @unchecked Sendable {
+private struct StubAvailabilityTokenizerLoader: TokenizerLoader {
     func load(from directory: URL) async throws -> any Tokenizer {
         StubAvailabilityTokenizer()
     }
@@ -267,9 +273,8 @@ private struct BlockingDownloaderReleased: Error {}
 
 /// A `Downloader` that parks inside `download` until the gate is released, so a
 /// load stays deterministically in flight while the test reads `availability`.
-private final class BlockingDownloader: Downloader, @unchecked Sendable {
-    private let gate: LoadGate
-    init(gate: LoadGate) { self.gate = gate }
+private struct BlockingDownloader: Downloader {
+    let gate: LoadGate
 
     func download(
         id: String,
diff --git a/Tests/MLXFoundationModelsTests/GenerationEventObserverTests.swift b/Tests/MLXFoundationModelsTests/GenerationEventObserverTests.swift
index b51cf74..a9f73d2 100644
--- a/Tests/MLXFoundationModelsTests/GenerationEventObserverTests.swift
+++ b/Tests/MLXFoundationModelsTests/GenerationEventObserverTests.swift
@@ -4,6 +4,7 @@
 
 import Foundation
 import FoundationModels
+import Synchronization
 import Testing
 
 @testable import MLXFoundationModels
@@ -14,6 +15,28 @@ import Testing
 @Suite("GenerationEvent observer")
 struct GenerationEventObserverTests {
 
+    /// Drains `channel` until it closes or the caller cancels this task.
+    @available(iOS 27.0, macOS 27.0, visionOS 27.0, *)
+    private func drain(
+        _ channel: LanguageModelExecutorGenerationChannel
+    ) -> Task<Void, any Error> {
+        Task {
+            for try await _ in channel {}
+        }
+    }
+
+    /// Awaits a cancelled drain task, recording any error other than the
+    /// expected `CancellationError`.
+    private func assertDrainCancelled(_ task: Task<Void, any Error>) async {
+        do {
+            try await task.value
+        } catch is CancellationError {
+            // expected: the drain loop was still running when we cancelled it.
+        } catch {
+            Issue.record("drain task failed with unexpected error: \(error)")
+        }
+    }
+
     /// Runs `body` with an attached observer and a drained channel, returning
     /// every mirrored event the observer received.
     @available(iOS 27.0, macOS 27.0, visionOS 27.0, *)
@@ -21,30 +44,27 @@ struct GenerationEventObserverTests {
         _ body: (LanguageModelExecutorGenerationChannel) async -> Void
     ) async -> [MLXLanguageModel.Executor.GenerationEvent] {
         let channel = LanguageModelExecutorGenerationChannel()
-        let drain = Task<Void, Never> {
-            do { for try await _ in channel {} } catch {}
-        }
+        let drainTask = drain(channel)
         let box = EventBox()
-        await MLXLanguageModel.Executor.$generationObserver.withValue({ box.append($0) }) {
-            await body(channel)
-        }
-        drain.cancel()
+        await MLXLanguageModel.Executor.$generationObserver.withValue(
+            { box.append($0) },
+            operation: { await body(channel) }
+        )
+        drainTask.cancel()
+        await assertDrainCancelled(drainTask)
         return box.events
     }
 
     @available(iOS 27.0, macOS 27.0, visionOS 27.0, *)
-    private final class EventBox: @unchecked Sendable {
-        private let lock = NSLock()
-        private var storage: [MLXLanguageModel.Executor.GenerationEvent] = []
-        func append(_ e: MLXLanguageModel.Executor.GenerationEvent) {
-            lock.lock()
-            storage.append(e)
-            lock.unlock()
+    private final class EventBox: Sendable {
+        private let storage = Mutex<[MLXLanguageModel.Executor.GenerationEvent]>([])
+
+        func append(_ event: MLXLanguageModel.Executor.GenerationEvent) {
+            storage.withLock { $0.append(event) }
         }
+
         var events: [MLXLanguageModel.Executor.GenerationEvent] {
-            lock.lock()
-            defer { lock.unlock() }
-            return storage
+            storage.withLock { $0 }
         }
     }
 
@@ -87,11 +107,12 @@ struct GenerationEventObserverTests {
 
         // Not inside withValue: generationObserver is nil (shipping behavior).
         let channel = LanguageModelExecutorGenerationChannel()
-        let drain = Task<Void, Never> { do { for try await _ in channel {} } catch {} }
+        let drainTask = drain(channel)
         await MLXLanguageModel.Executor.emit(
             text: "x", entryID: nil, destination: .reasoning, into: channel)
-        drain.cancel()
+        drainTask.cancel()
         // Reaching here without trapping is the assertion.
+        await assertDrainCancelled(drainTask)
     }
 }
 
diff --git a/Tests/MLXFoundationModelsTests/GenerationOptionsForwardingTests.swift b/Tests/MLXFoundationModelsTests/GenerationOptionsForwardingTests.swift
index 3c82c24..47c9399 100644
--- a/Tests/MLXFoundationModelsTests/GenerationOptionsForwardingTests.swift
+++ b/Tests/MLXFoundationModelsTests/GenerationOptionsForwardingTests.swift
@@ -4,12 +4,12 @@
 
 import Foundation
 import FoundationModels
+import Synchronization
 import Testing
 
 @available(iOS 27.0, macOS 27.0, visionOS 27.0, *)
-private final class SeedRecorder: @unchecked Sendable, Hashable {
-    private let lock = NSLock()
-    private var storage: UInt64?
+private final class SeedRecorder: Sendable, Hashable {
+    private let storage = Mutex<UInt64?>(nil)
 
     static func == (lhs: SeedRecorder, rhs: SeedRecorder) -> Bool {
         lhs === rhs
@@ -20,15 +20,11 @@ private final class SeedRecorder: @unchecked Sendable, Hashable {
     }
 
     func record(_ seed: UInt64?) {
-        lock.lock()
-        storage = seed
-        lock.unlock()
+        storage.withLock { $0 = seed }
     }
 
     var seed: UInt64? {
-        lock.lock()
-        defer { lock.unlock() }
-        return storage
+        storage.withLock { $0 }
     }
 }
 
diff --git a/Tests/MLXFoundationModelsTests/MLXLanguageModelCapabilitiesTests.swift b/Tests/MLXFoundationModelsTests/MLXLanguageModelCapabilitiesTests.swift
index 38818bb..86d6f37 100644
--- a/Tests/MLXFoundationModelsTests/MLXLanguageModelCapabilitiesTests.swift
+++ b/Tests/MLXFoundationModelsTests/MLXLanguageModelCapabilitiesTests.swift
@@ -99,7 +99,7 @@ struct MLXLanguageModelCapabilitiesTests {
 
 // MARK: - Stubs (no download/load occurs in these tests; we only check stored state)
 
-private final class CapabilitiesStubDownloader: Downloader, @unchecked Sendable {
+private struct CapabilitiesStubDownloader: Downloader {
     func download(
         id: String,
         revision: String?,
@@ -111,7 +111,7 @@ private final class CapabilitiesStubDownloader: Downloader, @unchecked Sendable
     }
 }
 
-private final class CapabilitiesStubTokenizerLoader: TokenizerLoader, @unchecked Sendable {
+private struct CapabilitiesStubTokenizerLoader: TokenizerLoader {
     func load(from directory: URL) async throws -> any MLXLMCommon.Tokenizer {
         struct EmptyTokenizer: MLXLMCommon.Tokenizer {
             func encode(text: String, addSpecialTokens: Bool) -> [Int] { [] }
diff --git a/Tests/MLXFoundationModelsTests/MLXLanguageModelTests.swift b/Tests/MLXFoundationModelsTests/MLXLanguageModelTests.swift
index fc763c8..6180262 100644
--- a/Tests/MLXFoundationModelsTests/MLXLanguageModelTests.swift
+++ b/Tests/MLXFoundationModelsTests/MLXLanguageModelTests.swift
@@ -38,7 +38,7 @@ struct MLXLanguageModelInitTests {
 
 /// Minimal `Downloader` conformance. The tests in this suite only verify
 /// MLXLanguageModel's construction surface; no download is actually invoked.
-private final class StubDownloader: Downloader, @unchecked Sendable {
+private struct StubDownloader: Downloader {
     func download(
         id: String,
         revision: String?,
@@ -51,7 +51,7 @@ private final class StubDownloader: Downloader, @unchecked Sendable {
 }
 
 /// Minimal `TokenizerLoader` conformance. As above, never invoked here.
-private final class StubTokenizerLoader: TokenizerLoader, @unchecked Sendable {
+private struct StubTokenizerLoader: TokenizerLoader {
     func load(from directory: URL) async throws -> any Tokenizer {
         StubTokenizer()
     }
diff --git a/Tests/MLXFoundationModelsTests/ModelCacheEvictionTests.swift b/Tests/MLXFoundationModelsTests/ModelCacheEvictionTests.swift
index e2df75b..9474f1a 100644
--- a/Tests/MLXFoundationModelsTests/ModelCacheEvictionTests.swift
+++ b/Tests/MLXFoundationModelsTests/ModelCacheEvictionTests.swift
@@ -60,10 +60,12 @@ extension FoundationModelsCacheTests {
                 })
 
             // Drive a load that parks, then fails — populating lastErrors[id].
-            let loadTask = Task { try? await model.preload() }
+            let loadTask = Task { try await model.preload() }
             await gate.waitUntilStarted()
             await gate.release()
-            _ = await loadTask.value
+            await #expect(throws: BlockingDownloaderReleased.self) {
+                try await loadTask.value
+            }
 
             let before = await MLXLanguageModel.lastLoadErrorInCache(modelID: id)
             #expect(before != nil, "a failed load should record a cached lastError")
@@ -92,10 +94,12 @@ extension FoundationModelsCacheTests {
                             using: EvictStubTokenizerLoader(),
                             configuration: configuration, progressHandler: progress)
                     })
-                let task = Task { try? await model.preload() }
+                let task = Task { try await model.preload() }
                 await gate.waitUntilStarted()
                 await gate.release()
-                _ = await task.value
+                await #expect(throws: BlockingDownloaderReleased.self) {
+                    try await task.value
+                }
                 return model
             }
 
@@ -137,7 +141,7 @@ extension FoundationModelsCacheTests {
                 })
 
             // Park a genuine (non-warmup) load in flight.
-            let loadTask = Task { try? await model.preload() }
+            let loadTask = Task { try await model.preload() }
             await gate.waitUntilStarted()
 
             // In-flight load is registered and reported.
@@ -154,7 +158,9 @@ extension FoundationModelsCacheTests {
             // Let the parked load fail. The catch-path guard must NOT re-add lastError
             // for the now-superseded task.
             await gate.release()
-            _ = await loadTask.value
+            await #expect(throws: BlockingDownloaderReleased.self) {
+                try await loadTask.value
+            }
 
             let lastError = await MLXLanguageModel.lastLoadErrorInCache(modelID: id)
             #expect(lastError == nil, "a superseded load must not re-populate cache state")
@@ -199,9 +205,8 @@ private struct BlockingDownloaderReleased: Error {}
 
 /// A `Downloader` that parks inside `download` until the gate is released, so a load
 /// stays deterministically in flight, then fails the load on release.
-private final class BlockingDownloader: Downloader, @unchecked Sendable {
-    private let gate: LoadGate
-    init(gate: LoadGate) { self.gate = gate }
+private struct BlockingDownloader: Downloader {
+    let gate: LoadGate
     func download(
         id: String,
         revision: String?,
@@ -215,7 +220,7 @@ private final class BlockingDownloader: Downloader, @unchecked Sendable {
     }
 }
 
-private final class EvictStubTokenizerLoader: TokenizerLoader, @unchecked Sendable {
+private struct EvictStubTokenizerLoader: TokenizerLoader {
     func load(from directory: URL) async throws -> any Tokenizer { EvictStubTokenizer() }
 }
 
diff --git a/Tests/MLXFoundationModelsTests/TestHelpers.swift b/Tests/MLXFoundationModelsTests/TestHelpers.swift
index 57e9a38..4b78508 100644
--- a/Tests/MLXFoundationModelsTests/TestHelpers.swift
+++ b/Tests/MLXFoundationModelsTests/TestHelpers.swift
@@ -29,7 +29,7 @@ import UniformTypeIdentifiers
 // For tests that construct an `MLXLanguageModel` but never actually load one:
 // capability assertions and construction paths. No network, no weights.
 
-private struct StubDownloader: MLXLMCommon.Downloader, @unchecked Sendable {
+private struct StubDownloader: MLXLMCommon.Downloader {
     func download(
         id: String,
         revision: String?,
@@ -41,7 +41,7 @@ private struct StubDownloader: MLXLMCommon.Downloader, @unchecked Sendable {
     }
 }
 
-private struct StubTokenizerLoader: MLXLMCommon.TokenizerLoader, @unchecked Sendable {
+private struct StubTokenizerLoader: MLXLMCommon.TokenizerLoader {
     func load(from directory: URL) async throws -> any MLXLMCommon.Tokenizer { StubTokenizer() }
 }
 
diff --git a/Tests/MLXFoundationModelsTests/TokenizerBiasCacheTests.swift b/Tests/MLXFoundationModelsTests/TokenizerBiasCacheTests.swift
index 4cc48ac..d1c937a 100644
--- a/Tests/MLXFoundationModelsTests/TokenizerBiasCacheTests.swift
+++ b/Tests/MLXFoundationModelsTests/TokenizerBiasCacheTests.swift
@@ -3,6 +3,7 @@
 import Foundation
 import FoundationModels
 import MLXLMCommon
+import Synchronization
 import Testing
 
 @testable import MLXFoundationModels
@@ -152,7 +153,7 @@ extension FoundationModelsCacheTests {
 
 /// Minimal no-op transport stubs so an `MLXLanguageModel` can be constructed purely to
 /// exercise the instance `evict()` path. They are never driven to a real load here.
-private final class EvictBiasStubDownloader: Downloader, @unchecked Sendable {
+private struct EvictBiasStubDownloader: Downloader {
     func download(
         id: String,
         revision: String?,
@@ -162,7 +163,8 @@ private final class EvictBiasStubDownloader: Downloader, @unchecked Sendable {
     ) async throws -> URL { URL(fileURLWithPath: "/no/such/path") }
 }
 
-private final class EvictBiasStubTokenizerLoader: TokenizerLoader, @unchecked Sendable {
+@available(iOS 27.0, macOS 27.0, visionOS 27.0, *)
+private struct EvictBiasStubTokenizerLoader: TokenizerLoader {
     func load(from directory: URL) async throws -> any Tokenizer {
         CountingTokenizer(tokens: [])
     }
@@ -170,18 +172,22 @@ private final class EvictBiasStubTokenizerLoader: TokenizerLoader, @unchecked Se
 
 /// Tokenizer with a fixed vocab that counts `convertIdToToken` calls, so a test can
 /// assert whether a bias computation re-scanned the vocab (cache miss) or not (hit).
-/// `@unchecked Sendable`: the counter is mutated only from serialized test calls.
-private final class CountingTokenizer: Tokenizer, @unchecked Sendable {
+@available(iOS 27.0, macOS 27.0, visionOS 27.0, *)
+private final class CountingTokenizer: Tokenizer, Sendable {
     let tokens: [String]
-    private(set) var idLookupCount = 0
+    private let lookupCount = Mutex(0)
 
-    init(tokens: [String]) { self.tokens = tokens }
+    init(tokens: [String]) {
+        self.tokens = tokens
+    }
+
+    var idLookupCount: Int { lookupCount.withLock { $0 } }
 
     func encode(text: String, addSpecialTokens: Bool) -> [Int] { [] }
     func decode(tokenIds: [Int], skipSpecialTokens: Bool) -> String { "" }
     func convertTokenToId(_ token: String) -> Int? { tokens.firstIndex(of: token) }
     func convertIdToToken(_ id: Int) -> String? {
-        idLookupCount += 1
+        lookupCount.withLock { $0 += 1 }
         guard id >= 0, id < tokens.count else { return nil }
         return tokens[id]
     }

commit 1c1b25707ea94d24e8d9daece4b6e30b01df0505
Author: Alessio Pollero <alessio.pollero@gmail.com>
Date:   Tue Sep 1 19:53:19 2026 +0400

    Suspend instead of blocking cooperative threads while weights load (#579)
    
    * Suspend instead of blocking cooperative threads while weights load
    
    The Load API is synchronous and blocks its thread on file I/O and
    DispatchQueue.concurrentPerform, but every model factory calls it from
    an async context, parking a Swift concurrency cooperative thread for
    the whole load. Add an async loadWeights overload that hops to a global
    queue and suspends the caller, and use it from the factories. The
    synchronous overload remains for synchronous callers such as convert.
    
    * Disambiguate loadWeights doc links now that an async overload exists
    
    The new async loadWeights overload made three DocC symbol links
    ambiguous, failing the docs verification in CI. Point each link at the
    intended overload: the async one (-8b333) from porting.md, which
    describes the inference path, and the synchronous one (-6eqw7) from the
    model-conversion docs and the async overload's own doc comment.

diff --git a/Libraries/MLXEmbedders/ModelFactory.swift b/Libraries/MLXEmbedders/ModelFactory.swift
index 790d707..4a7f486 100644
--- a/Libraries/MLXEmbedders/ModelFactory.swift
+++ b/Libraries/MLXEmbedders/ModelFactory.swift
@@ -231,7 +231,7 @@ public final class EmbedderModelFactory: GenericModelFactory {
         async let tokenizerTask = tokenizerLoader.load(
             from: configuration.tokenizerDirectory)
 
-        try loadWeights(
+        try await loadWeights(
             modelDirectory: modelDirectory, model: model,
             perLayerQuantization: baseConfig.perLayerQuantization,
             weightFileSelection: configuration.weightFileSelection)
diff --git a/Libraries/MLXLLM/LLMModelFactory.swift b/Libraries/MLXLLM/LLMModelFactory.swift
index 65295a8..f3713a8 100644
--- a/Libraries/MLXLLM/LLMModelFactory.swift
+++ b/Libraries/MLXLLM/LLMModelFactory.swift
@@ -730,7 +730,7 @@ public final class LLMModelFactory: GenericModelFactory {
         async let tokenizerTask = tokenizerLoader.load(
             from: configuration.tokenizerDirectory)
 
-        try loadWeights(
+        try await loadWeights(
             modelDirectory: modelDirectory, model: model,
             perLayerQuantization: baseConfig.perLayerQuantization,
             weightFileSelection: configuration.weightFileSelection)
diff --git a/Libraries/MLXLMCommon/Documentation.docc/porting.md b/Libraries/MLXLMCommon/Documentation.docc/porting.md
index 7e14c39..74e43cc 100644
--- a/Libraries/MLXLMCommon/Documentation.docc/porting.md
+++ b/Libraries/MLXLMCommon/Documentation.docc/porting.md
@@ -300,7 +300,7 @@ public init(dimensions: Int, eps: Float = 1e-5) {
 }
 ```
 
-Note that the weight is given an initial value and shape based on the parameters to the initializer. In typical inference use, these values will be replaced when the weights are loaded (``loadWeights(modelDirectory:model:quantization:perLayerQuantization:weightFileSelection:)``).
+Note that the weight is given an initial value and shape based on the parameters to the initializer. In typical inference use, these values will be replaced when the weights are loaded (``loadWeights(modelDirectory:model:quantization:perLayerQuantization:weightFileSelection:)-8b333``).
 
 * Note: If the property names in Python don't make good Swift names, you can use the `@ParameterInfo` property wrapper to specify the key: `@ParameterInfo(key: "some_weight") var weight: MLXArray`
 
diff --git a/Libraries/MLXLMCommon/Load.swift b/Libraries/MLXLMCommon/Load.swift
index ca7a80a..6de6a7b 100644
--- a/Libraries/MLXLMCommon/Load.swift
+++ b/Libraries/MLXLMCommon/Load.swift
@@ -407,3 +407,32 @@ public func loadWeights(
     // still has exclusive access. Forward passes must remain read-only.
     materializeModelForInference(model)
 }
+
+/// Async variant of
+/// ``loadWeights(modelDirectory:model:quantization:perLayerQuantization:weightFileSelection:)-6eqw7``.
+///
+/// Loading blocks its thread on file I/O and fans out with `DispatchQueue.concurrentPerform`.
+/// Swift concurrency's cooperative threads must never block, so this overload runs the load
+/// on a global queue and suspends the caller instead. Async callers resolve to this overload;
+/// the synchronous one remains for synchronous code such as model conversion.
+public func loadWeights(
+    modelDirectory: URL, model: BaseLanguageModel,
+    quantization: BaseConfiguration.Quantization? = nil,
+    perLayerQuantization: BaseConfiguration.PerLayerQuantization? = nil,
+    weightFileSelection: WeightFileSelection = .automatic
+) async throws {
+    let model = SendableBox(model)
+    try await withCheckedThrowingContinuation {
+        (continuation: CheckedContinuation<Void, any Error>) in
+        DispatchQueue.global(qos: .userInitiated).async {
+            continuation.resume(
+                with: Result {
+                    try loadWeights(
+                        modelDirectory: modelDirectory, model: model.consume(),
+                        quantization: quantization,
+                        perLayerQuantization: perLayerQuantization,
+                        weightFileSelection: weightFileSelection)
+                })
+        }
+    }
+}
diff --git a/Libraries/MLXLMCommon/MTPDrafterModelFactory.swift b/Libraries/MLXLMCommon/MTPDrafterModelFactory.swift
index 5293a8f..ade8261 100644
--- a/Libraries/MLXLMCommon/MTPDrafterModelFactory.swift
+++ b/Libraries/MLXLMCommon/MTPDrafterModelFactory.swift
@@ -92,7 +92,7 @@ public final class MTPDrafterModelFactory: GenericModelFactory {
                 configurationURL.lastPathComponent, configuration.name, error)
         }
 
-        try loadWeights(
+        try await loadWeights(
             modelDirectory: modelDirectory, model: model,
             perLayerQuantization: baseConfig.perLayerQuantization,
             weightFileSelection: configuration.weightFileSelection
diff --git a/Libraries/MLXLMCommon/ModelConversion.swift b/Libraries/MLXLMCommon/ModelConversion.swift
index e8bf005..b887185 100644
--- a/Libraries/MLXLMCommon/ModelConversion.swift
+++ b/Libraries/MLXLMCommon/ModelConversion.swift
@@ -218,7 +218,7 @@ public enum ModelConversionError: LocalizedError, Equatable {
 /// Quantize and save an already-instantiated model from a compatible safetensors directory.
 ///
 /// The function loads safetensors weights, runs the model's sanitizer through
-/// ``loadWeights(modelDirectory:model:quantization:perLayerQuantization:weightFileSelection:)``, applies quantization,
+/// ``loadWeights(modelDirectory:model:quantization:perLayerQuantization:weightFileSelection:)-6eqw7``, applies quantization,
 /// writes safetensors shards and an index, copies tokenizer/config sidecar files, and updates
 /// `config.json` with the requested quantization block.
 public func convert(
diff --git a/Libraries/MLXVLM/VLMModelFactory.swift b/Libraries/MLXVLM/VLMModelFactory.swift
index 42e81b6..c22555a 100644
--- a/Libraries/MLXVLM/VLMModelFactory.swift
+++ b/Libraries/MLXVLM/VLMModelFactory.swift
@@ -444,7 +444,7 @@ public final class VLMModelFactory: GenericModelFactory {
             context: processorLoadingContext,
             registry: processorLoadingRegistry)
 
-        try loadWeights(
+        try await loadWeights(
             modelDirectory: modelDirectory, model: model,
             perLayerQuantization: baseConfig.perLayerQuantization,
             weightFileSelection: configuration.weightFileSelection)
diff --git a/Tests/MLXLMTests/LoadWeightsTests.swift b/Tests/MLXLMTests/LoadWeightsTests.swift
index fb9bdba..bba98fb 100644
--- a/Tests/MLXLMTests/LoadWeightsTests.swift
+++ b/Tests/MLXLMTests/LoadWeightsTests.swift
@@ -419,6 +419,36 @@ final class LoadWeightsTests: XCTestCase {
         XCTAssertEqual(model.projector.weight.asArray(Float.self), [1, 2, 3, 4])
     }
 
+    func testAsyncLoadWeightsMatchesTheSynchronousOverload() async throws {
+        let directory = try makeTemporaryDirectory()
+        defer { try? FileManager.default.removeItem(at: directory) }
+
+        try writeSidecarCheckpoint(in: directory)
+
+        // In an async context this resolves to the async overload, which suspends the caller
+        // and runs the load on a global queue instead of blocking a cooperative thread.
+        let model = SidecarDeclaringModel()
+        try await loadWeights(modelDirectory: directory, model: model)
+
+        XCTAssertEqual(model.projector.weight.asArray(Float.self), [1, 2, 3, 4])
+    }
+
+    func testAsyncLoadWeightsPropagatesErrors() async throws {
+        let directory = try makeTemporaryDirectory()
+        defer { try? FileManager.default.removeItem(at: directory) }
+
+        try writeSidecarCheckpoint(in: directory)
+
+        // same undeclared-sidecar failure as the synchronous overload
+        let model = TwoLayerModel()
+        do {
+            try await loadWeights(modelDirectory: directory, model: model)
+            XCTFail("expected the keyNotFound error the synchronous overload throws")
+        } catch {
+            // expected
+        }
+    }
+
     /// Writes a checkpoint whose index names only `model.safetensors` while the head lives in
     /// `projector.safetensors`, the `jinaai/jina-reranker-v3-mlx` layout.
     private func writeSidecarCheckpoint(in directory: URL) throws {

commit 0f25e8605947cd23ca1edcd6885b2507a898d2ac
Author: Christopher Webb <207731778+thechriswebb@users.noreply.github.com>
Date:   Mon Aug 31 18:30:25 2026 -0500

    Report prompt token counts to FoundationModels again (#591)
    
    - Restore the per-response usage update the adapter sends to FoundationModels. A July fix removed it because the beta SDK declared a call the shipping system library did not provide, and every request crashed the moment generation finished.
    - Confirm the mismatch is gone on Xcode 27 beta 6 with the macOS 27 and iOS 27 SDKs. The system library now provides the call, and a real request completes normally.
    - Before this change a caller read zero prompt tokens. Completion tokens were already counted from the streamed text, so totals looked plausible and the loss was easy to miss.
    - Add integration tests for the usage a caller actually reads: a new session starts at zero, one response reports both prompt and completion tokens, a session sums usage across turns, two sessions stay independent, and the streaming path agrees with its final snapshot.
    - Confirm the new tests fail without the restored update and pass with it.
    - Note the new tests need a macOS 27 host, so CI does not run them today.

diff --git a/IntegrationTesting/IntegrationTestingTests/MLXFoundationModelsIntegration/TextGeneration/SessionUsageAccountingTests.swift b/IntegrationTesting/IntegrationTestingTests/MLXFoundationModelsIntegration/TextGeneration/SessionUsageAccountingTests.swift
new file mode 100644
index 0000000..ad52b23
--- /dev/null
+++ b/IntegrationTesting/IntegrationTestingTests/MLXFoundationModelsIntegration/TextGeneration/SessionUsageAccountingTests.swift
@@ -0,0 +1,120 @@
+// Copyright © 2026 Apple Inc.
+
+#if FoundationModelsIntegration && canImport(FoundationModels, _version: 2)
+
+import Testing
+import Foundation
+import FoundationModels
+@testable import MLXFoundationModels
+
+/// Assert on the public `LanguageModelSession.usage`. Check input tokens, not
+/// only a total. The executor notifies `generationObserver` before it sends to
+/// the channel, so an observer-based test passes when the consumer gets
+/// nothing. The framework counts output tokens from text fragments, so a
+/// total-only check passes when input tokens are zero.
+@Suite(.serialized, .timeLimit(.minutes(10)))
+struct SessionUsageAccountingTests {
+
+    @Test
+    func freshSessionReportsZeroUsage() async throws {
+        guard #available(iOS 27.0, macOS 27.0, visionOS 27.0, *) else { return }
+
+        let model = makeTestModel(TestFixtures.defaultModelID)
+        let session = LanguageModelSession(model: model, tools: [], instructions: nil)
+
+        #expect(session.usage.input.totalTokenCount == 0)
+        #expect(session.usage.input.cachedTokenCount == 0)
+        #expect(session.usage.output.totalTokenCount == 0)
+        #expect(session.usage.output.reasoningTokenCount == 0)
+        #expect(session.usage.totalTokenCount == 0)
+    }
+
+    @Test
+    func singleResponseReportsInputAndOutputTokens() async throws {
+        guard #available(iOS 27.0, macOS 27.0, visionOS 27.0, *) else { return }
+
+        let model = makeTestModel(TestFixtures.defaultModelID)
+        let session = LanguageModelSession(model: model, tools: [], instructions: nil)
+
+        let response = try await session.respond(to: "Say 'hi' briefly.")
+        let usage = response.usage
+
+        #expect(
+            usage.input.totalTokenCount > 0,
+            "Zero input tokens means the adapter did not send updateUsage")
+        #expect(usage.output.totalTokenCount > 0)
+        #expect(
+            usage.totalTokenCount == usage.input.totalTokenCount + usage.output.totalTokenCount)
+        #expect(usage.input.cachedTokenCount <= usage.input.totalTokenCount)
+        #expect(usage.output.reasoningTokenCount <= usage.output.totalTokenCount)
+
+        #expect(session.usage.input.totalTokenCount == usage.input.totalTokenCount)
+        #expect(session.usage.output.totalTokenCount == usage.output.totalTokenCount)
+    }
+
+    @Test
+    func sessionSumsUsageAcrossTurns() async throws {
+        guard #available(iOS 27.0, macOS 27.0, visionOS 27.0, *) else { return }
+
+        let model = makeTestModel(TestFixtures.defaultModelID)
+        let session = LanguageModelSession(model: model, tools: [], instructions: nil)
+
+        var expectedInput = 0
+        var expectedOutput = 0
+        var previousTotal = 0
+
+        for prompt in ["Say 'hi' briefly.", "Name one color.", "Name one animal."] {
+            let response = try await session.respond(to: prompt)
+
+            #expect(response.usage.input.totalTokenCount > 0)
+            #expect(response.usage.output.totalTokenCount > 0)
+
+            expectedInput += response.usage.input.totalTokenCount
+            expectedOutput += response.usage.output.totalTokenCount
+
+            #expect(session.usage.input.totalTokenCount == expectedInput)
+            #expect(session.usage.output.totalTokenCount == expectedOutput)
+            #expect(
+                session.usage.totalTokenCount > previousTotal,
+                "Session usage must increase after every response")
+
+            previousTotal = session.usage.totalTokenCount
+        }
+    }
+
+    @Test
+    func separateSessionsDoNotShareUsage() async throws {
+        guard #available(iOS 27.0, macOS 27.0, visionOS 27.0, *) else { return }
+
+        let model = makeTestModel(TestFixtures.defaultModelID)
+        let first = LanguageModelSession(model: model, tools: [], instructions: nil)
+        _ = try await first.respond(to: "Say 'hi' briefly.")
+        #expect(first.usage.totalTokenCount > 0)
+
+        let second = LanguageModelSession(model: model, tools: [], instructions: nil)
+        #expect(second.usage.totalTokenCount == 0)
+    }
+
+    /// The streaming path adds a usage delta for each snapshot. The `respond()`
+    /// path adds one total. The two paths can disagree, so test streaming too.
+    @Test
+    func streamingReportsUsageMatchingFinalSnapshot() async throws {
+        guard #available(iOS 27.0, macOS 27.0, visionOS 27.0, *) else { return }
+
+        let model = makeTestModel(TestFixtures.defaultModelID)
+        let session = LanguageModelSession(model: model, tools: [], instructions: nil)
+
+        var finalSnapshotUsage: LanguageModelSession.Usage?
+        for try await snapshot in session.streamResponse(to: "Say hello in three words.") {
+            finalSnapshotUsage = snapshot.usage
+        }
+
+        let usage = try #require(finalSnapshotUsage)
+        #expect(usage.input.totalTokenCount > 0)
+        #expect(usage.output.totalTokenCount > 0)
+        #expect(session.usage.input.totalTokenCount == usage.input.totalTokenCount)
+        #expect(session.usage.output.totalTokenCount == usage.output.totalTokenCount)
+    }
+}
+
+#endif  // FoundationModelsIntegration
diff --git a/Libraries/MLXFoundationModels/MLXLanguageModel.swift b/Libraries/MLXFoundationModels/MLXLanguageModel.swift
index 74b0a97..1392828 100644
--- a/Libraries/MLXFoundationModels/MLXLanguageModel.swift
+++ b/Libraries/MLXFoundationModels/MLXLanguageModel.swift
@@ -726,39 +726,8 @@ public struct MLXLanguageModel: FoundationModels.LanguageModel, Sendable {
             into channel: LanguageModelExecutorGenerationChannel
         ) async {
             generationObserver?(.updateUsage(input: input, output: output, entryID: entryID))
-
-            // TODO: papering over an FM-27 SDK symbol drift -- restore
-            // the channel usage send (the commented-out call at the end of this
-            // block) once the shipping dylib matches its own interface.
-            //
-            // Usage is intentionally NOT forwarded to the FoundationModels
-            // channel on this SDK. The FM-27 beta `.swiftinterface` declares
-            //   Response.Action.updateUsage(input:output:metadata: = [:])
-            // (three parameters), but the shipping FoundationModels dylib only
-            // exports the older two-parameter
-            //   Response.Action.updateUsage(input:output:)
-            // Because our call relies on the `metadata:` default, the compiler
-            // resolves it to the three-parameter symbol, which does not exist
-            // at runtime. dyld cannot bind it: under chained-fixups linking
-            // (the arm64 default) the reference aborts the process the moment
-            // the image loads, and under lazy binding it faults through null
-            // (SIGSEGV at 0x0) the instant this send executes -- crashing every
-            // `respond()` path right after generation completes.
-            //
-            // A runtime `dlsym` guard cannot save this: the compiled reference
-            // to the missing symbol is enough to abort at launch regardless of
-            // any surrounding check. The only safe option is to not reference
-            // the symbol at all, so no `channel.send(.updateUsage(...))` here.
-            //
-            // Effect: the framework does not receive our per-response usage
-            // event, so consumer-visible usage for these responses may be
-            // absent or zero. Tests still observe usage through
-            // `generationObserver` above. When a later SDK ships a dylib that
-            // matches its interface, restore the send:
-            //   await channel.send(
-            //       .response(
-            //           entryID: entryID,
-            //           action: .updateUsage(input: input, output: output)))
+            await channel.send(
+                .response(entryID: entryID, action: .updateUsage(input: input, output: output)))
         }
 
         static func emitToolCall(

commit 7e9f84b21055131461330712280a7c1c66b09a44
Author: xocialize <dustin.nielson@gmail.com>
Date:   Mon Aug 31 16:25:56 2026 -0700

    Expose Falcon-H1 encoder surface at @_spi(FalconH1Encoder) (#596)
    
    Mirrors the Gemma 3/4 encoder exposures (#387, and the Gemma 4 follow-up) for
    Falcon-H1, so client code can run the decoder stack over an embedding it built
    itself rather than over a single token id.
    
    The motivating case is a DualAR TTS model (Audio8 TTS Preview 0.1b, model_type
    `arktts`, `slow_backbone: falcon_h1`) whose slow-stack input is a text embedding
    summed with ten codec-codebook embeddings. Such a client never has one token id
    to look up, so `FalconH1ModelInner.callAsFunction(_:mask:cache:)` is unreachable
    for it, and today the only options are to fork the file or re-implement the mask
    setup and layer loop against internal details.
    
    Exposed at @_spi(FalconH1Encoder) scope, keeping this off the advertised public
    API of MLXLLM while making it usable outside the module:
      * FalconH1Configuration.hiddenSize / .numHiddenLayers / .rmsNormEps /
        .embeddingMultiplier
      * FalconH1DecoderLayer and its callAsFunction
      * FalconH1ModelInner.init, .embedTokens, .layers, .finalLayerNorm
      * FalconH1ModelInner.callAsFunction(inputsEmbeds:cache:) — new
      * FalconH1ModelInner.callAsFunction(_:mask:cache:) — was internal
    
    `callAsFunction(inputsEmbeds:cache:)` is the seam; the token-id overload now
    delegates to it, so the two paths cannot drift. No behaviour changes for
    existing callers: FalconH1Model still embeds, runs the stack and applies the
    head exactly as before.
    
    `FalconH1ModelInner.init` is exposed because constructing `FalconH1Model` is not
    an equivalent way in: the wrapper adds an `lm_head` whenever
    `tie_word_embeddings` is false, which is the decoded default. A client bringing
    its own head does not want that module and would otherwise have to account for
    it when matching module keys against a checkpoint.
    
    `FalconH1Model.model` and the mask helpers (`createSSMMask`,
    `createAttentionMask`) were already public, and none of the layer's stored
    property types are `private`, so unlike the Gemma 4 change nothing else had to
    widen.
    
    FalconH1EncoderAccessTests proves sufficiency the way the Gemma access tests do:
    it drives the stack using ONLY the exposed surface, importing MLXLLM without
    @testable and opting in via @_spi(FalconH1Encoder). It checks shape,
    determinism, that the seam agrees with the token path, that the layer stack can
    be driven a layer at a time to tap every hidden state, and that the stack
    actually transforms its input — the last so the suite cannot pass on a seam that
    returns its argument or runs zero layers.
    
    One test earns its place beyond access checking. `sanitize()` folds
    `embedding_multiplier` into `embed_tokens.weight`, which is right when the token
    lookup is the only thing entering the stack but is a live trap for a composite-
    embedding client: fold it and add unscaled contributions, and the lookup half is
    scaled while the rest is not. Measured against the PyTorch reference for the
    model above, that is 77% relative error on the embedding and 38% on the final
    hidden state — while still producing plausible audio of the right length, so
    listening does not catch it. testCompositeEmbeddingMultiplierEquivalence pins
    `(raw + other) * m == folded + other * m` and asserts the unscaled-remainder
    variant is observably different, both at the embedding and after the stack, so
    the wrong form cannot quietly become the expected one.
    
    Runs on a tiny randomly-initialized model; no weights are downloaded.
    
    Co-authored-by: Claude Opus 5 <noreply@anthropic.com>

diff --git a/Libraries/MLXLLM/Models/FalconH1.swift b/Libraries/MLXLLM/Models/FalconH1.swift
index 3ba44d9..7e2957b 100644
--- a/Libraries/MLXLLM/Models/FalconH1.swift
+++ b/Libraries/MLXLLM/Models/FalconH1.swift
@@ -20,11 +20,11 @@ public struct FalconH1Configuration: Codable, Sendable {
     var attentionInMultiplier: Float
     var attentionOutMultiplier: Float
     var bosTokenId: Int
-    var embeddingMultiplier: Float
+    @_spi(FalconH1Encoder) public var embeddingMultiplier: Float
     var eosTokenId: Int
     var headDim: Int
     var hiddenAct: String
-    var hiddenSize: Int
+    @_spi(FalconH1Encoder) public var hiddenSize: Int
     var initializerRange: Float
     var intermediateSize: Int?
     var keyMultiplier: Float
@@ -48,12 +48,12 @@ public struct FalconH1Configuration: Codable, Sendable {
     var mlpMultipliers: [Float]
     var modelType: String
     var numAttentionHeads: Int
-    var numHiddenLayers: Int
+    @_spi(FalconH1Encoder) public var numHiddenLayers: Int
     var numKeyValueHeads: Int
     var numLogitsToKeep: Int
     var padTokenId: Int
     var projectorsBias: Bool
-    var rmsNormEps: Float
+    @_spi(FalconH1Encoder) public var rmsNormEps: Float
     var ropeTraditional: Bool
     var ropeScaling: Float?
     var ropeTheta: Float
@@ -567,7 +567,12 @@ class FalconH1MLP: Module, UnaryLayer {
 
 // MARK: - DecoderLayer
 
-class FalconH1DecoderLayer: Module {
+/// One Falcon-H1 decoder layer (Mamba-2 mixer + attention + MLP, run in parallel).
+///
+/// Exposed at `@_spi(FalconH1Encoder)` scope so opted-in client code can drive the layer
+/// stack directly, keeping it off the advertised public API of MLXLLM. Mirrors the Gemma
+/// encoder exposures.
+@_spi(FalconH1Encoder) public class FalconH1DecoderLayer: Module {
     @ModuleInfo(key: "feed_forward") var feedForward: FalconH1MLP
     @ModuleInfo(key: "mamba") var mamba: FalconH1Mixer
     @ModuleInfo(key: "self_attn") var attention: FalconH1Attention
@@ -591,7 +596,7 @@ class FalconH1DecoderLayer: Module {
         )
     }
 
-    func callAsFunction(
+    @_spi(FalconH1Encoder) public func callAsFunction(
         _ h: MLXArray,
         cache: CacheList?,
         attnMask: MLXFast.ScaledDotProductAttentionMaskMode,
@@ -625,12 +630,17 @@ public class FalconH1ModelInner: Module {
     let hiddenSize: Int
 
     let _mupVector: MLXArray
-    let layers: [FalconH1DecoderLayer]
+    @_spi(FalconH1Encoder) public let layers: [FalconH1DecoderLayer]
 
-    @ModuleInfo(key: "embed_tokens") var embedTokens: Embedding
-    @ModuleInfo(key: "final_layernorm") var finalLayerNorm: RMSNorm
+    @_spi(FalconH1Encoder) @ModuleInfo(key: "embed_tokens") public var embedTokens: Embedding
+    @_spi(FalconH1Encoder) @ModuleInfo(key: "final_layernorm") public var finalLayerNorm: RMSNorm
 
-    init(_ args: FalconH1Configuration) {
+    /// Exposed at `@_spi(FalconH1Encoder)` so a client can build the decoder stack on its
+    /// own, without `FalconH1Model`'s head. Constructing the wrapper instead is not
+    /// equivalent: it adds an `lm_head` whenever `tie_word_embeddings` is false (the
+    /// decoded default), which a client supplying its own head does not want and would
+    /// have to account for when matching module keys against a checkpoint.
+    @_spi(FalconH1Encoder) public init(_ args: FalconH1Configuration) {
         self.args = args
         self.vocabSize = args.vocabSize
         self.hiddenSize = args.hiddenSize
@@ -645,10 +655,39 @@ public class FalconH1ModelInner: Module {
         _finalLayerNorm.wrappedValue = RMSNorm(dimensions: hiddenSize, eps: args.rmsNormEps)
     }
 
-    func callAsFunction(_ inputs: MLXArray, mask: MLXArray? = nil, cache: [CacheList]? = nil)
-        -> MLXArray
-    {
-        var h = embedTokens(inputs)
+    /// Run the decoder stack over token ids, returning the final hidden state.
+    ///
+    /// Exposed at `@_spi(FalconH1Encoder)` alongside
+    /// ``callAsFunction(inputsEmbeds:cache:)`` so a client can reach hidden states rather
+    /// than logits, and can check its own composite-embedding path against the plain
+    /// token path.
+    @_spi(FalconH1Encoder) public func callAsFunction(
+        _ inputs: MLXArray, mask: MLXArray? = nil, cache: [CacheList]? = nil
+    ) -> MLXArray {
+        callAsFunction(inputsEmbeds: embedTokens(inputs), cache: cache)
+    }
+
+    /// Run the decoder stack over an already-computed input embedding.
+    ///
+    /// Exposed at `@_spi(FalconH1Encoder)` scope for models that build their own slow-stack
+    /// input rather than looking up a single token — for example a DualAR TTS model whose
+    /// input is a text embedding summed with several codebook embeddings. Such a client
+    /// cannot go through ``callAsFunction(_:mask:cache:)`` because it never has a single
+    /// token id to embed.
+    ///
+    /// - Important: ``FalconH1Model/sanitize(weights:)`` folds `embedding_multiplier` into
+    ///   `embed_tokens.weight`, which is correct when the token lookup is the only thing
+    ///   entering the stack. A client passing a COMPOSITE embedding must account for the
+    ///   multiplier over the whole composite. Either scale every non-`embedTokens`
+    ///   contribution by `embeddingMultiplier` before summing (so the folded lookup and the
+    ///   scaled remainder agree), or load an unfolded table and scale the sum. The two are
+    ///   algebraically identical — `(raw + other) * m == folded + other * m` — but mixing
+    ///   them silently leaves one half unscaled, which degrades output without any shape or
+    ///   load error to catch it.
+    @_spi(FalconH1Encoder) public func callAsFunction(
+        inputsEmbeds: MLXArray, cache: [CacheList]? = nil
+    ) -> MLXArray {
+        var h = inputsEmbeds
 
         let cache: [CacheList?] = cache ?? Array(repeating: nil, count: layers.count)
 
diff --git a/Tests/MLXLMTests/FalconH1EncoderAccessTests.swift b/Tests/MLXLMTests/FalconH1EncoderAccessTests.swift
new file mode 100644
index 0000000..66efb71
--- /dev/null
+++ b/Tests/MLXLMTests/FalconH1EncoderAccessTests.swift
@@ -0,0 +1,158 @@
+// Copyright © 2026 Apple Inc.
+
+import Foundation
+import MLX
+@_spi(FalconH1Encoder) import MLXLLM
+import MLXLMCommon
+import XCTest
+
+/// Proves the `@_spi(FalconH1Encoder)` surface is sufficient for a client that builds its
+/// own slow-stack input — the DualAR-TTS shape, where the embedding entering the stack is a
+/// text embedding summed with several codebook embeddings rather than one token lookup.
+///
+/// Deliberately imports MLXLLM WITHOUT `@testable`, so the suite fails to compile if any
+/// piece of the needed surface stops being exposed. Runs on a tiny randomly-initialized
+/// model; no weights are downloaded.
+final class FalconH1EncoderAccessTests: XCTestCase {
+
+    private func tinyConfiguration(embeddingMultiplier: Float = 0.125) throws
+        -> FalconH1Configuration
+    {
+        let json = """
+            {
+                "model_type": "falcon_h1",
+                "hidden_size": 32,
+                "num_hidden_layers": 2,
+                "num_attention_heads": 4,
+                "num_key_value_heads": 2,
+                "head_dim": 8,
+                "vocab_size": 100,
+                "mamba_d_ssm": 16,
+                "mamba_d_state": 8,
+                "mamba_d_head": 8,
+                "mamba_n_heads": 2,
+                "mamba_n_groups": 1,
+                "mamba_d_conv": 4,
+                "mamba_chunk_size": 64,
+                "embedding_multiplier": \(embeddingMultiplier)
+            }
+            """.data(using: .utf8)!
+        return try JSONDecoder.json5().decode(FalconH1Configuration.self, from: json)
+    }
+
+    // MARK: - The seam
+
+    /// A composite embedding runs through the stack and produces a well-formed hidden state.
+    func testInputsEmbedsEntryPointRunsTheStack() throws {
+        let config = try tinyConfiguration()
+        let model = FalconH1Model(config)
+        let inner = model.model
+
+        let (batch, length) = (1, 5)
+        let embeds = MLXRandom.normal([batch, length, config.hiddenSize])
+        let out = inner(inputsEmbeds: embeds)
+        eval(out)
+
+        XCTAssertEqual(out.shape, [batch, length, config.hiddenSize])
+        // The stack must actually transform the input — otherwise this test would pass on a
+        // seam that returned its argument (or ran zero layers).
+        XCTAssertGreaterThan(
+            (out - embeds).abs().max().item(Float.self), 1e-3,
+            "the layer stack did not transform the injected embedding")
+    }
+
+    /// Deterministic for identical input.
+    func testInputsEmbedsIsDeterministic() throws {
+        let config = try tinyConfiguration()
+        let inner = FalconH1Model(config).model
+
+        let embeds = MLXRandom.normal([1, 4, config.hiddenSize])
+        let a = inner(inputsEmbeds: embeds)
+        let b = inner(inputsEmbeds: embeds)
+        eval(a, b)
+        XCTAssertEqual((a - b).abs().max().item(Float.self), 0.0)
+    }
+
+    /// The token path and the seam agree when the seam is fed the same embedding the token
+    /// path would have built. This is what makes the seam a refactor rather than a fork.
+    func testInputsEmbedsMatchesTokenPath() throws {
+        let config = try tinyConfiguration()
+        let inner = FalconH1Model(config).model
+
+        let ids = MLXArray([3, 17, 42, 8]).reshaped([1, 4])
+        let viaTokens = inner(ids)
+        let viaEmbeds = inner(inputsEmbeds: inner.embedTokens(ids))
+        eval(viaTokens, viaEmbeds)
+
+        XCTAssertLessThan((viaTokens - viaEmbeds).abs().max().item(Float.self), 1e-5)
+    }
+
+    // MARK: - The multiplier trap
+
+    /// `(raw + other) * m == folded + other * m`.
+    ///
+    /// `sanitize()` folds `embedding_multiplier` into `embed_tokens.weight`, so a client
+    /// summing extra contributions onto the folded lookup must scale those contributions
+    /// too. This test pins that equivalence, and — by construction — fails if someone
+    /// "simplifies" a composite-embedding client to add unscaled contributions: that
+    /// variant is computed here and asserted to be DIFFERENT, so the trap cannot quietly
+    /// become the expected behaviour.
+    func testCompositeEmbeddingMultiplierEquivalence() throws {
+        let multiplier: Float = 0.125
+        let config = try tinyConfiguration(embeddingMultiplier: multiplier)
+        let inner = FalconH1Model(config).model
+
+        let ids = MLXArray([5, 11, 2]).reshaped([1, 3])
+        let raw = inner.embedTokens(ids)
+        let other = MLXRandom.normal([1, 3, config.hiddenSize])
+
+        let folded = raw * multiplier  // what sanitize() would bake into the table
+        let correctA = (raw + other) * multiplier  // unfolded table, scale the sum
+        let correctB = folded + other * multiplier  // folded table, scale the remainder
+        let wrong = folded + other  // folded table, remainder left unscaled
+        eval(correctA, correctB, wrong)
+
+        XCTAssertLessThan(
+            (correctA - correctB).abs().max().item(Float.self), 1e-6,
+            "the two correct orderings must agree")
+        XCTAssertGreaterThan(
+            (correctA - wrong).abs().max().item(Float.self), 1e-3,
+            "leaving the non-lookup contribution unscaled must be observably different")
+
+        // And the difference survives the stack, so it is a real output error rather than
+        // something the first layer norm washes out.
+        let outCorrect = inner(inputsEmbeds: correctA)
+        let outWrong = inner(inputsEmbeds: wrong)
+        eval(outCorrect, outWrong)
+        XCTAssertGreaterThan(
+            (outCorrect - outWrong).abs().max().item(Float.self), 1e-3,
+            "the unscaled-remainder error must be visible in the stack output")
+    }
+
+    // MARK: - Layer-level access
+
+    /// A client can also drive the layers itself, e.g. to tap every hidden state.
+    func testLayerStackIsDrivableDirectly() throws {
+        let config = try tinyConfiguration()
+        let inner = FalconH1Model(config).model
+
+        var h = MLXRandom.normal([1, 4, config.hiddenSize])
+        var states: [MLXArray] = [h]
+        let caches: [CacheList?] = Array(repeating: nil, count: inner.layers.count)
+        let mambaMask = createSSMMask(h: h, cache: nil)
+        let attnMask = createAttentionMask(h: h, cache: nil)
+        for (layer, cache) in zip(inner.layers, caches) {
+            h = layer(h, cache: cache, attnMask: attnMask, mambaMask: mambaMask)
+            states.append(h)
+        }
+        let out = inner.finalLayerNorm(h)
+        eval(out, states.last!)
+
+        XCTAssertEqual(states.count, config.numHiddenLayers + 1)
+        XCTAssertEqual(out.shape, [1, 4, config.hiddenSize])
+        // Same result as the seam, reached the long way round.
+        let viaSeam = inner(inputsEmbeds: states[0])
+        eval(viaSeam)
+        XCTAssertLessThan((out - viaSeam).abs().max().item(Float.self), 1e-5)
+    }
+}
